A0A059WI14	GO:0005576	0.534
A0A059WI14	GO:0005828	0.489
A0A067N648	GO:0005576	0.517
A0A067N7P3	GO:0005576	0.440
A0A067NFU6	GO:0005576	0.392
A0A067NGV3	GO:0005576	0.564
A0A067NHE1	GO:0005576	0.512
A0A067NHW8	GO:0005576	0.547
A0A067NMT6	GO:0005576	0.381
A0A067NN74	GO:0005576	0.503
A0A067P1K6	GO:0005576	0.360
A0A067P494	GO:0005828	0.435
A0A067P943	GO:0005737	0.395
A0A067PCX8	GO:0005576	0.341
A0A075D654	GO:0005737	0.327
A0A075D654	GO:0005828	0.690
A0A075D6M1	GO:0005828	0.679
A0A087WWS6	GO:0005576	0.600
A0A089LCJ8	GO:0005828	0.488
A0A089MMR2	GO:0005828	0.604
A0A0A2IC94	GO:0005576	0.321
A0A0A2J434	GO:0005576	0.693
A0A0A2J9B3	GO:0005633	0.659
A0A0A2J9B3	GO:0005652	0.548
A0A0A2J9B3	GO:0090406	0.571
A0A0A2JSZ6	GO:0005737	0.454
A0A0A2K253	GO:0005576	0.322
A0A0A2K6S6	GO:0005633	0.390
A0A0A2K6S6	GO:0005828	0.480
A0A0A2K7M3	GO:0005828	0.345
A0A0A2KI06	GO:0005576	0.504
A0A0A8X0K1	GO:0005736	0.316
A0A0A8X0K1	GO:0005828	0.750
A0A0A8X5N4	GO:0005737	0.500
A0A0A8X5N4	GO:0005828	0.316
A0A0B5JC15	GO:0005828	0.430
A0A0C3D4E3	GO:0005576	0.706
A0A0D1C4X3	GO:0005737	0.521
A0A0D1C4X3	GO:0005828	0.337
A0A0D6DQE6	GO:0005576	0.404
A0A0D6DQE6	GO:0065010	0.301
A0A0E0S0W9	GO:0005736	0.325
A0A0E0S0W9	GO:0005828	0.351
A0A0E1RWJ5	GO:0005828	0.317
A0A0E1RWL5	GO:0005828	0.463
A0A0E1RXK8	GO:0005633	0.450
A0A0E1RXK8	GO:0005736	0.357
A0A0E1RXK8	GO:0005828	0.806
A0A0F4YI33	GO:0005633	0.401
A0A0F4YI33	GO:0005828	0.849
A0A0F6B281	GO:0005828	0.702
A0A0F6B5X3	GO:0005828	0.713
A0A0F6B5X3	GO:0031010	0.355
A0A0F6B5X4	GO:0005736	0.335
A0A0F6B5X4	GO:0005828	0.419
A0A0F6B8D8	GO:0005828	0.658
A0A0F6BAH8	GO:0005828	0.412
A0A0F6BAH9	GO:0005828	0.672
A0A0F7TWW9	GO:0005828	0.701
A0A0F7TZ11	GO:0005782	0.369
A0A0F9X418	GO:0005633	0.419
A0A0F9X418	GO:0005828	0.375
A0A0G4PJR9	GO:0005576	0.356
A0A0H2X5R2	GO:0005828	0.598
A0A0H2X6L3	GO:0005828	0.389
A0A0H2XAU1	GO:0005576	0.600
A0A0H2XAU1	GO:0005828	0.388
A0A0H3DN66	GO:0005828	0.458
A0A0H3HFP3	GO:0005737	0.574
A0A0H3HYU6	GO:0005828	0.496
A0A0H3KA40	GO:0005885	0.503
A0A0H3LSV1	GO:0005828	0.502
A0A0J9U5N0	GO:0005633	0.567
A0A0J9UJP6	GO:0005576	0.335
A0A0J9UJP6	GO:0005737	0.398
A0A0J9UPF5	GO:0005633	0.398
A0A0J9UPF5	GO:0005652	0.318
A0A0J9UPF5	GO:0005828	0.547
A0A0J9WG94	GO:0005633	0.759
A0A0L1JEX1	GO:0005828	0.624
A0A0L1JEZ9	GO:0005633	0.357
A0A0L1JEZ9	GO:0005828	0.518
A0A0L1JF11	GO:0005828	0.388
A0A0L1JF88	GO:0005736	0.511
A0A0L1JF88	GO:0005828	0.690
A0A0L1JG62	GO:0005828	0.583
A0A0L8FVQ9	GO:0005782	0.634
A0A0M4JNZ0	GO:0005885	0.388
A0A0M8MW83	GO:0005782	0.451
A0A0M8MW83	GO:0005788	0.304
A0A0M8MZA1	GO:0005633	0.415
A0A0M8MZA1	GO:0005736	0.317
A0A0M8MZA1	GO:0005828	0.524
A0A0M8N026	GO:0005782	0.318
A0A0M8N4S6	GO:0005828	0.498
A0A0M8N4S6	GO:0065010	0.301
A0A0M8N4Y4	GO:0005828	0.493
A0A0M8N8I0	GO:0005633	0.502
A0A0M8N8I0	GO:0005828	0.778
A0A0M8N9N3	GO:0005633	0.340
A0A0M8N9N3	GO:0005828	0.748
A0A0M8N9Q3	GO:0005828	0.304
A0A0M9VUG7	GO:0005782	0.421
A0A0M9VUG7	GO:0005788	0.353
A0A0M9VUI4	GO:0005633	0.457
A0A0M9VUI4	GO:0005828	0.866
A0A0M9VUP1	GO:0005828	0.361
A0A0M9VX54	GO:0005828	0.472
A0A0M9VX70	GO:0005828	0.654
A0A0M9VX84	GO:0005576	0.302
A0A0M9VX84	GO:0005828	0.363
A0A0M9VX85	GO:0005828	0.318
A0A0M9VXC7	GO:0005828	0.805
A0A0N0RTK4	GO:0005828	0.648
A0A0N7KBN8	GO:0005576	0.344
A0A0P0UTJ1	GO:0005576	0.310
A0A0Q9K4R6	GO:0005633	0.534
A0A0Q9K4R6	GO:0005736	0.414
A0A0Q9K4R6	GO:0005828	0.644
A0A0Q9K529	GO:0005576	0.371
A0A0Q9K529	GO:0005736	0.322
A0A0Q9K529	GO:0005828	0.647
A0A0Q9K5G9	GO:0005828	0.823
A0A0Q9KFZ4	GO:0005633	0.397
A0A0Q9KFZ4	GO:0005828	0.666
A0A0U3AB61	GO:0005736	0.347
A0A0U3AB61	GO:0005828	0.646
A0A0U3CEN8	GO:0005736	0.439
A0A0U3CEN8	GO:0005828	0.348
A0A0U3S9Q3	GO:0005633	0.376
A0A0U3S9Q3	GO:0005828	0.624
A0A0U4AHM6	GO:0005736	0.338
A0A0U4AHM6	GO:0005828	0.800
A0A0U4BHM2	GO:0005633	0.359
A0A0U4BHM2	GO:0005736	0.371
A0A0U4BHM2	GO:0005828	0.608
A0A125YIC2	GO:0005828	0.312
A0A125YQJ0	GO:0005828	0.369
A0A125YS62	GO:0005828	0.629
A0A125YYB5	GO:0005633	0.341
A0A140GN71	GO:0005633	0.411
A0A140GN71	GO:0005828	0.870
A0A161YAH9	GO:0005576	0.404
A0A161YAH9	GO:0005736	0.482
A0A161YAH9	GO:0005828	0.647
A0A162LR42	GO:0005633	0.390
A0A162P542	GO:0005828	0.589
A0A162P552	GO:0005782	0.606
A0A162P552	GO:0005788	0.547
A0A172QE52	GO:0005828	0.840
A0A194VNL2	GO:0005633	0.412
A0A194VNL2	GO:0005652	0.453
A0A194VNL2	GO:0005736	0.330
A0A194VNL2	GO:0005828	0.486
A0A194VQN7	GO:0005828	0.582
A0A194VR61	GO:0005828	0.522
A0A194VTS2	GO:0005828	0.518
A0A194VU23	GO:0005782	0.446
A0A194VUA1	GO:0005828	0.722
A0A194VXQ8	GO:0005828	0.654
A0A194VYT4	GO:0005633	0.482
A0A194VYT4	GO:0005828	0.501
A0A194VZB5	GO:0005736	0.368
A0A194VZB5	GO:0005828	0.506
A0A194W5I0	GO:0005828	0.526
A0A194WAB9	GO:0005828	0.340
A0A194WDG1	GO:0005736	0.443
A0A194WDG1	GO:0005828	0.568
A0A1B0GRQ3	GO:0005828	0.568
A0A1B0GWI6	GO:0005633	0.491
A0A1B5KW97	GO:0005828	0.479
A0A1D8PCT5	GO:0005782	0.417
A0A1D8PCT7	GO:0005782	0.646
A0A1D8PE43	GO:0005633	0.768
A0A1D8PGF3	GO:0005633	0.340
A0A1D8PI22	GO:0005736	0.343
A0A1D8PI22	GO:0005828	0.336
A0A1D8PMB8	GO:0005828	0.601
A0A1D8PMQ3	GO:0005782	0.609
A0A1D8PMQ3	GO:0005793	0.429
A0A1D8PPQ3	GO:0005633	0.330
A0A1D8PSC7	GO:0005633	0.578
A0A1D9PXD2	GO:0005828	0.314
A0A1D9PYE1	GO:0005828	0.394
A0A1D9Q0B7	GO:0005633	0.608
A0A1D9Q0B7	GO:0005828	0.512
A0A1D9QBH7	GO:0005633	0.362
A0A1D9QBH7	GO:0005736	0.353
A0A1D9QBH7	GO:0005828	0.563
A0A1D9QGL5	GO:0005828	0.509
A0A1D9QMS2	GO:0005828	0.320
A0A1E3M8P2	GO:0005633	0.730
A0A1E3M8P2	GO:0005828	0.846
A0A1F5L592	GO:0005828	0.487
A0A1H1YBL2	GO:0005828	0.833
A0A1I1NU16	GO:0005828	0.379
A0A1I1NU27	GO:0005828	0.458
A0A1I1P074	GO:0005828	0.636
A0A1I1P2K9	GO:0005828	0.432
A0A1I9QLC3	GO:0005576	0.352
A0A1I9QLC4	GO:0005576	0.378
A0A1I9QLC5	GO:0005576	0.336
A0A1I9QLC6	GO:0005576	0.567
A0A1I9QLC7	GO:0005576	0.449
A0A1I9QLD1	GO:0005576	0.320
A0A1L7NVA6	GO:0005828	0.441
A0A1L8F8I9	GO:0005633	0.345
A0A1L9X983	GO:0005782	0.417
A0A1L9X985	GO:0005828	0.480
A0A1L9X986	GO:0005633	0.623
A0A1L9X999	GO:0005828	0.567
A0A1L9X9G5	GO:0005828	0.503
A0A1L9X9H4	GO:0005576	0.789
A0A1Q5Q699	GO:0005633	0.383
A0A1Q5Q699	GO:0005828	0.370
A0A1S4FD88	GO:0005885	0.308
A0A1U8CC89	GO:0005633	0.397
A0A1U8CC89	GO:0005736	0.392
A0A1U8CC89	GO:0005828	0.708
A0A1V6KBG7	GO:0005828	0.693
A0A218P055	GO:0005828	0.721
A0A219TTW8	GO:0005576	0.700
A0A223GB52	GO:0005828	0.337
A0A223GEB2	GO:0005828	0.374
A0A223HDH4	GO:0005633	0.328
A0A223HDH4	GO:0005736	0.410
A0A223HDH4	GO:0005828	0.662
A0A223HDI5	GO:0005737	0.327
A0A223HDI5	GO:0005776	0.341
A0A223HDI5	GO:0005828	0.465
A0A224AU14	GO:0005828	0.764
A0A224AUB0	GO:0005828	0.574
A0A261GRE4	GO:0005633	0.467
A0A261GRE4	GO:0005736	0.304
A0A261GRE4	GO:0005828	0.475
A0A261GVB1	GO:0005633	0.476
A0A261GVB1	GO:0005736	0.308
A0A261GVB1	GO:0005828	0.761
A0A287BIW9	GO:0005927	0.376
A0A2G0QDN4	GO:0005736	0.354
A0A2G0QDN4	GO:0005828	0.473
A0A2G0QDP0	GO:0005828	0.679
A0A2H0ZWD0	GO:0005633	0.662
A0A2H0ZYD3	GO:0005828	0.666
A0A2H1K3G9	GO:0005828	0.840
A0A2H4S6M4	GO:0005828	0.305
A0A2H4SBS0	GO:0005576	0.358
A0A2H4SHM4	GO:0005576	0.576
A0A2H4SI69	GO:0005576	0.676
A0A2K3D179	GO:0005633	0.451
A0A2K3D179	GO:0005736	0.315
A0A2K3D179	GO:0005828	0.457
A0A2P5I554	GO:0005828	0.855
A0A2T1AE85	GO:0005828	0.911
A0A2T3YYV2	GO:0005576	0.554
A0A2T3Z3L3	GO:0005576	0.528
A0A2T3ZAF2	GO:0005576	0.569
A0A2T3ZC06	GO:0005576	0.581
A0A2T3ZCF4	GO:0005576	0.361
A0A2T3ZJ73	GO:0005633	0.315
A0A2T3ZJ73	GO:0005828	0.454
A0A2T3ZJV9	GO:0005576	0.695
A0A2T3ZKC8	GO:0005576	0.576
A0A2Z5P0W7	GO:0005828	0.618
A0A2Z5U367	GO:0005828	0.511
A0A2Z5U368	GO:0005633	0.308
A0A2Z5U368	GO:0005736	0.481
A0A2Z5U368	GO:0005828	0.771
A0A2Z5U3C2	GO:0005782	0.401
A0A2Z5U3C2	GO:0005788	0.357
A0A2Z5U507	GO:0005633	0.470
A0A2Z5U507	GO:0005652	0.508
A0A2Z5U507	GO:0005828	0.592
A0A2Z5U6I9	GO:0005576	0.344
A0A2Z5U6I9	GO:0005787	0.706
A0A2Z5UFJ1	GO:0005828	0.661
A0A2Z5UHX0	GO:0005828	0.341
A0A2Z6E8J2	GO:0005782	0.658
A0A2Z6E8J6	GO:0005828	0.597
A0A2Z6E914	GO:0005576	0.429
A0A2Z6E9B9	GO:0005828	0.478
A0A2Z6E9C0	GO:0005782	0.391
A0A2Z6E9C0	GO:0005788	0.315
A0A364LYQ6	GO:0005828	0.432
A0A364MYA3	GO:0005736	0.371
A0A364MYA3	GO:0005828	0.526
A0A364MYU4	GO:0005828	0.534
A0A384J6C4	GO:0005885	0.463
A0A384JA57	GO:0005576	0.381
A0A384JJM8	GO:0005576	0.482
A0A384JW35	GO:0005576	0.627
A0A384JXV5	GO:0005576	0.342
A0A384K116	GO:0005576	0.374
A0A384K474	GO:0005576	0.345
A0A384KFT0	GO:0005828	0.771
A0A384L0Y7	GO:0005828	0.441
A0A385XI11	GO:0005633	0.619
A0A385XI11	GO:0005736	0.435
A0A385XI11	GO:0005828	0.786
A0A385XI13	GO:0005828	0.691
A0A385XIL0	GO:0005633	0.877
A0A3A4NVY7	GO:0005736	0.390
A0A3A4NVY7	GO:0005828	0.790
A0A3F2YLV2	GO:0005828	0.460
A0A3G1DJL7	GO:0005576	0.524
A0A3G1DJQ2	GO:0005576	0.585
A0A3N2PQC3	GO:0005576	0.388
A0A3Q7EKL1	GO:0005633	0.367
A0A3Q7GZ09	GO:0005828	0.371
A0A3Q7JAD9	GO:0005885	0.320
A0A3R5XUE6	GO:0005828	0.519
A0A3S6I186	GO:0005576	0.326
A0A410UD22	GO:0005787	0.350
A0A423V942	GO:0005828	0.425
A0A423VH03	GO:0005633	0.545
A0A423VUD1	GO:0005633	0.433
A0A423VUD1	GO:0005828	0.480
A0A423VWI2	GO:0005576	0.425
A0A423W697	GO:0005736	0.381
A0A423WA64	GO:0005828	0.318
A0A423WHI6	GO:0005737	0.477
A0A429XC68	GO:0005828	0.645
A0A429XCI2	GO:0005614	0.402
A0A429XCI2	GO:0005736	0.376
A0A429XCI2	GO:0005828	0.723
A0A429XDI3	GO:0005736	0.305
A0A429XDI3	GO:0005828	0.756
A0A436ZWN6	GO:0005885	0.357
A0A436ZYJ3	GO:0005885	0.520
A0A437A6S9	GO:0005828	0.418
A0A437AER2	GO:0005828	0.374
A0A455LJ99	GO:0005633	0.709
A0A455LJ99	GO:0005828	0.352
A0A455ZIK8	GO:0005633	0.347
A0A455ZIK8	GO:0005736	0.378
A0A455ZIK8	GO:0005828	0.597
A0A455ZJD4	GO:0005736	0.300
A0A455ZJD4	GO:0005828	0.606
A0A455ZJM4	GO:0005576	0.349
A0A455ZJM4	GO:0005828	0.639
A0A455ZKR7	GO:0005828	0.564
A0A455ZLR3	GO:0005828	0.308
A0A455ZMR3	GO:0005633	0.405
A0A455ZMR3	GO:0005828	0.536
A0A482PJF5	GO:0005633	0.515
A0A482PJF5	GO:0005828	0.396
A0A482PJY4	GO:0005828	0.447
A0A482PUS2	GO:0005633	0.395
A0A499W357	GO:0005828	0.823
A0A4P1LYB6	GO:0005828	0.660
A0A4S4DBB3	GO:0005736	0.314
A0A4S4DBB3	GO:0005828	0.363
A0A4S4ESS1	GO:0005828	0.367
A0A4V6M8U2	GO:0005782	0.360
A0A509AG11	GO:0005633	0.564
A0A509AL23	GO:0005782	0.398
A0A509AM03	GO:0005782	0.340
A0A509ARF0	GO:0005633	0.562
A0A559KX76	GO:0005633	0.319
A0A559KX76	GO:0005828	0.620
A0A565D474	GO:0005828	0.627
A0A565D475	GO:0005736	0.387
A0A565D475	GO:0005828	0.698
A0A565D477	GO:0005736	0.380
A0A565D477	GO:0005828	0.746
A0A5B8X6B5	GO:0005828	0.494
A0A5B8X6S2	GO:0005828	0.642
A0A5B8X7H4	GO:0005828	0.551
A0A5B8X840	GO:0005576	0.415
A0A5B8X8Z0	GO:0005828	0.709
A0A5B8XAH0	GO:0005828	0.790
A0A5B8XC60	GO:0005828	0.391
A0A5B9G902	GO:0005633	0.532
A0A5B9GBF0	GO:0005633	0.378
A0A5C0SBK3	GO:0005736	0.332
A0A5C0SBK3	GO:0005828	0.726
A0A5C1J0Z8	GO:0005576	0.340
A0A5N6H279	GO:0005633	0.526
A0A5N6TQK6	GO:0005828	0.643
A0A5N6TQK8	GO:0005576	0.309
A0A5N6TQK8	GO:0005828	0.697
A0A5N6TQL1	GO:0005828	0.645
A0A5N6TQN5	GO:0005828	0.366
A0A5N6TQS7	GO:0005828	0.604
A0A5N6TR74	GO:0005828	0.729
A0A6A6H2E0	GO:0005828	0.452
A0A6B9HEI0	GO:0005828	0.632
A0A6I8TI61	GO:0005885	0.332
A0A6M3YMB5	GO:0005828	0.428
A0A6P3DGX7	GO:0005576	0.364
A0A6P3DHB8	GO:0005576	0.490
A0A6P3DHB8	GO:0005614	0.315
A0A6V8GY66	GO:0005885	0.344
A0A6V8H007	GO:0005782	0.336
A0A6V8H007	GO:0005788	0.572
A0A7J6JYH3	GO:0005633	0.445
A0A7J6JYH3	GO:0005828	0.334
A0A7J6K0L7	GO:0005633	0.390
A0A7J6K0L7	GO:0005828	0.406
A0A7J6K452	GO:0005782	0.346
A0A7J6K463	GO:0005828	0.326
A0A7J6K5A8	GO:0005828	0.454
A0A7J6K9S4	GO:0005652	0.306
A0A7J6K9S4	GO:0005828	0.725
A0A7J6KCX5	GO:0005793	0.347
A0A7J6KEV6	GO:0005828	0.362
A0A7J6KF92	GO:0005633	0.526
A0A7M4EAX1	GO:0005828	0.410
A0A7M6W5F9	GO:0005576	0.319
A0A7R7WPS5	GO:0005736	0.331
A0A7R7WPS5	GO:0005828	0.745
A0A7R7WPZ6	GO:0005736	0.429
A0A7R7WPZ6	GO:0005828	0.729
A0A7S7NT01	GO:0005576	0.521
A0A7T8F1I4	GO:0005782	0.304
A0A7T8F1J6	GO:0005828	0.650
A0A7T8F1J7	GO:0005576	0.358
A0A7T8F1J7	GO:0005633	0.328
A0A7T8F1J7	GO:0005828	0.529
A0A7T8F1L1	GO:0005828	0.516
A0A7T8F1L3	GO:0005652	0.340
A0A7T8F1L3	GO:0005828	0.716
A0A7T8F1L4	GO:0005736	0.454
A0A7T8F1L4	GO:0005828	0.701
A0A7T8F1M6	GO:0005828	0.701
A0A7T8F1M9	GO:0005633	0.409
A0A7T8F1M9	GO:0005828	0.520
A0A7T8F1N2	GO:0005828	0.711
A0A7T8J1U7	GO:0005828	0.481
A0A7T8J1Z8	GO:0005828	0.643
A0A7U2EUY6	GO:0005633	0.684
A0A7U2I117	GO:0005633	0.610
A0A7U2I117	GO:0005652	0.350
A0A7U2MMF3	GO:0005828	0.593
A0A7U2QXW1	GO:0005633	0.471
A0A7V4WV16	GO:0005828	0.810
A0A8B0M5T9	GO:0005633	0.313
A0A8B0M5T9	GO:0005828	0.429
A0A8B0M616	GO:0005828	0.557
A0A8B0M623	GO:0005828	0.673
A0A8B0M728	GO:0005736	0.334
A0A8B0M728	GO:0005828	0.561
A0A8B0M9A0	GO:0005828	0.523
A0A8B0M9S7	GO:0005828	0.836
A0A8B0M9S9	GO:0005828	0.728
A0A8B0M9T7	GO:0005633	0.303
A0A8B0M9T7	GO:0005736	0.327
A0A8B0M9T7	GO:0005828	0.803
A0A8B0M9X4	GO:0005736	0.314
A0A8B0M9X4	GO:0005828	0.733
A0A8B0M9Z0	GO:0005576	0.339
A0A8B0M9Z0	GO:0005828	0.373
A0A8D0I1K1	GO:0005633	0.426
A0A8H8CFI5	GO:0005633	0.452
A0A8I3PMN2	GO:0005633	0.453
A0A8I3PMN2	GO:0005652	0.414
A0A8I3PMN2	GO:0005828	0.493
A0A8I5ZM56	GO:0005818	0.420
A0A8I6ASZ5	GO:0005652	0.342
A0A8I6ASZ5	GO:0005828	0.480
A0A8I6G2K8	GO:0005828	0.353
A0A8J1LLF7	GO:0005828	0.399
A0A8M1PLI9	GO:0005737	0.546
A0A8M1PLI9	GO:0005828	0.580
A0A8M9P821	GO:0005633	0.704
A0A974H8H3	GO:0005828	0.429
A0A974HZL0	GO:0005633	0.460
A0A9B0BQN9	GO:0005576	0.344
A0A9B2JT35	GO:0005576	0.383
A0A9E8S4N7	GO:0005576	0.466
A0A9P4XUZ4	GO:0005828	0.538
A0A9P4XV22	GO:0005633	0.869
A0A9P4XV22	GO:0005652	0.426
A0A9P4XWM4	GO:0005633	0.304
A0A9P4XWM4	GO:0005652	0.371
A0A9P4XWM4	GO:0005736	0.323
A0A9P5BNK0	GO:0005736	0.322
A0A9P5BNK0	GO:0005737	0.320
A0A9P5BNK0	GO:0005828	0.574
A0A9P5CQV5	GO:0005633	0.646
A0A9P5CQV5	GO:0005652	0.339
A0A9P5CTI1	GO:0005576	0.659
A0A9W3HR36	GO:0005633	0.416
A0A9W3HR36	GO:0005652	0.473
A0A9W3HR52	GO:0005633	0.407
A0A9W3HR52	GO:0005828	0.642
A0A9W3HR60	GO:0005828	0.562
A0A9W3HR61	GO:0005633	0.596
A0A9W3N256	GO:0005633	0.501
A0A9W3N256	GO:0005828	0.315
A0A9W3N2X3	GO:0005633	0.322
A0A9W3N2X3	GO:0005652	0.340
A0A9W3N2X3	GO:0005828	0.383
A0A9W9TFE0	GO:0005828	0.639
A0A9W9TFI6	GO:0005736	0.308
A0A9W9TFI6	GO:0005828	0.328
A0A9W9TGP7	GO:0005828	0.769
A0AA41T7Z4	GO:0005633	0.626
A0AA51Z3S7	GO:0005828	0.478
A0AAA9T569	GO:0005885	0.562
A0AAD6IRE3	GO:0005633	0.686
A0AAD6IRE3	GO:0005652	0.336
A0AAD6IYT8	GO:0005576	0.375
A0AAD6IYT8	GO:0005633	0.526
A0AAD6IYT8	GO:0005828	0.486
A0AAD6IZ24	GO:0005633	0.356
A0AAD6J2M3	GO:0005576	0.399
A0AAD6J5F2	GO:0005633	0.459
A0AAD6J5F2	GO:0005828	0.496
A0AAD6J5K1	GO:0005828	0.776
A0AAD6J5T3	GO:0005828	0.541
A0AAD6NF83	GO:0005633	0.414
A0AAD6NF83	GO:0005828	0.633
A0AAD6NFM2	GO:0005828	0.428
A0AAD6NFV5	GO:0005633	0.495
A0AAD6NFV5	GO:0005652	0.312
A0AAD6NFV5	GO:0005828	0.587
A0AAD6NH75	GO:0005736	0.339
A0AAD6NH75	GO:0005828	0.468
A0AAD6NIB7	GO:0005828	0.422
A0AAD6NLP7	GO:0005828	0.727
A0AAD6NMG7	GO:0005633	0.375
A0AAD6NMH5	GO:0005576	0.790
A0AAD9S145	GO:0005576	0.329
A0AAD9S159	GO:0005782	0.403
A0AAD9S159	GO:0005787	0.498
A0AAD9S159	GO:0005788	0.604
A0AAD9S169	GO:0005633	0.354
A0AAD9S169	GO:0005736	0.304
A0AAD9S169	GO:0005828	0.423
A0AAD9S2F9	GO:0005736	0.489
A0AAD9S2F9	GO:0005828	0.382
A0AAE9G628	GO:0005633	0.476
A0AAE9G628	GO:0005828	0.453
A0AAI7ZGA5	GO:0005828	0.433
A0AAI7ZGC7	GO:0005736	0.345
A0AAI7ZGC7	GO:0005828	0.578
A0AAN2H7H4	GO:0005828	0.486
A0AAN4PAE6	GO:0005828	0.409
A0AAN4PB13	GO:0005736	0.432
A0AAN4PB13	GO:0005828	0.749
A0AAN4PBA1	GO:0005782	0.321
A0AAN4PBA1	GO:0005788	0.391
A0AAU7VAE8	GO:0005885	0.441
A0AB32U2W5	GO:0005885	0.357
A0AB36VXQ9	GO:0005828	0.374
A0AB73RZI6	GO:0005633	0.618
A0AB73RZI6	GO:0005652	0.426
A0PCX2	GO:0005576	0.557
A0PCY0	GO:0005576	0.749
A0Q7V5	GO:0005828	0.599
A0QSG5	GO:0005633	0.344
A0QSG5	GO:0005828	0.537
A0QSG8	GO:0005828	0.376
A0QT90	GO:0005828	0.593
A0QT91	GO:0005828	0.692
A0QTR3	GO:0005633	0.361
A0QUE0	GO:0005633	0.350
A0QUE0	GO:0005736	0.368
A0QUE0	GO:0005828	0.552
A0QV03	GO:0005828	0.303
A0QVQ9	GO:0005633	0.313
A0QVQ9	GO:0005828	0.553
A0QVZ5	GO:0005828	0.695
A0QW02	GO:0005828	0.516
A0R0H1	GO:0005782	0.410
A0R0H1	GO:0005828	0.465
A0R271	GO:0005828	0.308
A0R2N2	GO:0005828	0.639
A0R2N2	GO:0032991	0.310
A0R3D2	GO:0005633	0.514
A0R3D2	GO:0005828	0.673
A0R530	GO:0005828	0.786
A1CVQ3	GO:0005633	0.522
A1CVQ3	GO:0005652	0.379
A1CVQ3	GO:0005828	0.521
A1DBL3	GO:0005576	0.345
A1L293	GO:0005828	0.332
A1XCI9	GO:0005576	0.308
A1Z8F4	GO:0005633	0.534
A2AQ92	GO:0005828	0.306
A2E926	GO:0005828	0.461
A2ECR2	GO:0005828	0.535
A2F4M9	GO:0005828	0.427
A2FBF3	GO:0005576	0.658
A2FBF3	GO:0005633	0.342
A2FBF3	GO:0005828	0.516
A2IA89	GO:0005614	0.319
A2IAB1	GO:0005576	0.668
A2IAB2	GO:0005576	0.605
A2IAD2	GO:0005576	0.315
A2QQU4	GO:0005736	0.413
A2QQU4	GO:0005828	0.632
A2QQU5	GO:0005828	0.828
A2QQU8	GO:0005633	0.637
A2QQU8	GO:0005652	0.306
A2QQU9	GO:0005782	0.565
A2QQV0	GO:0005828	0.691
A2QTS4	GO:0005576	0.587
A2QYT9	GO:0005576	0.533
A2XJR0	GO:0005652	0.451
A2XJR0	GO:0005736	0.388
A2XJR0	GO:0005828	0.486
A3MTR6	GO:0005737	0.383
A3MTR6	GO:0005828	0.791
A4D9B0	GO:0005736	0.388
A4D9B0	GO:0005737	0.439
A4D9B0	GO:0005828	0.748
A4D9K7	GO:0005633	0.826
A4D9K7	GO:0005652	0.365
A4D9K7	GO:0005828	0.375
A4D9Q8	GO:0005633	0.351
A4D9Q8	GO:0005652	0.319
A4FVI7	GO:0005633	0.553
A4FVI7	GO:0005828	0.300
A4FVI7	GO:0045277	0.375
A4VE64	GO:0005828	0.304
A4VEB3	GO:0005633	0.398
A4VEB3	GO:0005828	0.623
A4X5N0	GO:0005633	0.412
A4X5N0	GO:0005828	0.785
A4XXY7	GO:0005828	0.468
A4XXY8	GO:0005828	0.726
A4XXY9	GO:0005633	0.464
A4XXY9	GO:0005652	0.373
A4XXY9	GO:0005828	0.656
A4XXZ0	GO:0005828	0.619
A5GZY7	GO:0005782	0.388
A5GZY7	GO:0005828	0.425
A5K264	GO:0005828	0.376
A5K9W3	GO:0005885	0.345
A6IBC5	GO:0005828	0.371
A6T5N0	GO:0005828	0.451
A6TGC5	GO:0005828	0.616
A6TGW7	GO:0005828	0.452
A6THB2	GO:0005828	0.342
A7E584	GO:0005576	0.532
A7E835	GO:0005737	0.462
A7EX74	GO:0005633	0.748
A7EX74	GO:0005652	0.302
A7GKX6	GO:0005736	0.399
A7GKX6	GO:0005828	0.850
A7GKX7	GO:0005576	0.347
A7GKX7	GO:0005633	0.407
A7GKX7	GO:0005828	0.598
A7MJV9	GO:0005828	0.443
A8M6W1	GO:0005633	0.321
A8M6W1	GO:0005736	0.312
A8M6W1	GO:0005828	0.820
A8M6W3	GO:0005828	0.696
A8M6W6	GO:0005828	0.592
A8P9W4	GO:0005576	0.445
A8PA37	GO:0005576	0.733
A9BHL2	GO:0005576	0.379
A9BHL2	GO:0005828	0.825
A9CGX9	GO:0005576	0.615
A9CGX9	GO:0005633	0.352
A9CGX9	GO:0005828	0.823
A9CI74	GO:0005828	0.489
A9CIJ6	GO:0005828	0.367
A9CJR8	GO:0005828	0.367
A9NIV5	GO:0005576	0.628
A9NIV6	GO:0005576	0.637
B0BNF8	GO:0005828	0.583
B0R0B3	GO:0005828	0.560
B0XAA1	GO:0005576	0.448
B1ATY8	GO:0005828	0.346
B1G5Y9	GO:0005828	0.788
B1MDE5	GO:0005736	0.342
B1MDE5	GO:0005828	0.490
B1MH83	GO:0005828	0.624
B1MH83	GO:0005885	0.358
B1MH84	GO:0005828	0.666
B1PUC6	GO:0005828	0.802
B1WBA5	GO:0005633	0.604
B2HG54	GO:0005576	0.462
B2HG54	GO:0005828	0.558
B4ER92	GO:0005828	0.444
B4ER95	GO:0005828	0.574
B4ER96	GO:0005828	0.792
B4ER97	GO:0005633	0.301
B4ER97	GO:0005736	0.346
B4ER97	GO:0005828	0.467
B4XYC8	GO:0005828	0.784
B7R4L8	GO:0005828	0.714
B8BNY8	GO:0005828	0.354
B8DUI5	GO:0005633	0.494
B8DUI5	GO:0005828	0.362
B9ZUK6	GO:0005828	0.819
C0HMD1	GO:0005576	0.331
C0HMD8	GO:0005633	0.323
C0HMD8	GO:0005828	0.311
C0HMD9	GO:0005736	0.351
C0HMD9	GO:0005828	0.655
C0HME0	GO:0005633	0.672
C0HME8	GO:0005633	0.508
C0HME8	GO:0005828	0.421
C0HMF1	GO:0005633	0.473
C0HMF2	GO:0005633	0.307
C0HMF3	GO:0005633	0.385
C0HMF4	GO:0005633	0.354
C0HMF8	GO:0005782	0.340
C0HMG1	GO:0005633	0.472
C0HMG1	GO:0005828	0.360
C0HMG2	GO:0005828	0.536
C0JJ97	GO:0005736	0.536
C0JJ97	GO:0005828	0.372
C3W5S0	GO:0005828	0.567
C4JF72	GO:0005828	0.632
C4JF73	GO:0005633	0.388
C4JF73	GO:0005828	0.628
C4JF74	GO:0071781	0.348
C4JF75	GO:0005828	0.691
C4JF76	GO:0005828	0.790
C4JF77	GO:0005828	0.441
C4JF78	GO:0005828	0.610
C4JF79	GO:0005736	0.311
C4JF79	GO:0005828	0.611
C4JF80	GO:0005828	0.650
C4JF81	GO:0005828	0.750
C4JF82	GO:0005828	0.646
C4M9S3	GO:0005828	0.329
C5MR76	GO:0005828	0.442
C6KTD4	GO:0005633	0.476
C6KTD4	GO:0005828	0.317
C7M8J5	GO:0005633	0.313
C7M8J5	GO:0005828	0.772
C7M8J6	GO:0005633	0.441
C7M8J6	GO:0005736	0.433
C7M8J6	GO:0005828	0.631
C9ZDC6	GO:0005576	0.535
C9ZDC6	GO:0005736	0.354
C9ZDC6	GO:0005828	0.675
D1A230	GO:0005828	0.630
D2VS83	GO:0005576	0.431
D2XUU7	GO:0005576	0.312
D2XUU9	GO:0005576	0.340
D3YXF5	GO:0005737	0.348
D3ZNV2	GO:0034777	0.322
D4A4P4	GO:0005633	0.517
D4A4P4	GO:0005652	0.348
D4A4P4	GO:0005736	0.429
D4A4P4	GO:0005828	0.773
D4GU28	GO:0005736	0.333
D4GU28	GO:0005828	0.473
D4GVA8	GO:0005633	0.392
D4GVA8	GO:0005736	0.329
D4GVA8	GO:0005828	0.501
D4GVK8	GO:0005828	0.868
D4GW82	GO:0005633	0.470
D4GW82	GO:0005828	0.608
D4GW96	GO:0005828	0.892
D4GYL4	GO:0005828	0.698
D4GZV0	GO:0005828	0.693
D5AKX4	GO:0005828	0.855
D5AKX5	GO:0005828	0.529
D5AKX6	GO:0005828	0.578
D5AKX7	GO:0005828	0.563
D5DTX2	GO:0005633	0.416
D5DTX2	GO:0005828	0.413
D5LN76	GO:0005828	0.656
D5LWW7	GO:0005828	0.412
D8QCG9	GO:0005576	0.462
D9PY12	GO:0005828	0.686
E0CZ42	GO:0005828	0.385
E0D202	GO:0005828	0.746
E0D203	GO:0005828	0.791
E0D204	GO:0005828	0.805
E0D205	GO:0005828	0.790
E0D206	GO:0005828	0.739
E0D207	GO:0005576	0.320
E0D207	GO:0005828	0.366
E0D208	GO:0005828	0.813
E0D209	GO:0005828	0.583
E0N688	GO:0005828	0.405
E1BR24	GO:0005828	0.398
E2I9M6	GO:0005828	0.417
E4VP11	GO:0005576	0.392
E7A1Q4	GO:0005576	0.424
E7FHH1	GO:0005828	0.802
E9DW54	GO:0005633	0.630
E9DW54	GO:0005652	0.665
E9DXX9	GO:0005633	0.534
E9EN44	GO:0005576	0.401
E9EV02	GO:0005828	0.360
E9EWQ4	GO:0005828	0.373
E9EYW7	GO:0005633	0.439
E9F0C5	GO:0005633	0.569
E9F0S1	GO:0005633	0.506
E9F591	GO:0005633	0.478
E9F8I5	GO:0005633	0.410
E9F8I5	GO:0005652	0.354
E9F970	GO:0005828	0.533
E9FBT2	GO:0005576	0.515
E9FDE9	GO:0005576	0.487
E9Q3D4	GO:0005828	0.522
E9QT94	GO:0005576	0.394
F0LJX3	GO:0005828	0.854
F0NF15	GO:0005633	0.747
F0NF15	GO:0005828	0.631
F0VAI6	GO:0005828	0.511
F1DQG5	GO:0005576	0.549
F1DQG5	GO:0005614	0.452
F2RC64	GO:0005633	0.563
F2RC64	GO:0005652	0.422
F2RC64	GO:0005736	0.346
F2RC64	GO:0005828	0.527
F2SL79	GO:0005737	0.350
F2SL79	GO:0005828	0.418
F2SL80	GO:0005576	0.526
F2SL80	GO:0005633	0.464
F2SL80	GO:0005652	0.341
F2SL81	GO:0000325	0.415
F2SL82	GO:0005736	0.387
F2SL82	GO:0005828	0.621
F2SL83	GO:0005576	0.583
F2SL86	GO:0005828	0.650
F2SL87	GO:0005828	0.511
F4HWU0	GO:0005828	0.561
F4JCB3	GO:0005633	0.396
F5L3T2	GO:0005633	0.329
F5L3T2	GO:0005828	0.646
F5L3T3	GO:0005828	0.546
F6Q2R9	GO:0005633	0.465
F6Q2R9	GO:0005828	0.331
F8AME3	GO:0005736	0.348
F8AME3	GO:0005828	0.447
F8L436	GO:0005633	0.580
F8L436	GO:0005828	0.500
F8L5E7	GO:0005576	0.457
F8L5E7	GO:0005652	0.313
F8L5E7	GO:0005828	0.649
F8L650	GO:0005828	0.484
F8L6R0	GO:0005828	0.495
F8L8G5	GO:0005736	0.310
F8L8G5	GO:0005828	0.548
F8L8I6	GO:0005633	0.464
F8L8I6	GO:0005736	0.366
F8L8I6	GO:0005828	0.799
F8L9T9	GO:0005782	0.303
F8U970	GO:0005633	0.376
F8U970	GO:0005736	0.378
F8U970	GO:0005828	0.670
F8U971	GO:0005828	0.398
F8U972	GO:0005633	0.498
F8U972	GO:0005736	0.402
F8U972	GO:0005828	0.699
F8V2V0	GO:0005736	0.548
F8V2V0	GO:0005828	0.381
G0RT93	GO:0005828	0.441
G0RVE5	GO:0005576	0.313
G0S1P8	GO:0005828	0.830
G0S5S6	GO:0005736	0.337
G0S5S6	GO:0005828	0.532
G0SCH6	GO:0005828	0.770
G0SE11	GO:0005828	0.497
G0SEG2	GO:0005633	0.408
G0SEG2	GO:0005828	0.613
G0SF39	GO:0005633	0.506
G0SF80	GO:0005633	0.542
G0SF80	GO:0005828	0.386
G0SHQ2	GO:0005633	0.373
G0SHQ2	GO:0005828	0.519
G1X456	GO:0005633	0.527
G1X456	GO:0005828	0.336
G1X9A9	GO:0005633	0.722
G1X9E2	GO:0005885	0.407
G1XJN1	GO:0005885	0.401
G1XJZ0	GO:0005828	0.322
G1XJZ4	GO:0005633	0.304
G1XJZ4	GO:0005828	0.381
G1XLI4	GO:0005828	0.335
G2QA95	GO:0005633	0.301
G2QA95	GO:0005736	0.378
G2QA95	GO:0005828	0.796
G2X0L1	GO:0005576	0.468
G2X3G1	GO:0005736	0.345
G2X3G1	GO:0005828	0.542
G2X4G1	GO:0005576	0.375
G2X5X8	GO:0005576	0.406
G3G8W7	GO:0005633	0.615
G4MRQ6	GO:0005633	0.475
G4MSY9	GO:0005633	0.352
G4MSY9	GO:0005736	0.350
G4MSY9	GO:0005828	0.446
G4MWK2	GO:0005576	0.634
G4MYD3	GO:0005633	0.502
G4MYD3	GO:0005652	0.486
G4MYD3	GO:0090406	0.741
G4MZ21	GO:0005633	0.344
G4MZ21	GO:0005828	0.669
G4N954	GO:0005737	0.388
G4N954	GO:0005828	0.496
G4NB33	GO:0005633	0.463
G4NBR8	GO:0005633	0.762
G4NCK1	GO:0005633	0.495
G4NCK1	GO:0005652	0.439
G4NCP4	GO:0005828	0.672
G4NGN5	GO:0005633	0.402
G4NGN5	GO:0005828	0.626
G5EI58	GO:0005828	0.324
G8FPZ8	GO:0005576	0.569
G9MJD8	GO:0005576	0.610
G9MKB2	GO:0005576	0.556
G9MQW8	GO:0005576	0.413
G9MXR6	GO:0005576	0.634
G9NTJ1	GO:0005576	0.687
G9PB60	GO:0005576	0.602
H9C180	GO:0005633	0.325
H9C180	GO:0005828	0.418
H9C180	GO:0106055	0.380
H9C181	GO:0005633	0.403
I0AIT9	GO:0005828	0.403
I1RDW3	GO:0005576	0.628
I1RQE2	GO:0005828	0.456
I1RV60	GO:0005576	0.362
I1RXJ5	GO:0005576	0.657
I6XA42	GO:0005633	0.346
I6XA42	GO:0005828	0.615
I6Y1Q2	GO:0005828	0.553
I6Y498	GO:0005828	0.665
I6YBQ3	GO:0005736	0.332
I6YBQ3	GO:0005828	0.703
I6YCP0	GO:0005828	0.598
I6YGX2	GO:0005828	0.331
I7AQG9	GO:0005576	0.569
I7M6H4	GO:0005828	0.317
I7MCM8	GO:0005633	0.503
I7MCM8	GO:0005828	0.486
I7MHB1	GO:0005633	0.581
I7MHB1	GO:0005828	0.559
J3KAR5	GO:0005828	0.441
J3KAR6	GO:0005782	0.339
J3KAR9	GO:0005828	0.488
J3KAS2	GO:0005736	0.366
J3KAS2	GO:0005828	0.524
J3KAS3	GO:0005828	0.498
J4KQ31	GO:0005633	0.427
J4KQN3	GO:0005633	0.557
J4KQN3	GO:0005828	0.413
J4KQS2	GO:0005633	0.382
J4KQS2	GO:0005828	0.354
J4UGK4	GO:0005576	0.752
J4UJ50	GO:0005576	0.441
J4UPH3	GO:0005736	0.405
J4UPH3	GO:0005828	0.473
J4UQI9	GO:0005633	0.439
J4UVD7	GO:0005633	0.426
J4VS95	GO:0005576	0.506
J4VWR6	GO:0005576	0.489
J4VWR6	GO:0005828	0.492
J4VYF0	GO:0005828	0.358
J4W1I9	GO:0005633	0.307
J4W1I9	GO:0005828	0.574
J4WDT5	GO:0005576	0.358
J4WK53	GO:0005633	0.450
J4WK53	GO:0005828	0.478
J4WLR8	GO:0005633	0.605
J4WLR8	GO:0005652	0.656
J4WMI6	GO:0005828	0.392
J5J1K4	GO:0005633	0.318
J5J1K4	GO:0005828	0.323
J5J335	GO:0005828	0.608
J5J666	GO:0005633	0.333
J5JC27	GO:0005633	0.666
J5JJC1	GO:0005576	0.455
J5JM47	GO:0005633	0.317
J5JPV3	GO:0000502	0.393
J5JPV3	GO:0005828	0.430
J5JS29	GO:0005633	0.773
J5JTB1	GO:0005576	0.457
J5JYA0	GO:0005633	0.437
J5JYQ1	GO:0005633	0.388
J5JYQ1	GO:0005652	0.420
J5K1D5	GO:0005633	0.315
J9VDC2	GO:0005828	0.350
J9VG14	GO:0005828	0.339
J9VJ62	GO:0005633	0.746
J9VPP4	GO:0005576	0.409
J9VPP8	GO:0005828	0.363
J9VUG5	GO:0005633	0.315
J9VUG5	GO:0005828	0.300
J9VWG0	GO:0005633	0.626
J9VWG0	GO:0005652	0.331
J9W0U6	GO:0005576	0.320
K4H1X2	GO:0005633	0.708
K4PZA7	GO:0005828	0.543
K9IVI1	GO:0005633	0.321
K9IVI1	GO:0005828	0.313
L0T2H7	GO:0005828	0.777
L7F3F8	GO:0005576	0.469
L7F3F8	GO:0005736	0.433
L7F3F8	GO:0005828	0.807
L7F3F8	GO:1903269	0.332
M1C8A4	GO:0005828	0.439
M1C8A4	GO:0005885	0.324
M2T5U2	GO:0005828	0.379
M3B4Q3	GO:0005633	0.607
M3B4Q3	GO:0005652	0.430
M3B4Q3	GO:0005828	0.672
M4MEY9	GO:0005576	0.617
M4MEY9	GO:0005828	0.356
M4MGK7	GO:0005576	0.367
M4MGK7	GO:0005828	0.390
M4MLB5	GO:0005576	0.449
M4MLB5	GO:0005614	0.446
M7TBG7	GO:0005633	0.350
M7TBG7	GO:0005828	0.613
O05910	GO:0005828	0.341
O06550	GO:0005828	0.645
O08453	GO:0005633	0.317
O08453	GO:0005828	0.754
O24770	GO:0005828	0.541
O50330	GO:0005633	0.514
O50330	GO:0005828	0.348
O50338	GO:0005633	0.342
O50338	GO:0005828	0.652
O51799	GO:0005828	0.443
O60047	GO:0005576	0.559
O60047	GO:0005828	0.303
O62609	GO:0005633	0.493
O62609	GO:0005736	0.405
O62609	GO:0005828	0.408
O64191	GO:0005633	0.377
O76269	GO:0005885	0.417
O76343	GO:0005885	0.406
O93917	GO:0005576	0.537
O94203	GO:0005828	0.346
O94217	GO:0005576	0.615
O96660	GO:0005633	0.414
O96660	GO:0005652	0.332
O96660	GO:0005828	0.464
O96795	GO:0005788	0.336
P0DRD9	GO:0005576	0.852
P0DRE2	GO:0005576	0.550
P0DRE3	GO:0005576	0.505
P0DRE4	GO:0005576	0.348
P0DRE5	GO:0005576	0.928
P0DRE7	GO:0005576	0.678
P0DRE8	GO:0005576	0.615
P0DRE9	GO:0005576	0.681
P0DRF0	GO:0005576	0.348
P0DRF1	GO:0005576	0.530
P0DRF3	GO:0005576	0.467
P0DRF4	GO:0005576	0.550
P0DRF5	GO:0005576	0.505
P0DRF6	GO:0005576	0.815
P0DRF7	GO:0005576	0.348
P0DRF8	GO:0005576	0.928
P0DRF9	GO:0005576	0.493
P0DRG0	GO:0005576	0.463
P0DRG2	GO:0005576	0.449
P0DRG4	GO:0005576	0.507
P0DRG5	GO:0005576	0.915
P0DRG6	GO:0005576	0.774
P0DRG7	GO:0005576	0.417
P0DRG8	GO:0005576	0.912
P0DRG9	GO:0005576	0.737
P0DRH0	GO:0005576	0.492
P0DRH1	GO:0005576	0.664
P0DRH2	GO:0005576	0.687
P0DRH3	GO:0005576	0.559
P0DRH5	GO:0005576	0.676
P0DRI4	GO:0005576	0.404
P0DRK3	GO:0005576	0.543
P0DRK4	GO:0005576	0.598
P0DRK5	GO:0005576	0.423
P0DRK6	GO:0005576	0.742
P0DRL0	GO:0005576	0.496
P0DRL1	GO:0005576	0.482
P0DRL7	GO:0005737	0.468
P0DRM1	GO:0005576	0.421
P0DRM3	GO:0005576	0.555
P0DRM4	GO:0005576	0.313
P0DXG5	GO:0005828	0.597
P0DXG6	GO:0005828	0.637
P0DXG7	GO:0005828	0.601
P0DXG8	GO:0005828	0.796
P0DXI7	GO:0005576	0.337
P0DXJ1	GO:0005633	0.586
P0DXJ1	GO:0005736	0.484
P0DXJ1	GO:0005828	0.710
P0DXJ2	GO:0005787	0.306
P0DXJ3	GO:0005633	0.330
P0DXJ3	GO:0005736	0.320
P0DXJ3	GO:0005828	0.785
P0DXJ4	GO:0005576	0.503
P0DXJ5	GO:0005576	0.451
P0DXJ5	GO:0005614	0.391
P0DXK0	GO:0005885	0.348
P0DXK1	GO:0005885	0.423
P0DXK2	GO:0005885	0.337
P0DXK3	GO:0005828	0.340
P0DXO4	GO:0005633	0.450
P0DXO4	GO:0005828	0.541
P0DXO5	GO:0005633	0.345
P0DXO5	GO:0005828	0.575
P0DXO6	GO:0005633	0.354
P0DXO6	GO:0005828	0.521
P0DXO8	GO:0005633	0.617
P0DXU5	GO:0005828	0.689
P0DXU7	GO:0005828	0.696
P0DXU9	GO:0005782	0.368
P0DXV1	GO:0005633	0.451
P0DXV1	GO:0005736	0.412
P0DXV1	GO:0005828	0.899
P0DXV2	GO:0005576	0.371
P0DXV2	GO:0005828	0.739
P0DXV3	GO:0005736	0.322
P0DXV3	GO:0005828	0.616
P0DXV4	GO:0005736	0.304
P0DXV4	GO:0005828	0.500
P0DXV5	GO:0005633	0.395
P0DXV5	GO:0005736	0.513
P0DXV5	GO:0005828	0.717
P0DXV6	GO:0005828	0.425
P0DXV7	GO:0005736	0.315
P0DXV7	GO:0005828	0.454
P0DXV8	GO:0005828	0.406
P0DXV9	GO:0005633	0.439
P0DXV9	GO:0005652	0.431
P0DXV9	GO:0005736	0.413
P0DXV9	GO:0005828	0.853
P0DXW2	GO:0005633	0.314
P0DXW2	GO:0005736	0.365
P0DXW2	GO:0005828	0.566
P0DXW3	GO:0005576	0.442
P0DXW4	GO:0005576	0.384
P0DXW6	GO:0005576	0.809
P0DXW9	GO:0005576	0.571
P0DXX0	GO:0005576	0.494
P0DXX4	GO:0005828	0.412
P0DXX5	GO:0005828	0.662
P0DXX7	GO:0005828	0.405
P0DXX9	GO:0005633	0.579
P0DXX9	GO:0005736	0.351
P0DXX9	GO:0005828	0.657
P0DXY0	GO:0005828	0.327
P0DXY1	GO:0005828	0.597
P0DXY2	GO:0005576	0.564
P0DXY3	GO:0005828	0.791
P0DXY4	GO:0005737	0.485
P0DXY5	GO:0005828	0.871
P0DXY6	GO:0005828	0.568
P0DXY7	GO:0005576	0.306
P0DXY8	GO:0005828	0.382
P0DXY9	GO:0005633	0.593
P0DXY9	GO:0005652	0.490
P0DXY9	GO:0005828	0.547
P0DXZ0	GO:0005828	0.787
P0DXZ1	GO:0005633	0.473
P0DXZ1	GO:0005828	0.676
P0DXZ2	GO:0005736	0.310
P0DXZ2	GO:0005828	0.764
P0DXZ3	GO:0005828	0.349
P0DXZ4	GO:0005576	0.506
P0DXZ5	GO:0005576	0.337
P0DXZ6	GO:0005576	0.559
P0DXZ7	GO:0005576	0.630
P0DXZ8	GO:0005576	0.645
P0DY00	GO:0005576	0.439
P0DY01	GO:0005576	0.628
P0DY02	GO:0005576	0.565
P0DY03	GO:0005576	0.662
P0DY04	GO:0005782	0.383
P0DY05	GO:0005736	0.372
P0DY05	GO:0005828	0.736
P0DY06	GO:0005828	0.849
P0DY07	GO:0005828	0.467
P0DY08	GO:0005828	0.658
P0DY09	GO:0005828	0.646
P0DY10	GO:0005633	0.425
P0DY10	GO:0005828	0.816
P0DY11	GO:0005828	0.617
P0DY12	GO:0005576	0.554
P0DY12	GO:0005828	0.689
P0DY13	GO:0005828	0.649
P0DY14	GO:0005828	0.590
P0DY16	GO:0005633	0.539
P0DY17	GO:0005576	0.529
P0DY20	GO:0005633	0.321
P0DY22	GO:0005828	0.466
P0DY25	GO:0005576	0.301
P0DY26	GO:0005576	0.371
P0DY27	GO:0005576	0.679
P0DY28	GO:0005736	0.312
P0DY28	GO:0005828	0.440
P0DY30	GO:0005576	0.341
P0DY31	GO:0005828	0.441
P0DY32	GO:0005736	0.332
P0DY32	GO:0005828	0.751
P0DY33	GO:0005828	0.778
P0DY34	GO:0005828	0.697
P0DY35	GO:0005828	0.754
P0DY36	GO:0005828	0.428
P0DY38	GO:0005576	0.696
P0DY39	GO:0005576	0.447
P0DY41	GO:0005576	0.534
P0DY45	GO:0005828	0.413
P0DY46	GO:0005828	0.753
P0DY47	GO:0005828	0.439
P0DY48	GO:0005828	0.641
P0DY49	GO:0005828	0.678
P0DY50	GO:0005828	0.746
P0DY51	GO:0005736	0.377
P0DY51	GO:0005828	0.752
P0DY52	GO:0005736	0.418
P0DY52	GO:0005828	0.844
P0DY53	GO:0005828	0.689
P0DY61	GO:0005633	0.508
P0DY61	GO:0005736	0.362
P0DY61	GO:0005828	0.634
P0DY62	GO:0005828	0.437
P0DY81	GO:0005633	0.529
P0DY81	GO:0005736	0.433
P0DY81	GO:0005828	0.810
P0DY82	GO:0005633	0.436
P0DY82	GO:0005828	0.575
P0DY89	GO:0005828	0.699
P0DY90	GO:0005633	0.381
P0DY99	GO:0005576	0.574
P0DYA9	GO:0005576	0.470
P0DYB1	GO:0005576	0.671
P0DYB1	GO:0005614	0.402
P71888	GO:0005828	0.829
P71888	GO:0032991	0.529
P78601	GO:0005576	0.587
P78602	GO:0005576	0.630
P79072	GO:0005576	0.752
P79922	GO:0005633	0.573
P96857	GO:0005828	0.792
P9WEE5	GO:0005782	0.465
P9WEE7	GO:0005828	0.603
P9WEE8	GO:0005576	0.559
P9WEE8	GO:0005782	0.393
P9WEE8	GO:0005787	0.448
P9WEE9	GO:0005782	0.609
P9WEF0	GO:0005828	0.316
P9WEF1	GO:0005782	0.525
P9WEF1	GO:0005788	0.661
P9WEF3	GO:0005576	0.448
P9WEF3	GO:0005828	0.614
P9WEF8	GO:0005828	0.354
P9WEF9	GO:0005633	0.373
P9WEG0	GO:0005782	0.734
P9WEG0	GO:0005787	0.685
P9WEG0	GO:0005788	0.572
P9WEG1	GO:0005828	0.613
P9WEG2	GO:0005828	0.706
P9WEG3	GO:0005736	0.318
P9WEG3	GO:0005828	0.727
P9WEG4	GO:0005828	0.566
P9WEG5	GO:0005782	0.415
P9WEG6	GO:0005828	0.533
P9WEJ1	GO:0005576	0.391
P9WEJ3	GO:0005828	0.333
Q00367	GO:0005576	0.409
Q00368	GO:0005737	0.327
Q00368	GO:0005828	0.595
Q01491	GO:0005633	0.427
Q01910	GO:0005828	0.441
Q04230	GO:0005782	0.363
Q05AL8	GO:0005633	0.619
Q080S8	GO:0005828	0.552
Q08CD9	GO:0005828	0.344
Q0CPG6	GO:0005787	0.509
Q0CPG9	GO:0005828	0.671
Q0KAA1	GO:0005828	0.691
Q0KKA0	GO:0005828	0.462
Q0R411	GO:0005576	0.610
Q0S4Q9	GO:0005828	0.874
Q0URD7	GO:0005633	0.425
Q0UTF0	GO:0005633	0.350
Q10GJ1	GO:0005633	0.417
Q10GJ1	GO:0005652	0.308
Q10GJ1	GO:0005736	0.337
Q10GJ1	GO:0005828	0.430
Q177W0	GO:0005576	0.561
Q17NR1	GO:0005576	0.572
Q1D148	GO:0005633	0.428
Q1D148	GO:0005828	0.608
Q1I187	GO:0005576	0.309
Q1MWN4	GO:0005736	0.391
Q1MWN4	GO:0005828	0.748
Q22419	GO:0005736	0.370
Q22419	GO:0005828	0.536
Q22MV2	GO:0005736	0.314
Q22MV2	GO:0005828	0.355
Q22R86	GO:0005633	0.310
Q240X9	GO:0005633	0.420
Q240X9	GO:0005828	0.417
Q24468	GO:0005576	0.347
Q24468	GO:0005885	0.330
Q24CE5	GO:0005633	0.459
Q24DI9	GO:0005633	0.453
Q2FXF4	GO:0005737	0.448
Q2FXP4	GO:0005633	0.625
Q2FXP4	GO:0005736	0.311
Q2FXP4	GO:0005828	0.594
Q2GPS4	GO:0005828	0.323
Q2GPS5	GO:0005828	0.524
Q2GPS6	GO:0005828	0.814
Q2GPS7	GO:0005828	0.645
Q2GPS9	GO:0005828	0.323
Q2GPT0	GO:0005576	0.313
Q2GPT1	GO:0005736	0.332
Q2GPT1	GO:0005828	0.612
Q2GPT2	GO:0005633	0.360
Q2GPT2	GO:0005828	0.629
Q2GPT3	GO:0005633	0.356
Q2GPT3	GO:0005736	0.410
Q2GPT3	GO:0005828	0.640
Q2GPT4	GO:0005576	0.476
Q2GPT5	GO:0005782	0.371
Q2GPT6	GO:0005828	0.371
Q2RBS5	GO:0005737	0.442
Q2RBS5	GO:0005828	0.413
Q2RW95	GO:0005828	0.532
Q2RW96	GO:0005828	0.736
Q2RW97	GO:0005828	0.598
Q2RW98	GO:0005828	0.570
Q2TXQ1	GO:0005828	0.700
Q2TXQ9	GO:0005736	0.301
Q2TXQ9	GO:0005828	0.604
Q2U3W7	GO:0005576	0.455
Q2UD95	GO:0005633	0.611
Q2UD95	GO:0005652	0.425
Q2UD95	GO:0005736	0.431
Q2UD95	GO:0005828	0.689
Q2UF99	GO:0005828	0.584
Q2YRP4	GO:0005828	0.394
Q31P89	GO:0005633	0.569
Q31P89	GO:0005736	0.303
Q31P89	GO:0005828	0.624
Q381V1	GO:0005828	0.336
Q381X9	GO:0005828	0.423
Q384J7	GO:0005633	0.380
Q384J7	GO:0005828	0.460
Q386M3	GO:0005811	0.355
Q38CB5	GO:0005736	0.306
Q3HS86	GO:0005576	0.318
Q3J189	GO:0005828	0.531
Q3J189	GO:0022624	0.312
Q3Y316	GO:0005828	0.790
Q47720	GO:0005828	0.935
Q4D9P2	GO:0005633	0.536
Q4FKP8	GO:0005828	0.458
Q4GYX7	GO:0005633	0.543
Q4GZF2	GO:0005737	0.349
Q4GZF6	GO:0005633	0.470
Q4GZF6	GO:0005652	0.308
Q4GZF6	GO:0005828	0.472
Q4J8Q7	GO:0005782	0.396
Q4J8R0	GO:0005828	0.412
Q4J8R1	GO:0005736	0.410
Q4J8R1	GO:0005828	0.564
Q4J8R2	GO:0005633	0.445
Q4J8R2	GO:0005828	0.587
Q4J9A9	GO:0005633	0.434
Q4J9A9	GO:0005828	0.390
Q4JAB6	GO:0005633	0.380
Q4JAB6	GO:0005828	0.373
Q4JAB7	GO:0005633	0.617
Q4JAB7	GO:0005828	0.530
Q4JC83	GO:0005828	0.389
Q4Q1M7	GO:0005736	0.342
Q4Q1M7	GO:0005828	0.792
Q4V835	GO:0005633	0.710
Q4WBR8	GO:0005737	0.338
Q4WD22	GO:0005576	0.306
Q4WD22	GO:0009275	0.411
Q4WE63	GO:0005633	0.459
Q4WE63	GO:0005652	0.389
Q4WUQ8	GO:0005633	0.310
Q4WXF4	GO:0005633	0.308
Q4WXF4	GO:0005736	0.321
Q4WXF4	GO:0005828	0.635
Q4WYQ4	GO:0005633	0.405
Q4WYQ4	GO:0005828	0.420
Q4WZV3	GO:0005633	0.480
Q4WZV3	GO:0005736	0.406
Q4WZV3	GO:0005828	0.698
Q53IN4	GO:0005633	0.304
Q53IN4	GO:0005737	0.347
Q53IN4	GO:0005828	0.420
Q57V03	GO:0005828	0.495
Q57XN4	GO:0005633	0.355
Q57XN4	GO:0005828	0.481
Q57YA3	GO:0005633	0.364
Q57YJ0	GO:0005828	0.312
Q57YS8	GO:0005828	0.352
Q57ZI5	GO:0005633	0.322
Q581Z0	GO:0005633	0.407
Q581Z0	GO:0005737	0.315
Q582T2	GO:0005828	0.320
Q583E0	GO:0005633	0.316
Q583E0	GO:0005736	0.345
Q583E0	GO:0005828	0.359
Q584I8	GO:0005828	0.482
Q586F4	GO:0005633	0.488
Q586F4	GO:0005737	0.336
Q58T34	GO:0005828	0.737
Q59S64	GO:0005736	0.434
Q59S64	GO:0005828	0.380
Q59TS6	GO:0005633	0.525
Q5A786	GO:0005828	0.803
Q5AHE5	GO:0005782	0.617
Q5ALM0	GO:0005633	0.703
Q5ALM0	GO:0005736	0.467
Q5ALM0	GO:0005828	0.781
Q5ASR7	GO:0005633	0.352
Q5AUU3	GO:0005633	0.317
Q5AUU3	GO:0005828	0.341
Q5AV79	GO:0005633	0.663
Q5AV79	GO:0005736	0.327
Q5AV79	GO:0005828	0.546
Q5AY37	GO:0005736	0.386
Q5AY37	GO:0005828	0.563
Q5AY39	GO:0005828	0.819
Q5AZ79	GO:0005576	0.413
Q5BEU0	GO:0005576	0.323
Q5CT41	GO:0005793	0.424
Q5CW91	GO:0005737	0.589
Q5EP34	GO:0005828	0.540
Q5F676	GO:0005828	0.488
Q5F6V8	GO:0005736	0.306
Q5F6V8	GO:0005828	0.698
Q5F9Y4	GO:0005576	0.564
Q5JFE2	GO:0005828	0.591
Q5JFH3	GO:0005828	0.306
Q5JGN5	GO:0005828	0.640
Q5JHC6	GO:0005633	0.306
Q5JHC6	GO:0005828	0.763
Q5JIV0	GO:0005828	0.706
Q5JJG6	GO:0005828	0.358
Q5SC46	GO:0005633	0.788
Q5SC46	GO:0005736	0.364
Q5SC46	GO:0005828	0.342
Q5SC47	GO:0005633	0.476
Q5SC47	GO:0005737	0.335
Q5SC49	GO:0005828	0.367
Q5SC57	GO:0005736	0.569
Q5SC57	GO:0005828	0.363
Q5U2T9	GO:0005828	0.520
Q5U3T5	GO:0005633	0.589
Q5U3T5	GO:0005652	0.325
Q63YU2	GO:0005737	0.574
Q64845	GO:0005828	0.344
Q66ID3	GO:0005828	0.306
Q6FNA9	GO:0005633	0.473
Q6FNA9	GO:0005828	0.304
Q6I6C7	GO:0005737	0.463
Q6LX38	GO:0005828	0.661
Q6LX55	GO:0005633	0.531
Q6LX55	GO:0005828	0.501
Q6LXX7	GO:0005633	0.458
Q6LXX7	GO:0005736	0.377
Q6LXX7	GO:0005828	0.687
Q6LZC0	GO:0005885	0.301
Q6LZM4	GO:0005828	0.301
Q6MWX1	GO:0005633	0.361
Q6MWX1	GO:0005828	0.683
Q6NKR8	GO:0005633	0.337
Q6PHP4	GO:0005633	0.457
Q6TDU5	GO:0005828	0.722
Q6XEC0	GO:0005576	0.372
Q6XEC0	GO:0031010	0.425
Q6YD93	GO:0005576	0.651
Q6YF29	GO:0005576	0.345
Q6YF30	GO:0005576	0.442
Q6ZI01	GO:0005828	0.333
Q70KH3	GO:0005633	0.318
Q70KH3	GO:0005828	0.717
Q70KH6	GO:0005828	0.671
Q716G6	GO:0005828	0.451
Q716G6	GO:0045271	0.323
Q75LV6	GO:0005652	0.396
Q75LV6	GO:0005736	0.402
Q75LV6	GO:0005828	0.481
Q75T84	GO:0005576	0.364
Q75T84	GO:0005828	0.434
Q7CYC6	GO:0005828	0.472
Q7CYK9	GO:0005828	0.429
Q7DDD9	GO:0005828	0.405
Q7K003	GO:0005633	0.490
Q7LXJ7	GO:0005633	0.301
Q7LXK6	GO:0005633	0.410
Q7PPZ8	GO:0005576	0.778
Q7PPZ8	GO:0005614	0.306
Q7PRX9	GO:0005576	0.446
Q7Q5J5	GO:0005828	0.468
Q7S3P5	GO:0005576	0.515
Q7Z9L5	GO:0005576	0.332
Q7ZW18	GO:0005782	0.455
Q7ZW18	GO:0005828	0.306
Q814Z4	GO:0005633	0.531
Q814Z4	GO:0005736	0.812
Q814Z4	GO:0005828	0.858
Q814Z5	GO:0005576	0.417
Q814Z5	GO:0005828	0.541
Q82ZE0	GO:0005576	0.650
Q82ZE0	GO:0005828	0.323
Q834T0	GO:0005576	0.526
Q834T0	GO:0005828	0.438
Q836G2	GO:0005736	0.345
Q83XP3	GO:0005828	0.827
Q83YH3	GO:0005828	0.463
Q86PT9	GO:0005576	0.465
Q8CWM9	GO:0005633	0.401
Q8CWM9	GO:0005652	0.410
Q8CWM9	GO:0005828	0.532
Q8CWN0	GO:0005828	0.593
Q8GY45	GO:0005633	0.592
Q8IAM2	GO:0005633	0.487
Q8IAM2	GO:0005828	0.863
Q8IJM5	GO:0005736	0.399
Q8IJM5	GO:0005828	0.559
Q8IKT4	GO:0005633	0.387
Q8IKT4	GO:0005737	0.548
Q8IL48	GO:0005633	0.427
Q8IL80	GO:0005633	0.424
Q8IL80	GO:0005736	0.306
Q8IL80	GO:0005828	0.667
Q8KN66	GO:0005737	0.341
Q8KN66	GO:0005828	0.617
Q8QV69	GO:0005633	0.480
Q8QV69	GO:0005737	0.464
Q8RI81	GO:0005633	0.387
Q8RI81	GO:0005828	0.321
Q8SBJ2	GO:0005633	0.333
Q8SBJ2	GO:0005828	0.301
Q8SYK4	GO:0005633	0.309
Q8TZM6	GO:0005664	0.574
Q8TZM6	GO:0005828	0.621
Q8U0T4	GO:0005828	0.629
Q8U0V2	GO:0005828	0.720
Q8U3B0	GO:0005633	0.592
Q8U3B0	GO:0005828	0.619
Q8U3G4	GO:0005633	0.328
Q8U3G4	GO:0005828	0.837
Q8U594	GO:0005633	0.473
Q8U5I9	GO:0005828	0.466
Q8UET8	GO:0005828	0.558
Q8VEZ1	GO:0005885	0.500
Q8W570	GO:0005828	0.514
Q8X1N0	GO:0005633	0.310
Q8X1N0	GO:0005828	0.339
Q8X1T7	GO:0005576	0.624
Q8X1T9	GO:0005576	0.513
Q8XAN6	GO:0005828	0.502
Q8ZL98	GO:0005828	0.658
Q92234	GO:0005576	0.790
Q92PZ7	GO:0005828	0.368
Q92ZP7	GO:0005633	0.391
Q92ZP7	GO:0005828	0.694
Q92ZP8	GO:0005828	0.684
Q92ZP9	GO:0005828	0.547
Q95ZD7	GO:0005828	0.812
Q963F7	GO:0005828	0.481
Q97U12	GO:0005633	0.385
Q97U12	GO:0005736	0.308
Q97U12	GO:0005828	0.669
Q97Z82	GO:0005633	0.314
Q97Z82	GO:0005828	0.534
Q97ZH4	GO:0005633	0.544
Q97ZJ8	GO:0000502	0.374
Q97ZJ8	GO:0005633	0.436
Q97ZJ8	GO:0005736	0.332
Q97ZJ8	GO:0005828	0.582
Q97ZR1	GO:0005633	0.404
Q97ZR1	GO:0005828	0.370
Q980C5	GO:0005828	0.646
Q980F7	GO:0005633	0.313
Q980F7	GO:0005828	0.480
Q980J6	GO:0005633	0.479
Q980J6	GO:0005828	0.462
Q980V0	GO:0005633	0.413
Q980V0	GO:0005828	0.381
Q98500	GO:0005828	0.530
Q988D3	GO:0005633	0.411
Q988D3	GO:0005828	0.790
Q98TY6	GO:0005828	0.487
Q99YA0	GO:0005828	0.446
Q9AUD8	GO:0005828	0.514
Q9AYZ3	GO:0005736	0.326
Q9AYZ3	GO:0005828	0.421
Q9BJ36	GO:0005737	0.725
Q9C7T1	GO:0005633	0.402
Q9CZP3	GO:0005633	0.399
Q9DAE2	GO:0005633	0.395
Q9DAE2	GO:0005652	0.676
Q9DAE2	GO:0005828	0.429
Q9DQA5	GO:0005828	0.360
Q9F7D7	GO:0005736	0.352
Q9F7D7	GO:0005828	0.682
Q9F7D8	GO:0005828	0.548
Q9F7E3	GO:0005737	0.554
Q9F7E3	GO:0005828	0.647
Q9F7E4	GO:0005633	0.407
Q9F7E4	GO:0005828	0.560
Q9FD33	GO:0005633	0.420
Q9FD33	GO:0005828	0.665
Q9FD36	GO:0005828	0.615
Q9FKQ7	GO:0005633	0.393
Q9HSN1	GO:0005576	0.308
Q9HSN1	GO:0005828	0.527
Q9J4L7	GO:0005633	0.681
Q9J4L7	GO:0005828	0.345
Q9JN36	GO:0005828	0.595
Q9K0P4	GO:0005633	0.391
Q9K0P4	GO:0005828	0.691
Q9K163	GO:0005828	0.451
Q9KJT3	GO:0005885	0.301
Q9KJT4	GO:0005828	0.784
Q9L391	GO:0005828	0.513
Q9L392	GO:0005576	0.366
Q9L392	GO:0005736	0.391
Q9L392	GO:0005828	0.743
Q9L393	GO:0005828	0.666
Q9LZE4	GO:0005828	0.355
Q9M1Q2	GO:0005828	0.360
Q9MBY2	GO:0005633	0.327
Q9MBY2	GO:0005828	0.339
Q9MCT0	GO:0005828	0.503
Q9MCT1	GO:0005828	0.505
Q9P8T0	GO:0005576	0.337
Q9R2F4	GO:0005736	0.354
Q9R2F4	GO:0005828	0.820
Q9RHD7	GO:0005633	0.432
Q9RHD7	GO:0005736	0.418
Q9RHD7	GO:0005828	0.799
Q9SJV0	GO:0005828	0.427
Q9SJV0	GO:0022625	0.409
Q9SWW0	GO:0005828	0.380
Q9SX57	GO:0005828	0.450
Q9VGV8	GO:0005633	0.305
Q9VGV8	GO:0005828	0.489
Q9VJ31	GO:0005828	0.778
Q9VQK4	GO:0005793	0.480
Q9VW78	GO:0005885	0.344
Q9VWS0	GO:0005633	0.575
Q9WYV6	GO:0005633	0.306
Q9WYV6	GO:0005828	0.558
Q9Y7G9	GO:0005576	0.421
Q9Y7H0	GO:0005576	0.546
Q9Y8F0	GO:0005576	0.388
Q9ZPL5	GO:0009505	0.426
Q9ZUB7	GO:0005828	0.317
Q9ZVA7	GO:0005885	0.320
Q9ZW72	GO:0005828	0.504
Q9ZW72	GO:0009504	0.496
R9UC04	GO:0005576	0.355
R9UC06	GO:0005576	0.548
R9UE65	GO:0005576	0.718
S0ENW0	GO:0005633	0.304
S0ENW0	GO:0005737	0.347
S0ENW0	GO:0005828	0.420
S3DQQ9	GO:0005633	0.561
S3DQQ9	GO:0005652	0.415
S3DQQ9	GO:0005828	0.573
S8ESV1	GO:0005828	0.304
S8EUF0	GO:0005828	0.403
S8EV69	GO:0005828	0.340
S8EYU3	GO:0005736	0.319
S8F0G9	GO:0005633	0.567
S8F0G9	GO:0005828	0.333
S8F527	GO:0005828	0.415
S8G6L4	GO:0005828	0.595
S8GI44	GO:0005828	0.350
T2BMW7	GO:0005633	0.458
T2BMW7	GO:0005736	0.388
T2BMW7	GO:0005828	0.424
U4PLN7	GO:0005633	0.396
U6KQJ2	GO:0005614	0.308
U6KQJ2	GO:0005828	0.360
V9GX91	GO:0005828	0.344
V9LFM0	GO:0005828	0.381
V9TNS0	GO:0005828	0.600
V9TT49	GO:0005828	0.734
W1Q7S6	GO:0005737	0.350
W1Q7S6	GO:0005828	0.463
W1QB31	GO:0005633	0.342
W1QB31	GO:0005828	0.545
W1QDJ3	GO:0005828	0.750
W1QET1	GO:0005633	0.414
W1QET1	GO:0005736	0.358
W1QET1	GO:0005828	0.446
W1QGQ0	GO:0005633	0.555
W1QGQ0	GO:0005828	0.711
W1QJK0	GO:0005633	0.500
W1QJK0	GO:0005828	0.633
W1QL91	GO:0005782	0.393
W6JLB7	GO:0005576	0.300
W6JLB7	GO:0005782	0.457
W6JLV4	GO:0005828	0.336
W6JPP9	GO:0005633	0.399
W6JPP9	GO:0005828	0.385
W6QKQ9	GO:0005828	0.371
W6QN79	GO:0005736	0.322
W6QN79	GO:0005828	0.497
W6QTE8	GO:0005633	0.478
W6QTE8	GO:0005828	0.475
W6QTF2	GO:0005633	0.618
W6R6G5	GO:0005576	0.356
W6R6H4	GO:0005828	0.330
W7L9C2	GO:0005633	0.464
W7L9C2	GO:0005828	0.379
W7MMJ4	GO:0005885	0.353
W7N6P5	GO:0005633	0.530
W7N6P5	GO:0005652	0.357
W8NQ71	GO:0005576	0.792
W8NXX4	GO:0005576	0.442
W8P1J0	GO:0005576	0.396
X0JZ91	GO:0005736	0.344
X0JZ91	GO:0005828	0.518
