A0A023PMT2	GO:0005576	0.961
A0A059U8Y9	GO:0005576	0.939
A0A059WI14	GO:0005829	0.644
A0A067N4H9	GO:0005576	0.818
A0A067N4P3	GO:0005576	0.803
A0A067N4P7	GO:0005576	0.842
A0A067N582	GO:0005576	0.794
A0A067N582	GO:0020002	0.364
A0A067N582	GO:0031160	0.554
A0A067N648	GO:0005576	0.748
A0A067N648	GO:0020002	0.324
A0A067N648	GO:0031160	0.407
A0A067N7P3	GO:0005576	0.871
A0A067N7P3	GO:0020002	0.364
A0A067N7P3	GO:0031160	0.517
A0A067N7P3	GO:0042025	0.329
A0A067N7P3	GO:0140593	0.309
A0A067NEJ5	GO:0005576	0.768
A0A067NFU6	GO:0005576	0.828
A0A067NFU6	GO:0031160	0.520
A0A067NFU6	GO:0140593	0.321
A0A067NGV3	GO:0005576	0.712
A0A067NHE1	GO:0005576	0.693
A0A067NHE1	GO:0020002	0.378
A0A067NHW8	GO:0005576	0.708
A0A067NHW8	GO:0031160	0.637
A0A067NMT6	GO:0005576	0.768
A0A067NMT6	GO:0031160	0.319
A0A067NN74	GO:0005576	0.706
A0A067NN74	GO:0031160	0.381
A0A067NRJ8	GO:0005576	0.808
A0A067NRJ8	GO:0031160	0.506
A0A067NRQ5	GO:0005576	0.772
A0A067NRQ5	GO:0031160	0.649
A0A067P0I9	GO:0005576	0.818
A0A067P1E6	GO:0005576	0.803
A0A067P1E6	GO:0031160	0.404
A0A067P1K6	GO:0005576	0.762
A0A067P1K6	GO:0031160	0.454
A0A067P1K6	GO:0140593	0.305
A0A067P494	GO:0005576	0.805
A0A067P943	GO:0005576	0.742
A0A067P943	GO:0031160	0.353
A0A067PCX8	GO:0005576	0.771
A0A067PCX8	GO:0020002	0.329
A0A067PCX8	GO:0031160	0.374
A0A067PCX8	GO:0140593	0.316
A0A075D654	GO:0005886	0.343
A0A075D6M1	GO:0005829	0.380
A0A077Y877	GO:0005886	0.642
A0A087WWS6	GO:0005576	0.629
A0A087WWS6	GO:0005615	0.558
A0A089LCJ8	GO:0005829	0.571
A0A089MMR2	GO:0005829	0.525
A0A0A2IC94	GO:0005576	0.721
A0A0A2IC94	GO:0031160	0.807
A0A0A2J434	GO:0005576	0.759
A0A0A2J9B3	GO:0000785	0.362
A0A0A2J9B3	GO:0005634	0.823
A0A0A2JK41	GO:0005576	0.815
A0A0A2JSZ6	GO:0005576	0.618
A0A0A2JSZ6	GO:0031160	0.781
A0A0A2K253	GO:0005576	0.704
A0A0A2K6S6	GO:0000785	0.325
A0A0A2K6S6	GO:0005634	0.828
A0A0A2K7M3	GO:0005576	0.636
A0A0A2K7M3	GO:0031160	0.502
A0A0A2KI06	GO:0005576	0.674
A0A0A2KI06	GO:0009277	0.471
A0A0A2KI06	GO:0031160	0.327
A0A0A8X338	GO:0005886	0.826
A0A0B4K7K9	GO:0098831	0.363
A0A0B5JC15	GO:0005576	0.802
A0A0C3D4E3	GO:0005576	0.921
A0A0D1BZL3	GO:0005576	0.765
A0A0D1BZL3	GO:0031160	0.476
A0A0D1C4X3	GO:0005829	0.430
A0A0D1C4X3	GO:0005886	0.329
A0A0D1C5X6	GO:0005576	0.544
A0A0D1C5X6	GO:0005615	0.456
A0A0D1CKI0	GO:0005576	0.647
A0A0D1CKI0	GO:0009277	0.398
A0A0D1CKI0	GO:0030446	0.512
A0A0D1DPX0	GO:0005576	0.715
A0A0D1E951	GO:0000324	0.351
A0A0D1E951	GO:0005576	0.529
A0A0D6DQE6	GO:0005576	0.323
A0A0D6DQE6	GO:0005615	0.340
A0A0E0S0W9	GO:0005634	0.483
A0A0E0S0W9	GO:0005737	0.458
A0A0E0S0W9	GO:0005829	0.402
A0A0E1RWJ5	GO:0005829	0.363
A0A0E1RWL5	GO:0005829	0.492
A0A0E3D8N3	GO:0005783	0.365
A0A0F4YI33	GO:0005634	0.420
A0A0F4YI33	GO:0005829	0.387
A0A0F6B281	GO:0005829	0.727
A0A0F6B5X3	GO:0032993	0.513
A0A0F6B5X3	GO:0110001	0.994
A0A0F6B8D8	GO:0005829	0.364
A0A0F6B8D9	GO:0005829	0.354
A0A0F6B8D9	GO:0032993	0.603
A0A0F6B8D9	GO:0110001	0.989
A0A0F6BAH8	GO:0032993	0.650
A0A0F6BAH8	GO:0110001	0.975
A0A0F6BAH9	GO:0005829	0.392
A0A0F6NRE2	GO:0005576	0.749
A0A0F7TWW9	GO:0005739	0.727
A0A0F7TZ11	GO:0005783	0.547
A0A0F7U0K0	GO:0005783	0.657
A0A0F9X418	GO:0005634	0.393
A0A0F9X418	GO:0005829	0.566
A0A0G4KL96	GO:0005576	0.810
A0A0G4PJR9	GO:0005576	0.685
A0A0G4PJR9	GO:0031160	0.850
A0A0H2X5R2	GO:0005829	0.432
A0A0H2X6L3	GO:0005829	0.474
A0A0H2X6L3	GO:0005886	0.356
A0A0H2XAU1	GO:0032993	0.652
A0A0H3DN66	GO:0005634	0.376
A0A0H3HFP3	GO:0030288	0.875
A0A0H3HFP3	GO:0042597	0.307
A0A0H3HQS6	GO:0005886	0.874
A0A0H3HW87	GO:0005886	0.944
A0A0H3HYU6	GO:0005886	0.358
A0A0H3HYU6	GO:0032993	0.666
A0A0H3HZ79	GO:0005576	0.556
A0A0H3HZ79	GO:0009279	0.391
A0A0H3KA40	GO:0005886	0.840
A0A0H3LMJ1	GO:0005886	0.712
A0A0H3LVU7	GO:0005886	0.798
A0A0H3LVU7	GO:0015627	0.323
A0A0J9U5N0	GO:0005634	0.924
A0A0J9U922	GO:0005634	0.896
A0A0J9UHQ6	GO:0005576	0.633
A0A0J9UHQ6	GO:0009277	0.833
A0A0J9UHQ6	GO:0009986	0.425
A0A0J9UHQ6	GO:0030446	0.412
A0A0J9UJP6	GO:0005576	0.737
A0A0J9UPF5	GO:0005634	0.841
A0A0J9UVX2	GO:0005634	0.440
A0A0J9UVX2	GO:0005737	0.431
A0A0J9UVX2	GO:0005886	0.309
A0A0J9V2V7	GO:0005634	0.628
A0A0J9V2V7	GO:0036396	0.334
A0A0J9VT58	GO:0005634	0.806
A0A0J9VYS2	GO:0005634	0.766
A0A0J9W3S9	GO:0005634	0.804
A0A0J9W9G2	GO:0005634	0.828
A0A0J9WAS0	GO:0005634	0.818
A0A0J9WG94	GO:0000785	0.380
A0A0J9WG94	GO:0005634	0.853
A0A0J9WP80	GO:0005634	0.771
A0A0J9WQL2	GO:0005634	0.659
A0A0J9WQL2	GO:0005829	0.344
A0A0J9WTU0	GO:0005634	0.574
A0A0J9WVC0	GO:0005634	0.831
A0A0K3AT66	GO:0005576	0.331
A0A0K3AT66	GO:0005615	0.301
A0A0K3AWP8	GO:0140268	0.388
A0A0L1JEW4	GO:0005783	0.604
A0A0L1JEW4	GO:0005789	0.388
A0A0L1JEX1	GO:0005829	0.540
A0A0L1JF11	GO:0005829	0.390
A0A0L1JF88	GO:0005829	0.337
A0A0L1JF88	GO:0005886	0.588
A0A0L1JF88	GO:0009274	0.385
A0A0L1JG62	GO:0005829	0.349
A0A0L8FVQ9	GO:0005886	0.566
A0A0M4JNZ0	GO:0005886	0.604
A0A0M4JNZ6	GO:0005886	0.592
A0A0M8MV11	GO:0005783	0.553
A0A0M8MW83	GO:0005783	0.536
A0A0M8MZA1	GO:0005634	0.527
A0A0M8MZA1	GO:0005829	0.465
A0A0M8N026	GO:0005783	0.493
A0A0M8N4S6	GO:0005829	0.532
A0A0M8N8C7	GO:0005783	0.485
A0A0M8N8I0	GO:0005829	0.519
A0A0M8N9N3	GO:0005634	0.507
A0A0M8N9N3	GO:0005829	0.344
A0A0M8N9Q3	GO:0005829	0.401
A0A0M8N9Y5	GO:0005886	0.626
A0A0M9VUG7	GO:0005783	0.543
A0A0M9VUI4	GO:0005634	0.375
A0A0M9VUI4	GO:0005829	0.310
A0A0M9VUJ4	GO:0005739	0.522
A0A0M9VUP1	GO:0005829	0.330
A0A0M9VX54	GO:0005634	0.662
A0A0M9VX54	GO:0005829	0.643
A0A0M9VX70	GO:0005829	0.350
A0A0M9VX84	GO:0005783	0.309
A0A0M9VXC7	GO:0005634	0.385
A0A0M9VXC7	GO:0005829	0.585
A0A0N0RTK4	GO:0005829	0.422
A0A0N7FMT9	GO:0005576	0.929
A0A0N7KBN8	GO:0005576	0.886
A0A0N9LWM6	GO:0005576	0.796
A0A0P0UTI6	GO:0005576	0.818
A0A0P0UTJ1	GO:0005576	0.858
A0A0P0UTJ1	GO:0005615	0.449
A0A0P0UTQ7	GO:0005576	0.943
A0A0Q9K4R6	GO:0005829	0.580
A0A0Q9K529	GO:0005829	0.497
A0A0Q9K5G9	GO:0005829	0.536
A0A0Q9K5G9	GO:0031472	0.466
A0A0Q9KFZ4	GO:0005829	0.513
A0A0U3AB61	GO:0005829	0.597
A0A0U3CEN8	GO:0005829	0.394
A0A0U3S9Q3	GO:0005829	0.641
A0A0U4AHM6	GO:0005829	0.712
A0A0U4BHM2	GO:0005829	0.611
A0A125YIC2	GO:0005886	0.358
A0A125YQJ0	GO:0005783	0.612
A0A125YQJ0	GO:0005788	0.373
A0A125YQJ0	GO:0012505	0.454
A0A125YQS6	GO:0005886	0.557
A0A125YS62	GO:0005634	0.362
A0A125YS62	GO:0005737	0.514
A0A125YS62	GO:0005829	0.350
A0A125YS62	GO:0010494	0.347
A0A125YS62	GO:0034518	0.444
A0A125YWU9	GO:0005886	0.575
A0A125YY17	GO:0005794	0.308
A0A125YY17	GO:0005886	0.454
A0A125YY17	GO:0140220	0.476
A0A125YYB5	GO:0005634	0.498
A0A125YYB5	GO:0005739	0.316
A0A125YZ71	GO:0005783	0.408
A0A140GN71	GO:0005576	0.325
A0A161YAH9	GO:0005829	0.431
A0A162LR42	GO:0005634	0.854
A0A162LR42	GO:0005737	0.389
A0A162LR42	GO:0005829	0.390
A0A162P542	GO:0005739	0.308
A0A162P542	GO:0005829	0.346
A0A162P552	GO:0005783	0.549
A0A166ACJ5	GO:0005634	0.323
A0A166ACJ5	GO:0005737	0.302
A0A166ACJ5	GO:0005829	0.508
A0A172QE52	GO:0005829	0.337
A0A194VNL2	GO:0005634	0.395
A0A194VNL2	GO:0005737	0.441
A0A194VNL2	GO:0005829	0.410
A0A194VQ39	GO:0005886	0.802
A0A194VQN7	GO:0005829	0.372
A0A194VQT0	GO:0005886	0.607
A0A194VR61	GO:0005829	0.363
A0A194VTS2	GO:0005829	0.390
A0A194VU23	GO:0005783	0.538
A0A194VUA1	GO:0005829	0.328
A0A194VUA1	GO:0005835	0.515
A0A194VXQ8	GO:0005835	0.305
A0A194VZB5	GO:0005829	0.376
A0A194W185	GO:0005634	0.671
A0A194W185	GO:0005737	0.349
A0A194W185	GO:0005829	0.468
A0A194W8T8	GO:0005737	0.368
A0A194W8T8	GO:0005829	0.318
A0A194W8T8	GO:0005886	0.312
A0A194W8T8	GO:0032153	0.519
A0A194W8T8	GO:0051286	0.396
A0A194WAB9	GO:0005829	0.367
A0A194WDG1	GO:0005634	0.625
A0A194WDG1	GO:0005737	0.427
A0A194WDG1	GO:0005829	0.439
A0A1B0GRQ3	GO:0005829	0.305
A0A1B5KW97	GO:0005634	0.611
A0A1B5KW97	GO:0005737	0.439
A0A1B5KW97	GO:0005829	0.537
A0A1C3NEV1	GO:0005886	0.799
A0A1D8PCF5	GO:0005634	0.496
A0A1D8PCF5	GO:0005737	0.405
A0A1D8PCM7	GO:0005634	0.779
A0A1D8PCT5	GO:0005783	0.303
A0A1D8PDI4	GO:0005634	0.888
A0A1D8PE43	GO:0005634	0.859
A0A1D8PEH1	GO:0005634	0.917
A0A1D8PEJ0	GO:0005783	0.310
A0A1D8PG41	GO:0005634	0.760
A0A1D8PG41	GO:0005737	0.353
A0A1D8PGF3	GO:0005634	0.832
A0A1D8PHW6	GO:0005634	0.796
A0A1D8PI22	GO:0005783	0.321
A0A1D8PJ01	GO:0005886	0.677
A0A1D8PJ72	GO:0005634	0.631
A0A1D8PJ96	GO:0005634	0.825
A0A1D8PJJ7	GO:0005634	0.733
A0A1D8PJX7	GO:0005634	0.588
A0A1D8PKB4	GO:0005634	0.500
A0A1D8PKB4	GO:0005737	0.448
A0A1D8PKB4	GO:0005935	0.554
A0A1D8PKB4	GO:0030428	0.345
A0A1D8PKB5	GO:0005634	0.731
A0A1D8PKB5	GO:0089716	0.382
A0A1D8PKI7	GO:0005634	0.566
A0A1D8PKI7	GO:0005737	0.301
A0A1D8PL89	GO:0005634	0.857
A0A1D8PLA4	GO:0005634	0.716
A0A1D8PLA4	GO:0005737	0.319
A0A1D8PLH4	GO:0005634	0.773
A0A1D8PLI4	GO:0005634	0.769
A0A1D8PLT8	GO:0005634	0.512
A0A1D8PLT8	GO:0005737	0.570
A0A1D8PM93	GO:0000932	0.694
A0A1D8PM93	GO:0005634	0.304
A0A1D8PM93	GO:0005737	0.515
A0A1D8PMB8	GO:0005737	0.352
A0A1D8PMB8	GO:0005829	0.578
A0A1D8PME2	GO:0005634	0.670
A0A1D8PME2	GO:0005737	0.316
A0A1D8PMM6	GO:0005783	0.332
A0A1D8PMQ3	GO:0000324	0.343
A0A1D8PMQ3	GO:0005783	0.336
A0A1D8PN93	GO:0005634	0.668
A0A1D8PN93	GO:0005737	0.388
A0A1D8PNF7	GO:0005634	0.719
A0A1D8PNM8	GO:0005634	0.767
A0A1D8PNN1	GO:0005634	0.636
A0A1D8PPQ3	GO:0005634	0.692
A0A1D8PPQ3	GO:0005737	0.327
A0A1D8PRB7	GO:0005634	0.718
A0A1D8PRL9	GO:0005634	0.860
A0A1D8PSC7	GO:0005634	0.800
A0A1D8PT64	GO:0005634	0.706
A0A1D8PU45	GO:0005634	0.799
A0A1D9PXD2	GO:0000785	0.353
A0A1D9PXD2	GO:0005634	0.912
A0A1D9PYE1	GO:0000785	0.494
A0A1D9PYE1	GO:0005634	0.912
A0A1D9Q0B7	GO:0005634	0.376
A0A1D9Q0B7	GO:0005829	0.610
A0A1D9QBH7	GO:0005634	0.326
A0A1D9QBH7	GO:0005829	0.421
A0A1D9QGL5	GO:0000785	0.419
A0A1D9QGL5	GO:0005634	0.918
A0A1D9QMS2	GO:0005634	0.444
A0A1D9QMS2	GO:0005737	0.414
A0A1D9QMS2	GO:0005829	0.401
A0A1D9QMS2	GO:0031588	0.424
A0A1E1GEY0	GO:0005576	0.475
A0A1E1GEY0	GO:0005615	0.480
A0A1E1GEY0	GO:0031012	0.354
A0A1E3M8P2	GO:0005829	0.612
A0A1F5L592	GO:0005634	0.408
A0A1F5L592	GO:0005829	0.583
A0A1H1YBL2	GO:0005886	0.802
A0A1H1YBL2	GO:0009274	0.485
A0A1I1NU16	GO:0005886	0.657
A0A1I1NU27	GO:0005829	0.385
A0A1I1P074	GO:0005829	0.322
A0A1I1P074	GO:0005886	0.309
A0A1I1P2K9	GO:0005634	0.301
A0A1I1P2K9	GO:0005737	0.324
A0A1I1P2K9	GO:0005829	0.362
A0A1I9QLC3	GO:0005576	0.723
A0A1I9QLC4	GO:0005576	0.727
A0A1I9QLC5	GO:0005576	0.751
A0A1I9QLC5	GO:0031160	0.519
A0A1I9QLC6	GO:0005576	0.710
A0A1I9QLC7	GO:0005576	0.713
A0A1I9QLC7	GO:0031160	0.300
A0A1I9QLC8	GO:0005576	0.716
A0A1I9QLC8	GO:0020002	0.306
A0A1I9QLC9	GO:0005576	0.683
A0A1I9QLC9	GO:0009277	0.441
A0A1I9QLC9	GO:0031160	0.481
A0A1I9QLD0	GO:0005576	0.711
A0A1I9QLD0	GO:0031160	0.393
A0A1I9QLD1	GO:0005576	0.750
A0A1I9QLD1	GO:0031160	0.379
A0A1L7NVA6	GO:0005739	0.643
A0A1L8F8I9	GO:0000781	0.411
A0A1L8F8I9	GO:0005634	0.406
A0A1L8F8I9	GO:0005654	0.553
A0A1L9X983	GO:0005783	0.536
A0A1L9X985	GO:0005634	0.507
A0A1L9X985	GO:0005829	0.531
A0A1L9X986	GO:0005634	0.672
A0A1L9X996	GO:0005634	0.610
A0A1L9X9G5	GO:0005829	0.521
A0A1L9X9H4	GO:0005576	0.731
A0A1Q5Q699	GO:0005634	0.395
A0A1Q5Q699	GO:0005829	0.547
A0A1S4F362	GO:0005886	0.636
A0A1S4FD88	GO:0005886	0.547
A0A1U8CC89	GO:0005829	0.715
A0A1V6KBG7	GO:0005886	0.466
A0A1V6KBG7	GO:0009274	0.518
A0A218P055	GO:0005666	0.304
A0A218P055	GO:0005829	0.439
A0A219TTW8	GO:0005576	0.817
A0A219TTW8	GO:0140593	0.318
A0A223GB52	GO:0005634	0.447
A0A223GB52	GO:0005737	0.331
A0A223GB52	GO:0005829	0.317
A0A223GEB2	GO:0005634	0.316
A0A223GEB2	GO:0005829	0.421
A0A223HDH4	GO:0005737	0.348
A0A223HDH4	GO:0005829	0.627
A0A223HDI2	GO:0005829	0.475
A0A223HDI5	GO:0005829	0.579
A0A224AHH8	GO:0005576	0.459
A0A224AHH8	GO:0005615	0.757
A0A224AU14	GO:0005886	0.659
A0A224AU14	GO:0009274	0.516
A0A224AUB0	GO:0005886	0.882
A0A224AUB0	GO:0009274	0.495
A0A261GRE4	GO:0005576	0.488
A0A261GVB1	GO:0005576	0.380
A0A261GVB1	GO:0005829	0.349
A0A286YEU6	GO:0005886	0.933
A0A287BIW9	GO:0005813	0.444
A0A2G0QDN4	GO:0005634	0.307
A0A2G0QDN4	GO:0005829	0.345
A0A2G0QDP0	GO:0005829	0.493
A0A2H0ZWD0	GO:0005634	0.876
A0A2H0ZWD0	GO:0005737	0.500
A0A2H0ZYD3	GO:0005829	0.381
A0A2H0ZYD3	GO:0005955	0.717
A0A2H1K3G9	GO:0005886	0.742
A0A2H1K3G9	GO:0009274	0.448
A0A2H4S6M4	GO:0005576	0.545
A0A2H4S6M4	GO:0009277	0.452
A0A2H4S6M4	GO:0009986	0.322
A0A2H4S6M4	GO:0030446	0.726
A0A2H4S6M4	GO:0031160	0.319
A0A2H4SBS0	GO:0005576	0.830
A0A2H4SBS0	GO:0031160	0.460
A0A2H4SBS0	GO:0140593	0.331
A0A2H4SHM4	GO:0005576	0.833
A0A2H4SHM4	GO:0140593	0.462
A0A2H4SI69	GO:0005576	0.809
A0A2H4SI69	GO:0031160	0.640
A0A2H4SKW2	GO:0005576	0.718
A0A2H4SKW2	GO:0031160	0.734
A0A2K3D179	GO:0005829	0.432
A0A2P1AAV1	GO:0005886	0.704
A0A2P5I554	GO:0005634	0.518
A0A2P5I554	GO:0005737	0.331
A0A2P5I554	GO:0005829	0.443
A0A2R8Y4L6	GO:0005886	0.941
A0A2R8YED5	GO:0005886	0.920
A0A2T1AE85	GO:0005829	0.697
A0A2T3YYV2	GO:0005576	0.699
A0A2T3YYV2	GO:0031160	0.615
A0A2T3Z3L3	GO:0005576	0.762
A0A2T3Z3L3	GO:0140593	0.342
A0A2T3ZAF2	GO:0005576	0.784
A0A2T3ZAF2	GO:0031160	0.344
A0A2T3ZAF2	GO:0140593	0.404
A0A2T3ZC06	GO:0005576	0.879
A0A2T3ZCF4	GO:0005576	0.798
A0A2T3ZCF4	GO:0140593	0.332
A0A2T3ZJ73	GO:0005576	0.701
A0A2T3ZJ73	GO:0030446	0.430
A0A2T3ZJ73	GO:0031160	0.381
A0A2T3ZJV9	GO:0005576	0.821
A0A2T3ZKC8	GO:0005576	0.814
A0A2Z5P0W7	GO:0005634	0.319
A0A2Z5P0W7	GO:0005829	0.500
A0A2Z5P2H9	GO:0005783	0.460
A0A2Z5U367	GO:0005634	0.563
A0A2Z5U367	GO:0005829	0.475
A0A2Z5U368	GO:0005634	0.439
A0A2Z5U368	GO:0005829	0.537
A0A2Z5U3C2	GO:0005783	0.661
A0A2Z5U3C2	GO:0005789	0.381
A0A2Z5U507	GO:0005634	0.439
A0A2Z5U507	GO:0005829	0.453
A0A2Z5U6I9	GO:0005783	0.564
A0A2Z5UFJ1	GO:0005634	0.476
A0A2Z5UFJ1	GO:0005829	0.614
A0A2Z5UHX0	GO:0005829	0.329
A0A2Z6E8J2	GO:0005783	0.467
A0A2Z6E8J6	GO:0005783	0.326
A0A2Z6E914	GO:0005576	0.721
A0A2Z6E917	GO:0005783	0.633
A0A2Z6E9B9	GO:0005634	0.457
A0A2Z6E9B9	GO:0005829	0.317
A0A2Z6E9C0	GO:0005783	0.481
A0A364LYQ6	GO:0005634	0.861
A0A364MYA3	GO:0005634	0.611
A0A364MYA3	GO:0005737	0.328
A0A364MYA3	GO:0005829	0.494
A0A364MYU4	GO:0005829	0.313
A0A384J6C4	GO:0005576	0.490
A0A384J6C4	GO:0009277	0.889
A0A384J6C4	GO:0009986	0.305
A0A384J6C4	GO:0030445	0.379
A0A384J6C4	GO:0030446	0.303
A0A384JA57	GO:0005576	0.822
A0A384JA57	GO:0031160	0.705
A0A384JA57	GO:0140593	0.301
A0A384JJH8	GO:0005576	0.618
A0A384JJM8	GO:0005576	0.736
A0A384JJM8	GO:0140593	0.416
A0A384JN58	GO:0005576	0.561
A0A384JN58	GO:0009277	0.677
A0A384JW35	GO:0005576	0.742
A0A384JW35	GO:0140593	0.344
A0A384JXV5	GO:0005576	0.901
A0A384K116	GO:0005576	0.509
A0A384K116	GO:0005886	0.370
A0A384K116	GO:0009277	0.894
A0A384K116	GO:0009986	0.375
A0A384K116	GO:0030428	0.349
A0A384K116	GO:0030445	0.401
A0A384K116	GO:0030446	0.386
A0A384K116	GO:1903561	0.310
A0A384K474	GO:0005576	0.906
A0A384K4T0	GO:0005886	0.511
A0A384KFT0	GO:0005634	0.512
A0A384KFT0	GO:0005737	0.388
A0A384KFT0	GO:0005829	0.673
A0A384L0Y7	GO:0005886	0.353
A0A385XI11	GO:0005634	0.343
A0A385XI11	GO:0005829	0.638
A0A385XI13	GO:0005634	0.710
A0A385XI13	GO:0005737	0.344
A0A385XI13	GO:0005829	0.538
A0A385XIL0	GO:0005634	0.767
A0A385XIL0	GO:0005730	0.680
A0A3A4NVY7	GO:0005829	0.328
A0A3A4NVY7	GO:0005886	0.372
A0A3A4NVY7	GO:0009274	0.456
A0A3B3IT45	GO:0005886	0.859
A0A3F2YLV2	GO:0031143	0.316
A0A3F2YLV2	GO:0032437	0.360
A0A3F2YLV2	GO:0045335	0.320
A0A3G1DJL7	GO:0005576	0.356
A0A3G1DJN1	GO:0005576	0.517
A0A3N2PQC3	GO:0005576	0.703
A0A3N2PQC3	GO:0031160	0.306
A0A3P8MJV5	GO:0005576	0.847
A0A3Q7EKL1	GO:0005634	0.889
A0A3Q7GZ09	GO:0000145	0.458
A0A3Q7GZ09	GO:0005886	0.312
A0A3Q7GZ09	GO:0009506	0.319
A0A3Q7JAD9	GO:0000145	0.485
A0A3R5XUE6	GO:0005886	0.322
A0A3S6I186	GO:0005576	0.505
A0A3S6I186	GO:0005615	0.667
A0A410UD22	GO:0005789	0.581
A0A423V942	GO:0005737	0.397
A0A423V942	GO:0005829	0.428
A0A423V942	GO:0005886	0.327
A0A423V942	GO:0032153	0.523
A0A423V942	GO:0051285	0.315
A0A423V942	GO:0051286	0.365
A0A423VH03	GO:0000785	0.352
A0A423VH03	GO:0005634	0.915
A0A423VM26	GO:0005576	0.702
A0A423VM26	GO:0009277	0.640
A0A423VRU0	GO:0005886	0.622
A0A423VRU0	GO:0031201	0.369
A0A423VRU0	GO:0071944	0.323
A0A423VUD1	GO:0005634	0.826
A0A423VUD1	GO:0005737	0.364
A0A423VWI2	GO:0005576	0.766
A0A423VYK3	GO:0005576	0.616
A0A423VYK3	GO:0009277	0.613
A0A423VZH2	GO:0005634	0.446
A0A423VZH2	GO:0005737	0.479
A0A423VZH2	GO:0005829	0.446
A0A423W697	GO:0005737	0.436
A0A423W697	GO:0030428	0.437
A0A423W697	GO:0032153	0.431
A0A423WA64	GO:0005634	0.616
A0A423WA64	GO:0005654	0.466
A0A423WA64	GO:0005737	0.478
A0A423WA64	GO:0005829	0.564
A0A423WHI6	GO:0005783	0.458
A0A423WHI6	GO:0005794	0.370
A0A423WHI6	GO:0031201	0.688
A0A429XC68	GO:0005829	0.529
A0A429XCI2	GO:0005829	0.625
A0A429XDI3	GO:0005829	0.628
A0A436ZRG7	GO:0005834	0.440
A0A436ZRG7	GO:0005886	0.583
A0A436ZRX2	GO:0005834	0.555
A0A436ZRX2	GO:0005886	0.565
A0A436ZWN6	GO:0005886	0.786
A0A436ZYJ3	GO:0005886	0.781
A0A437A045	GO:0005576	0.401
A0A437A6S9	GO:0005634	0.696
A0A437A6S9	GO:0005737	0.351
A0A437A6S9	GO:0005829	0.364
A0A437A7U4	GO:0005576	0.780
A0A437A807	GO:0005576	0.511
A0A437AER2	GO:0005834	0.507
A0A437AER2	GO:0005886	0.541
A0A437AFK1	GO:0000785	0.375
A0A437AFK1	GO:0005634	0.776
A0A437AGY2	GO:0005886	0.797
A0A455LJ99	GO:0005634	0.892
A0A455ZIK8	GO:0005783	0.501
A0A455ZIM5	GO:0000329	0.312
A0A455ZIM6	GO:0005886	0.693
A0A455ZJD4	GO:0005829	0.351
A0A455ZJM4	GO:0005576	0.426
A0A455ZKR7	GO:0005634	0.324
A0A455ZKR7	GO:0005829	0.540
A0A455ZLR3	GO:0005829	0.580
A0A455ZM03	GO:0005783	0.437
A0A455ZMR3	GO:0005634	0.565
A0A455ZMR3	GO:0005829	0.503
A0A482PJF5	GO:0005634	0.549
A0A482PJF5	GO:0005737	0.467
A0A482PJF5	GO:0005829	0.379
A0A482PJY4	GO:0005634	0.621
A0A482PJY4	GO:0005737	0.448
A0A482PJY4	GO:0005829	0.473
A0A482PUS2	GO:0005634	0.348
A0A482PUS2	GO:0005737	0.367
A0A482PUS2	GO:0005829	0.311
A0A4P1LYB6	GO:0005829	0.416
A0A4S4DBB3	GO:0005829	0.411
A0A4S4ESS1	GO:0005829	0.426
A0A509AC44	GO:0020003	0.467
A0A509AC44	GO:0020004	0.598
A0A509ADD7	GO:0005634	0.631
A0A509AE98	GO:0005886	0.441
A0A509AEG2	GO:0030430	0.831
A0A509AEG2	GO:0033644	0.689
A0A509AFJ3	GO:0020011	0.956
A0A509AG11	GO:0000421	0.651
A0A509AG11	GO:0005737	0.371
A0A509AG11	GO:0005776	0.672
A0A509AG11	GO:0005829	0.373
A0A509AKT6	GO:0005886	0.425
A0A509AL23	GO:0020003	0.375
A0A509AM03	GO:0020003	0.457
A0A509AM03	GO:0020004	0.329
A0A509AM03	GO:0020005	0.455
A0A509AM03	GO:0020009	0.386
A0A509AM03	GO:0020020	0.482
A0A509AM03	GO:0020026	0.455
A0A509AM03	GO:0033163	0.350
A0A509AM03	GO:0044311	0.311
A0A509AM18	GO:0005783	0.431
A0A509ARF0	GO:0005634	0.303
A0A509ARF0	GO:0005737	0.508
A0A559KX76	GO:0005634	0.592
A0A559KX76	GO:0005737	0.301
A0A559KX76	GO:0005829	0.393
A0A565D474	GO:0005634	0.403
A0A565D474	GO:0005737	0.337
A0A565D474	GO:0005829	0.497
A0A565D475	GO:0005634	0.339
A0A565D475	GO:0005829	0.495
A0A565D477	GO:0005634	0.367
A0A565D477	GO:0005829	0.556
A0A5B8X6A1	GO:0000325	0.300
A0A5B8X6A1	GO:0009505	0.373
A0A5B8X6B5	GO:0005634	0.364
A0A5B8X6B5	GO:0005829	0.483
A0A5B8X6S2	GO:0005634	0.365
A0A5B8X6S2	GO:0005829	0.509
A0A5B8X7E6	GO:0009505	0.445
A0A5B8X7H4	GO:0005634	0.323
A0A5B8X7H4	GO:0005829	0.449
A0A5B8X840	GO:0005634	0.334
A0A5B8X840	GO:0005829	0.401
A0A5B8X8Z0	GO:0005829	0.600
A0A5B8XAH0	GO:0005829	0.587
A0A5B8XB28	GO:0000325	0.311
A0A5B8XB28	GO:0009505	0.443
A0A5B8XC60	GO:0005634	0.316
A0A5B8XC60	GO:0005829	0.442
A0A5B9G902	GO:0005634	0.917
A0A5B9G902	GO:0005737	0.364
A0A5B9GBF0	GO:0005634	0.609
A0A5B9GBF0	GO:0005654	0.371
A0A5B9GBF0	GO:0005737	0.436
A0A5B9GBF0	GO:0005829	0.563
A0A5C0SBK3	GO:0005829	0.530
A0A5C1J0Z8	GO:0005576	0.566
A0A5C1J0Z8	GO:0005615	0.820
A0A5N6H279	GO:0005634	0.714
A0A5N6TQK6	GO:0005829	0.654
A0A5N6TQK8	GO:0005634	0.477
A0A5N6TQK8	GO:0005829	0.485
A0A5N6TQL1	GO:0005829	0.459
A0A5N6TQN5	GO:0005829	0.356
A0A5N6TQS7	GO:0005829	0.408
A0A5N6TQU3	GO:0005886	0.558
A0A5N6TR74	GO:0005634	0.416
A0A5N6TR74	GO:0005829	0.577
A0A6A6H2E0	GO:0005829	0.433
A0A6A6H402	GO:0005783	0.320
A0A6B9HEI0	GO:0005886	0.573
A0A6B9HEI0	GO:0009274	0.594
A0A6E8W6Y5	GO:0005886	0.493
A0A6G6VYL3	GO:0005576	0.710
A0A6G6VYL3	GO:0031160	0.660
A0A6I8TI61	GO:0005886	0.665
A0A6I8TI61	GO:0008328	0.485
A0A6M3YMB5	GO:0009279	0.520
A0A6M3YMB5	GO:0033104	0.347
A0A6M3YMB5	GO:0044096	0.328
A0A6P3DGX7	GO:0005576	0.538
A0A6P3DGX7	GO:0005615	0.369
A0A6P3DGX7	GO:0005616	0.940
A0A6P3DHB8	GO:0005576	0.573
A0A6P3DHB8	GO:0005615	0.522
A0A6P3DHB8	GO:0005616	0.869
A0A6V8GY66	GO:0005783	0.763
A0A6V8GY66	GO:0005789	0.482
A0A6V8H007	GO:0005783	0.502
A0A6V8R0V1	GO:0005576	0.853
A0A6V8R0V1	GO:0031160	0.502
A0A7J6JYH3	GO:0005634	0.322
A0A7J6JYH3	GO:0005829	0.315
A0A7J6K452	GO:0005783	0.544
A0A7J6K463	GO:0005634	0.380
A0A7J6K463	GO:0005737	0.314
A0A7J6K5A8	GO:0005737	0.311
A0A7J6K805	GO:0005737	0.301
A0A7J6KCX5	GO:0000139	0.339
A0A7J6KCX5	GO:0005794	0.380
A0A7J6KDB0	GO:0005576	0.327
A0A7J6KDB0	GO:0020009	0.551
A0A7J6KDB0	GO:0044174	0.425
A0A7J6KEV6	GO:0000421	0.734
A0A7J6KEV6	GO:0005737	0.369
A0A7J6KEV6	GO:0005776	0.776
A0A7J6KEV6	GO:0005829	0.347
A0A7J6KF92	GO:0005737	0.376
A0A7M4EAX1	GO:0005829	0.341
A0A7M4EAX1	GO:0032437	0.323
A0A7M6W5F9	GO:0005576	0.660
A0A7M6W5F9	GO:0005615	0.552
A0A7M6W880	GO:0005576	0.716
A0A7M6W880	GO:0005615	0.517
A0A7R7WPS5	GO:0005829	0.443
A0A7R7WPZ6	GO:0005829	0.397
A0A7R7ZUZ1	GO:0005783	0.702
A0A7R7ZUZ1	GO:0005789	0.531
A0A7T8F1I4	GO:0005783	0.565
A0A7T8F1J6	GO:0005634	0.442
A0A7T8F1J6	GO:0005829	0.598
A0A7T8F1J7	GO:0005829	0.529
A0A7T8F1L1	GO:0005829	0.605
A0A7T8F1L2	GO:0005783	0.509
A0A7T8F1L3	GO:0005634	0.547
A0A7T8F1L3	GO:0005829	0.524
A0A7T8F1L4	GO:0005829	0.531
A0A7T8F1M6	GO:0005829	0.586
A0A7T8F1M9	GO:0005634	0.471
A0A7T8F1M9	GO:0005829	0.651
A0A7T8F1N2	GO:0005829	0.491
A0A7T8J1U7	GO:0005829	0.536
A0A7T8J1Z8	GO:0005634	0.405
A0A7T8J1Z8	GO:0005829	0.605
A0A7U2EUY6	GO:0005634	0.898
A0A7U2EUY6	GO:0005737	0.394
A0A7U2I117	GO:0005634	0.851
A0A7U2I117	GO:0005737	0.329
A0A7U2MMF3	GO:0005829	0.566
A0A7U2QXW1	GO:0000785	0.333
A0A7U2QXW1	GO:0005634	0.894
A0A7U2QYM2	GO:0005634	0.721
A0A7U2QYM2	GO:0005654	0.463
A0A7V4WV16	GO:0005829	0.316
A0A7V4WV16	GO:0005886	0.380
A0A7V4WV16	GO:0009274	0.419
A0A8A5N547	GO:0005576	0.728
A0A8A5N547	GO:0031160	0.325
A0A8B0M5T9	GO:0005634	0.354
A0A8B0M5T9	GO:0005829	0.434
A0A8B0M616	GO:0005829	0.433
A0A8B0M623	GO:0005829	0.454
A0A8B0M670	GO:0005886	0.621
A0A8B0M728	GO:0005829	0.336
A0A8B0M9A0	GO:0005829	0.433
A0A8B0M9R9	GO:0005783	0.575
A0A8B0M9R9	GO:0005789	0.314
A0A8B0M9S7	GO:0005634	0.467
A0A8B0M9S7	GO:0005829	0.566
A0A8B0M9S9	GO:0005634	0.363
A0A8B0M9S9	GO:0005829	0.412
A0A8B0M9T7	GO:0005634	0.324
A0A8B0M9T7	GO:0005829	0.384
A0A8B0M9Z0	GO:0005739	0.337
A0A8B0M9Z0	GO:0005829	0.312
A0A8C2M425	GO:0005783	0.429
A0A8C2M425	GO:0005789	0.794
A0A8D0I1K1	GO:0005634	0.474
A0A8D0I1K1	GO:0005654	0.588
A0A8D0I1K1	GO:0016607	0.494
A0A8D0I1K1	GO:0071005	0.413
A0A8H7XMX0	GO:0005829	0.466
A0A8H7XP09	GO:0005829	0.383
A0A8H7XQ49	GO:0005829	0.344
A0A8H8CFI5	GO:0005829	0.373
A0A8I3NRY3	GO:0005829	0.568
A0A8I3NRY3	GO:0005886	0.420
A0A8I3PJ84	GO:0005829	0.453
A0A8I3PJ84	GO:0005882	0.833
A0A8I3PJ84	GO:0045095	0.650
A0A8I3PJ84	GO:0045111	0.340
A0A8I3PJ84	GO:0070062	0.435
A0A8I3PMN2	GO:0005829	0.532
A0A8I5ZT12	GO:0005737	0.304
A0A8I5ZT12	GO:0005829	0.431
A0A8I5ZT12	GO:0005886	0.368
A0A8I6ASZ5	GO:0005654	0.365
A0A8I6ASZ5	GO:0005737	0.326
A0A8I6ASZ5	GO:0005829	0.449
A0A8I6G2K8	GO:0005634	0.607
A0A8I6G2K8	GO:0005654	0.505
A0A8J1LLF7	GO:0005634	0.576
A0A8J1LLF7	GO:0005654	0.509
A0A8J1LLF7	GO:0005737	0.399
A0A8J1LLF7	GO:0005829	0.510
A0A8J1LLF7	GO:0016442	0.458
A0A8J1LLF7	GO:0070578	0.712
A0A8M1PLI9	GO:0005739	0.764
A0A8M1PLI9	GO:0005759	0.431
A0A8M9P821	GO:0005634	0.724
A0A8M9P821	GO:0005654	0.449
A0A8U0WQ84	GO:0005576	0.603
A0A8U0WQ84	GO:0005615	0.514
A0A8U0WQF3	GO:0005576	0.539
A0A8U0WQF3	GO:0005615	0.400
A0A8U0WQF3	GO:0005616	0.923
A0A8U1C100	GO:0005576	0.669
A0A8U1C100	GO:0005615	0.545
A0A8U1C2Y4	GO:0005576	0.385
A0A8U1C2Y4	GO:0005615	0.354
A0A8U1C2Y4	GO:0005616	0.985
A0A974H8H3	GO:0005634	0.578
A0A974H8H3	GO:0005654	0.499
A0A974H8H3	GO:0005737	0.391
A0A974H8H3	GO:0005829	0.499
A0A974H8H3	GO:0016442	0.497
A0A974H8H3	GO:0070578	0.738
A0A974HZL0	GO:0005634	0.738
A0A974HZL0	GO:0005654	0.477
A0A9B0BQN9	GO:0005576	0.382
A0A9B0BQN9	GO:0005615	0.382
A0A9B0BQN9	GO:0005616	0.990
A0A9B2JT35	GO:0005576	0.467
A0A9B2JT35	GO:0005615	0.339
A0A9B2JT35	GO:0005616	0.322
A0A9E8S4N7	GO:0005576	0.731
A0A9E8S4N7	GO:0009277	0.326
A0A9E8S4N7	GO:0030446	0.307
A0A9E8S4N7	GO:0031160	0.513
A0A9E8S4N7	GO:0042025	0.324
A0A9P4XUZ4	GO:0005634	0.724
A0A9P4XUZ4	GO:0005737	0.400
A0A9P4XUZ4	GO:0005829	0.480
A0A9P4XV22	GO:0005634	0.903
A0A9P4XWM4	GO:0005634	0.724
A0A9P4XWM4	GO:0005737	0.346
A0A9P4XWM4	GO:0010494	0.301
A0A9P5BNK0	GO:0005811	0.699
A0A9P5BNK0	GO:0005829	0.336
A0A9P5BNK0	GO:0005886	0.304
A0A9P5CQV5	GO:0005634	0.696
A0A9P5CTI1	GO:0005576	0.639
A0A9W3HR36	GO:0005634	0.324
A0A9W3HR52	GO:0005737	0.340
A0A9W3HR61	GO:0005634	0.677
A0A9W3HR61	GO:0005654	0.490
A0A9W3N256	GO:0005634	0.698
A0A9W3N256	GO:0020023	0.305
A0A9W9TFE0	GO:0005739	0.302
A0A9W9TFE0	GO:0005829	0.336
A0A9W9TFI6	GO:0005783	0.583
A0A9W9TFU3	GO:0005634	0.873
A0A9W9TGP7	GO:0005829	0.548
A0AA41T7Z4	GO:0005634	0.731
A0AA41T7Z4	GO:0005654	0.557
A0AA41T7Z4	GO:0035097	0.600
A0AA41T7Z4	GO:0035098	0.305
A0AA41T7Z4	GO:0044665	0.632
A0AA41T7Z4	GO:0048188	0.449
A0AA41T7Z4	GO:0071339	0.360
A0AA51Z3S7	GO:0005634	0.321
A0AA51Z3S7	GO:0005829	0.473
A0AAA9T569	GO:0005886	0.652
A0AAA9T569	GO:0009925	0.355
A0AAA9T569	GO:0016323	0.592
A0AAA9T569	GO:0016324	0.554
A0AAD6IRE3	GO:0005634	0.872
A0AAD6IRE3	GO:0005737	0.408
A0AAD6ISS3	GO:0005886	0.692
A0AAD6ITA8	GO:0005739	0.551
A0AAD6ITA8	GO:0005777	0.352
A0AAD6IYT8	GO:0005576	0.707
A0AAD6IZ24	GO:0005634	0.752
A0AAD6IZ24	GO:0005737	0.356
A0AAD6J2M3	GO:0005576	0.826
A0AAD6J456	GO:0005576	0.622
A0AAD6J456	GO:0009277	0.717
A0AAD6J456	GO:0009986	0.364
A0AAD6J5F2	GO:0005576	0.762
A0AAD6J5K1	GO:0005829	0.512
A0AAD6J5T3	GO:0005777	0.514
A0AAD6J5T3	GO:0005829	0.392
A0AAD6NF83	GO:0005739	0.380
A0AAD6NF83	GO:0005777	0.695
A0AAD6NF83	GO:0005782	0.516
A0AAD6NF83	GO:0005829	0.321
A0AAD6NFM2	GO:0005576	0.732
A0AAD6NFV5	GO:0005739	0.654
A0AAD6NH75	GO:0005768	0.338
A0AAD6NH75	GO:0005829	0.354
A0AAD6NH75	GO:0031201	0.312
A0AAD6NIB7	GO:0005576	0.739
A0AAD6NLP7	GO:0005739	0.454
A0AAD6NLP7	GO:0005777	0.561
A0AAD6NLP7	GO:0005829	0.314
A0AAD6NMG7	GO:0005634	0.674
A0AAD6NMH5	GO:0005576	0.749
A0AAD9S145	GO:0005783	0.523
A0AAD9S145	GO:0005789	0.308
A0AAD9S159	GO:0005783	0.481
A0AAD9S169	GO:0005783	0.427
A0AAD9S265	GO:0005783	0.597
A0AAD9S2F9	GO:0005783	0.385
A0AAI7ZGA5	GO:0005829	0.405
A0AAI7ZGA5	GO:0043590	0.461
A0AAI7ZGB3	GO:0030288	0.384
A0AAI7ZGC7	GO:0009279	0.355
A0AAI7ZGC9	GO:0005886	0.699
A0AAN2H6E2	GO:0005634	0.428
A0AAN2H6H5	GO:0005634	0.339
A0AAN2H7H4	GO:0005634	0.440
A0AAN2H7H4	GO:0005829	0.421
A0AAN2H888	GO:0005634	0.488
A0AAN2H888	GO:0005783	0.358
A0AAN2H888	GO:0005829	0.414
A0AAN2H8A8	GO:0005634	0.440
A0AAN2L0I3	GO:0005634	0.408
A0AAN4PAE6	GO:0005829	0.400
A0AAN4PBA1	GO:0005783	0.364
A0AAU7VAB8	GO:0005576	0.700
A0AAU7VAB8	GO:0005615	0.735
A0AAU7VAE8	GO:0005886	0.713
A0AB32TH67	GO:0005576	0.642
A0AB32TH67	GO:0005615	0.750
A0AB32U2W5	GO:0005886	0.454
A0AB36VXQ9	GO:0005634	0.334
A0AB36VXQ9	GO:0005737	0.457
A0AB36VXQ9	GO:0005829	0.419
A0AB36VXQ9	GO:0005955	0.889
A0AB73RZI6	GO:0005634	0.894
A0AB73RZI6	GO:0005737	0.315
A0PCX2	GO:0005576	0.880
A0PCY0	GO:0000324	0.329
A0PCY0	GO:0005576	0.814
A0Q7V5	GO:0005829	0.325
A0Q7V6	GO:0005886	0.603
A0QP93	GO:0005576	0.639
A0QP93	GO:0005886	0.751
A0QP93	GO:0009274	0.707
A0QSG5	GO:0005829	0.617
A0QSG5	GO:0005886	0.328
A0QSG5	GO:0022625	0.619
A0QSG8	GO:0005829	0.549
A0QSG8	GO:0005886	0.474
A0QSG8	GO:0022625	0.773
A0QT90	GO:0005886	0.857
A0QT90	GO:0009274	0.608
A0QT91	GO:0005829	0.316
A0QT91	GO:0005886	0.776
A0QT91	GO:0009274	0.829
A0QTR3	GO:0005886	0.849
A0QTR3	GO:0009274	0.562
A0QUE0	GO:0005829	0.302
A0QUE0	GO:0005886	0.885
A0QUE0	GO:0009274	0.741
A0QV03	GO:0005829	0.452
A0QV03	GO:0022625	0.500
A0QVQ9	GO:0005886	0.685
A0QVQ9	GO:0032993	0.432
A0QVZ5	GO:0005829	0.315
A0QVZ5	GO:0005886	0.761
A0QVZ5	GO:0009274	0.850
A0QW02	GO:0005886	0.799
A0QW02	GO:0009274	0.933
A0R054	GO:0005576	0.508
A0R054	GO:0005886	0.514
A0R054	GO:0009274	0.742
A0R0H1	GO:0005576	0.686
A0R0H1	GO:0005886	0.591
A0R0H1	GO:0009274	0.649
A0R271	GO:0005576	0.409
A0R271	GO:0005886	0.911
A0R271	GO:0009274	0.687
A0R272	GO:0005576	0.449
A0R272	GO:0005886	0.935
A0R272	GO:0009274	0.777
A0R2N2	GO:0005829	0.316
A0R2N2	GO:0005886	0.708
A0R2N2	GO:0009274	0.470
A0R3D2	GO:0005829	0.506
A0R3D2	GO:0005886	0.636
A0R3D2	GO:0009274	0.770
A0R3E8	GO:0005886	0.885
A0R3E8	GO:0009274	0.375
A0R530	GO:0005829	0.343
A0R530	GO:0005886	0.777
A0R530	GO:0009274	0.413
A0R5I3	GO:0005576	0.730
A0R5I3	GO:0005886	0.491
A0R5I3	GO:0009274	0.635
A1CVQ3	GO:0005634	0.391
A1CVQ3	GO:0005829	0.600
A1DBL3	GO:0005576	0.877
A1L293	GO:0005739	0.450
A1XCI9	GO:0005576	0.649
A1XCI9	GO:0009277	0.346
A1Z7L8	GO:0005886	0.743
A1Z8F4	GO:0005634	0.801
A2AFS9	GO:0005634	0.355
A2AQ92	GO:0005886	0.461
A2E926	GO:0097729	0.408
A2E926	GO:1990900	0.394
A2ECR2	GO:0005737	0.311
A2ECR2	GO:0005829	0.604
A2F4M9	GO:0005634	0.309
A2F4M9	GO:0005737	0.362
A2F4M9	GO:0005829	0.431
A2FBF3	GO:0005576	0.553
A2FBF3	GO:0005829	0.342
A2FBF3	GO:1990819	0.606
A2IA78	GO:0005576	0.879
A2IA78	GO:0005615	0.321
A2IA93	GO:0005576	0.309
A2IAB1	GO:0005576	0.803
A2IAB2	GO:0005576	0.845
A2IAD0	GO:0005576	0.941
A2IAD2	GO:0005576	0.909
A2QQU4	GO:0005634	0.388
A2QQU4	GO:0005829	0.637
A2QQU5	GO:0005829	0.459
A2QQU8	GO:0005634	0.819
A2QQU9	GO:0005783	0.571
A2QQU9	GO:0005789	0.310
A2QQV0	GO:0005829	0.317
A2QTS4	GO:0005576	0.537
A2QTS4	GO:0005886	0.330
A2QTS4	GO:0009277	0.473
A2QYT9	GO:0005576	0.467
A2QYT9	GO:0005886	0.317
A2QYT9	GO:0009277	0.403
A2XJR0	GO:0005634	0.554
A2XLF5	GO:0005739	0.797
A3MTR6	GO:0005739	0.392
A4D9B0	GO:0005829	0.504
A4D9K7	GO:0005634	0.910
A4D9Q8	GO:0000785	0.441
A4D9Q8	GO:0005634	0.869
A4FVI7	GO:0005634	0.646
A4FVI7	GO:0005654	0.393
A4FVI7	GO:0005681	0.798
A4FVI7	GO:0005682	0.536
A4FVI7	GO:0005685	0.463
A4FVI7	GO:0005686	0.435
A4FVI7	GO:0005687	0.524
A4FVI7	GO:0005688	0.384
A4FVI7	GO:0005689	0.407
A4FVI7	GO:0005829	0.319
A4FVI7	GO:0034709	0.488
A4FVI7	GO:0034719	0.478
A4FVI7	GO:0046540	0.931
A4FVI7	GO:0071005	0.825
A4FVI7	GO:0071007	0.323
A4FVI7	GO:0071013	0.545
A4FVI7	GO:0120115	0.802
A4FVI7	GO:1990726	0.424
A4LAR6	GO:0005576	0.722
A4LAR6	GO:0031160	0.315
A4QNW2	GO:0005813	0.463
A4QNW2	GO:0005814	0.471
A4QNW2	GO:0036064	0.379
A4VE64	GO:0005634	0.430
A4VE64	GO:0005737	0.308
A4VE64	GO:0005829	0.318
A4VE64	GO:0005868	0.310
A4VEB3	GO:0005634	0.337
A4VEB3	GO:0005868	0.526
A4X5N0	GO:0005829	0.524
A4XXY7	GO:0031472	0.482
A4XXY8	GO:0005829	0.428
A4XXY9	GO:0005829	0.491
A4XXZ0	GO:0005829	0.394
A5GZY7	GO:0005783	0.630
A5GZY7	GO:0005788	0.414
A5GZY7	GO:0012505	0.510
A5K264	GO:0005739	0.397
A5K736	GO:0044647	0.607
A5K736	GO:1990225	0.588
A5K9W3	GO:0005886	0.381
A5YVV0	GO:0005576	0.401
A5YVV0	GO:0005615	0.318
A6JNN4	GO:0005886	0.708
A6JNN4	GO:0009986	0.328
A6JNN4	GO:0070062	0.439
A6T5N0	GO:0005829	0.420
A6TGC5	GO:0005829	0.450
A6TGW7	GO:0005829	0.552
A6TGW7	GO:0044777	0.949
A6THB2	GO:1990099	0.955
A7E4L6	GO:0005576	0.693
A7E584	GO:0005576	0.696
A7EX74	GO:0005634	0.921
A7EX74	GO:0005737	0.332
A7EXV2	GO:0005576	0.757
A7GKX6	GO:0005829	0.400
A7GKX7	GO:0005829	0.366
A7MJV9	GO:0005829	0.347
A8M6W1	GO:0005886	0.568
A8M6W1	GO:0009274	0.413
A8M6W3	GO:0005829	0.332
A8M6W3	GO:0005886	0.722
A8M6W3	GO:0009274	0.682
A8M6W6	GO:0005886	0.457
A8P9W4	GO:0005576	0.783
A8P9W4	GO:0031160	0.530
A8PA37	GO:0005576	0.781
A8PA37	GO:0031160	0.586
A8PA37	GO:0140593	0.327
A9BHL2	GO:0005634	0.320
A9BHL2	GO:0005829	0.515
A9CGX9	GO:0032993	0.855
A9CI74	GO:0005829	0.328
A9CI74	GO:0032993	0.837
A9CIJ6	GO:0005886	0.736
A9CJR8	GO:0030288	0.457
A9CJR8	GO:0042597	0.497
A9NIV5	GO:0005576	0.776
A9NIV5	GO:0140593	0.329
A9NIV6	GO:0005576	0.840
A9NIV6	GO:0031160	0.364
B0BNF8	GO:0005739	0.579
B0BNF8	GO:0005829	0.436
B0R0B3	GO:0005829	0.585
B0XAA1	GO:0005576	0.357
B0XAA1	GO:0005615	0.431
B1ATY8	GO:0005829	0.309
B1G5Y9	GO:0005829	0.603
B1MDC3	GO:0005576	0.800
B1MDC3	GO:0005886	0.590
B1MDC3	GO:0009274	0.729
B1MDE5	GO:0005886	0.874
B1MDE5	GO:0009274	0.711
B1MH83	GO:0005829	0.338
B1MH83	GO:0005886	0.903
B1MH83	GO:0009274	0.512
B1MH84	GO:0005829	0.422
B1MH84	GO:0005886	0.810
B1MH84	GO:0009274	0.602
B1MH84	GO:0072493	0.359
B1MIC7	GO:0005576	0.646
B1MIC7	GO:0005886	0.910
B1MIC7	GO:0009274	0.861
B1MKC8	GO:0005886	0.921
B1PUC6	GO:0005829	0.400
B1WBA5	GO:0000785	0.391
B1WBA5	GO:0000792	0.375
B1WBA5	GO:0005634	0.811
B1WBA5	GO:0005654	0.340
B1WBA5	GO:0005721	0.349
B2HG54	GO:0005829	0.306
B2HG54	GO:0005886	0.821
B2HG54	GO:0009274	0.697
B2HQ48	GO:0005576	0.562
B2HQ48	GO:0005886	0.825
B2HQ48	GO:0009274	0.736
B4ER92	GO:0005886	0.730
B4ER92	GO:0009274	0.822
B4ER95	GO:0005829	0.301
B4ER95	GO:0005886	0.653
B4ER95	GO:0009274	0.735
B4ER96	GO:0005886	0.709
B4ER96	GO:0009274	0.745
B4ER97	GO:0005886	0.708
B4ER97	GO:0009274	0.820
B4XYC8	GO:0005886	0.757
B4XYC8	GO:0009274	0.806
B7PCV3	GO:0005576	0.740
B7PCV3	GO:0005615	0.527
B7R4L8	GO:0005739	0.371
B7XFT1	GO:0005576	0.850
B7XFT1	GO:0005615	0.338
B8BNY7	GO:0005634	0.343
B8BNY7	GO:0005739	0.352
B8BNY8	GO:0005634	0.366
B8BNY8	GO:0005886	0.344
B8BNY8	GO:0106093	0.339
B9ZUK6	GO:0005886	0.464
C0H519	GO:0005634	0.393
C0H519	GO:0005829	0.431
C0HMB6	GO:0005576	0.564
C0HMB8	GO:0005576	0.806
C0HMB9	GO:0005576	0.797
C0HMC0	GO:0005576	0.779
C0HMC1	GO:0005576	0.768
C0HMC2	GO:0005576	0.822
C0HMC5	GO:0005576	0.784
C0HMC6	GO:0005576	0.777
C0HMD1	GO:0005576	0.585
C0HMD4	GO:0005576	0.323
C0HMD4	GO:0005886	0.350
C0HMD5	GO:0005576	0.609
C0HMD5	GO:0005615	0.419
C0HMD8	GO:0005576	0.773
C0HMD9	GO:0005634	0.302
C0HMD9	GO:0005829	0.637
C0HME0	GO:0005634	0.382
C0HME0	GO:0005737	0.345
C0HME0	GO:0005829	0.373
C0HME1	GO:0005576	0.807
C0HME2	GO:0005576	0.802
C0HME3	GO:0005576	0.841
C0HME4	GO:0005576	0.868
C0HME5	GO:0005634	0.582
C0HME7	GO:0005576	0.685
C0HMF0	GO:0000786	0.539
C0HMF0	GO:0005634	0.463
C0HMF0	GO:0005654	0.456
C0HMF0	GO:0070062	0.343
C0HMF1	GO:0000786	0.407
C0HMF1	GO:0005634	0.563
C0HMF1	GO:0005654	0.353
C0HMF1	GO:0070062	0.389
C0HMF2	GO:0000786	0.363
C0HMF2	GO:0005634	0.448
C0HMF2	GO:0005654	0.422
C0HMF3	GO:0000786	0.416
C0HMF3	GO:0005634	0.443
C0HMF3	GO:0005654	0.462
C0HMF3	GO:0070062	0.301
C0HMF4	GO:0000786	0.462
C0HMF4	GO:0005634	0.447
C0HMF4	GO:0005654	0.315
C0HMF8	GO:0005886	0.520
C0HMG1	GO:0005576	0.490
C0HMG2	GO:0005576	0.701
C0HMG2	GO:0031012	0.305
C0HMG4	GO:0005576	0.838
C3W5S0	GO:0005634	0.330
C4JF72	GO:0005829	0.337
C4JF73	GO:0005829	0.420
C4JF74	GO:0005886	0.650
C4JF75	GO:0005829	0.319
C4JF76	GO:0005634	0.396
C4JF76	GO:0005829	0.431
C4JF77	GO:0005634	0.413
C4JF77	GO:0005829	0.579
C4JF78	GO:0005634	0.432
C4JF78	GO:0005829	0.510
C4JF79	GO:0005634	0.323
C4JF79	GO:0005829	0.721
C4JF80	GO:0005829	0.527
C4JF81	GO:0005829	0.532
C4JF82	GO:0005634	0.327
C4JF82	GO:0005829	0.675
C4M9S3	GO:0005886	0.478
C4M9S3	GO:0140220	0.354
C5MR76	GO:0005829	0.645
C6KSN4	GO:0005634	0.341
C6KTD4	GO:0005737	0.359
C7M8J5	GO:0005829	0.767
C7M8J6	GO:0005829	0.602
C9ZDC6	GO:0005886	0.636
C9ZDC6	GO:0009274	0.611
D1A230	GO:0005886	0.836
D1A230	GO:0009274	0.460
D2VS83	GO:0005737	0.353
D2XUU4	GO:0005576	0.944
D2XUU5	GO:0005576	0.948
D2XUU6	GO:0005576	0.949
D2XUU7	GO:0005576	0.941
D2XUU8	GO:0005576	0.954
D2XUU9	GO:0005576	0.954
D2XUV0	GO:0005576	0.960
D2XUV1	GO:0005576	0.957
D3YXF5	GO:0005576	0.630
D3YXF5	GO:0005579	0.810
D3YXF5	GO:0005615	0.563
D3YXF5	GO:0044218	0.684
D3YXF5	GO:0072562	0.313
D3YXF5	GO:1902495	0.395
D4A4P4	GO:0005829	0.716
D4GU28	GO:0005829	0.331
D4GVA7	GO:0005886	0.392
D4GVA7	GO:0009274	0.305
D4GVA8	GO:0005886	0.302
D4GW82	GO:0005829	0.478
D4GYL4	GO:0005886	0.377
D4GZV0	GO:0005829	0.330
D5AKX4	GO:0005886	0.316
D5AKX5	GO:0005886	0.485
D5AKX6	GO:0005829	0.391
D5AKX6	GO:0005886	0.516
D5AKX6	GO:0009274	0.534
D5AKX7	GO:0005886	0.406
D5AKX7	GO:0009274	0.500
D5DTX2	GO:0005829	0.433
D5DTX2	GO:0005886	0.352
D5LWW7	GO:0005634	0.420
D5LWW7	GO:0005737	0.470
D5RFM4	GO:0005634	0.373
D5RFM4	GO:0005737	0.325
D5RFM4	GO:0005829	0.358
D8QCG9	GO:0005576	0.830
D8QCG9	GO:0031160	0.595
D9PY12	GO:0005634	0.310
D9PY12	GO:0005829	0.383
E0CZ22	GO:0005829	0.435
E0CZ42	GO:0005886	0.531
E0D202	GO:0005829	0.451
E0D202	GO:0005886	0.627
E0D202	GO:0009274	0.663
E0D203	GO:0005829	0.344
E0D203	GO:0005886	0.743
E0D203	GO:0009274	0.784
E0D204	GO:0005829	0.364
E0D204	GO:0005886	0.696
E0D204	GO:0009274	0.626
E0D205	GO:0005829	0.346
E0D205	GO:0005886	0.683
E0D205	GO:0009274	0.671
E0D206	GO:0005829	0.398
E0D206	GO:0005886	0.734
E0D206	GO:0009274	0.750
E0D207	GO:0005886	0.789
E0D207	GO:0009274	0.744
E0D208	GO:0005829	0.316
E0D208	GO:0005886	0.822
E0D208	GO:0009274	0.545
E0D209	GO:0005886	0.396
E1BFX5	GO:0005886	0.751
E1BFX5	GO:0008305	0.791
E1BFX5	GO:0009897	0.389
E1BFX5	GO:0009986	0.552
E1BFX5	GO:0070062	0.331
E1BR24	GO:0005739	0.436
E1BR24	GO:0005829	0.438
E4VP11	GO:0005576	0.938
E6Y8B9	GO:0020005	0.484
E6Y8B9	GO:0033163	0.417
E6Y8B9	GO:0044311	0.302
E7A1Q4	GO:0005576	0.599
E7A1Q4	GO:0005615	0.411
E9DW54	GO:0005634	0.864
E9DXX9	GO:0005634	0.815
E9DZB1	GO:0005576	0.840
E9E114	GO:0005634	0.843
E9EN44	GO:0005576	0.771
E9EN44	GO:0031160	0.351
E9EN44	GO:0140593	0.340
E9ENZ6	GO:0000110	0.437
E9ENZ6	GO:0005634	0.749
E9EV02	GO:0000110	0.503
E9EV02	GO:0005634	0.682
E9EWQ4	GO:0005634	0.829
E9EXC4	GO:0005634	0.621
E9EXC4	GO:0036396	0.358
E9EYW7	GO:0005634	0.390
E9F0C5	GO:0005634	0.849
E9F0C5	GO:0005737	0.384
E9F0C5	GO:0005829	0.336
E9F0S1	GO:0005634	0.386
E9F591	GO:0005634	0.904
E9F8I5	GO:0005634	0.684
E9F970	GO:0005811	0.505
E9F970	GO:0005829	0.367
E9F970	GO:0005886	0.323
E9FBT2	GO:0005576	0.870
E9FDE9	GO:0005576	0.823
E9FDE9	GO:0031160	0.738
E9Q368	GO:0005634	0.343
E9Q368	GO:0005654	0.469
E9Q368	GO:0005737	0.314
E9Q368	GO:0005829	0.421
E9Q3D4	GO:0005829	0.445
E9Q3G8	GO:0005634	0.305
E9Q3G8	GO:0005635	0.753
E9Q3G8	GO:0005642	0.371
E9Q3G8	GO:0005643	0.949
E9Q3G8	GO:0005654	0.379
E9Q3G8	GO:0031965	0.764
E9Q3G8	GO:0034399	0.625
E9Q3G8	GO:0042405	0.746
E9Q3G8	GO:0044615	0.846
E9Q3G8	GO:1990875	0.334
E9QG33	GO:0005813	0.549
E9QG33	GO:0005814	0.490
E9QG33	GO:0005929	0.406
E9QG33	GO:0035869	0.302
E9QG33	GO:0036064	0.687
E9QT94	GO:0005576	0.760
E9QT94	GO:0031160	0.773
F0VAI6	GO:0005783	0.647
F0VAI6	GO:0005788	0.432
F0VAI6	GO:0012505	0.478
F1DQG5	GO:0005576	0.605
F1DQG5	GO:0005615	0.348
F2RC64	GO:0005886	0.881
F2RC64	GO:0009274	0.692
F2SL80	GO:0005634	0.414
F2SL81	GO:0005886	0.776
F2SL82	GO:0005829	0.546
F2SL83	GO:0005576	0.598
F2SL86	GO:0005783	0.423
F2SL87	GO:0005829	0.302
F2SL87	GO:0005835	0.455
F2YGR7	GO:0020005	0.473
F4HWU0	GO:0005886	0.867
F4JCB3	GO:0005634	0.445
F5HM55	GO:0005576	0.547
F5HM55	GO:0005615	0.632
F5L3T2	GO:0005829	0.700
F5L3T3	GO:0005829	0.541
F6K5S6	GO:0005576	0.916
F6K6F3	GO:0005576	0.871
F6Q2R9	GO:0005576	0.415
F6Q2R9	GO:0005829	0.373
F6Q2R9	GO:0031012	0.371
F8L436	GO:0005829	0.302
F8L650	GO:0044099	0.350
F8L6R0	GO:0005737	0.333
F8L6R0	GO:0043657	0.307
F8U969	GO:0005634	0.572
F8U969	GO:0005737	0.307
F8U969	GO:0005829	0.350
F8U970	GO:0005829	0.584
F8U971	GO:0005634	0.555
F8U971	GO:0005737	0.332
F8U971	GO:0005829	0.324
F8U972	GO:0005634	0.308
F8U972	GO:0005829	0.576
G0RT93	GO:0005634	0.493
G0RT93	GO:0005737	0.377
G0RT93	GO:0005829	0.345
G0RVE5	GO:0005576	0.765
G0RVE5	GO:0140593	0.398
G0S1P8	GO:0005634	0.573
G0S1P8	GO:0005829	0.585
G0S5S6	GO:0005634	0.722
G0S5S6	GO:0005737	0.312
G0S5S6	GO:0005829	0.447
G0SCH6	GO:0005634	0.491
G0SCH6	GO:0005730	0.734
G0SE11	GO:0005634	0.501
G0SE11	GO:0005737	0.345
G0SE11	GO:0005829	0.651
G0SEG2	GO:0005829	0.578
G0SEG2	GO:0022625	0.768
G0SEG2	GO:0030684	0.320
G0SF39	GO:0000124	0.680
G0SF39	GO:0005634	0.755
G0SF39	GO:0005669	0.936
G0SF80	GO:0005634	0.608
G0SF80	GO:0005730	0.887
G0SF80	GO:0030684	0.432
G0SF80	GO:0030687	0.311
G0SHQ2	GO:0005829	0.543
G0SHQ2	GO:0022625	0.703
G0SHQ2	GO:0022626	0.717
G0SHQ2	GO:0022627	0.588
G1X456	GO:0005737	0.400
G1X456	GO:0005829	0.395
G1X9A9	GO:0005634	0.891
G1X9A9	GO:0005737	0.362
G1X9E2	GO:0005886	0.800
G1X9H9	GO:0005886	0.776
G1XJN1	GO:0005886	0.753
G1XJZ0	GO:0005834	0.469
G1XJZ0	GO:0005886	0.529
G1XJZ4	GO:0005634	0.589
G1XJZ4	GO:0005654	0.444
G1XJZ4	GO:0005737	0.463
G1XJZ4	GO:0005770	0.314
G1XJZ4	GO:0005829	0.623
G1XLI4	GO:0005737	0.306
G1XLI4	GO:0005829	0.358
G1XLI4	GO:0005886	0.444
G2QA95	GO:0005829	0.406
G2X0L1	GO:0005576	0.869
G2X3G1	GO:0005737	0.358
G2X3G1	GO:0005829	0.355
G2X3G1	GO:0005886	0.386
G2X4G1	GO:0005576	0.869
G2X5X8	GO:0005576	0.879
G2X8M4	GO:0005576	0.813
G3G8W7	GO:0005634	0.373
G4MRQ6	GO:0005634	0.739
G4MRQ6	GO:0005737	0.349
G4MRQ6	GO:0010494	0.333
G4MSY9	GO:0005634	0.613
G4MWK2	GO:0005576	0.717
G4MWK2	GO:0031160	0.307
G4MWK2	GO:0140593	0.317
G4MYB0	GO:0005634	0.417
G4MYB0	GO:0005737	0.421
G4MYD3	GO:0005634	0.929
G4MZ21	GO:0005634	0.728
G4MZ21	GO:0005737	0.389
G4MZ21	GO:0005829	0.447
G4N954	GO:0005739	0.728
G4NB33	GO:0005634	0.629
G4NBR8	GO:0005634	0.909
G4NBR8	GO:0005737	0.355
G4NCK1	GO:0005634	0.867
G4NCP4	GO:0005777	0.575
G4NGN5	GO:0005634	0.373
G4NGN5	GO:0005737	0.346
G4NGN5	GO:0005829	0.552
G4TS85	GO:0000324	0.349
G4TS85	GO:0005886	0.675
G4TS85	GO:0071944	0.519
G5EI58	GO:0005634	0.507
G5EI58	GO:0005654	0.318
G5EI58	GO:0005737	0.458
G5EI58	GO:0005829	0.433
G8FPZ8	GO:0005576	0.879
G9BWP3	GO:0005576	0.694
G9BWP3	GO:0005615	0.539
G9MJD8	GO:0005576	0.894
G9MK14	GO:0005576	0.826
G9MK14	GO:0005619	0.332
G9MKB2	GO:0005576	0.848
G9MKB2	GO:0031160	0.403
G9MNI0	GO:0000324	0.390
G9MNI0	GO:0005576	0.748
G9MQI4	GO:0005634	0.645
G9MQI4	GO:0005654	0.378
G9MQI4	GO:0005737	0.476
G9MQI4	GO:0005829	0.553
G9MQW8	GO:0005576	0.794
G9MXR6	GO:0005576	0.848
G9NTJ1	GO:0005576	0.852
G9NTJ1	GO:0043245	0.376
G9PB60	GO:0005576	0.884
H2ELT1	GO:0005886	0.547
H9C180	GO:0005829	0.399
H9C180	GO:0110001	0.659
I1RDP9	GO:0005576	0.885
I1RDQ0	GO:0005576	0.853
I1RDW3	GO:0005576	0.776
I1RDW3	GO:0140593	0.329
I1RJE5	GO:0000324	0.372
I1RJE5	GO:0005576	0.522
I1RJE5	GO:0009277	0.756
I1RJE5	GO:0020002	0.335
I1RQE2	GO:0005829	0.332
I1RQE2	GO:0005886	0.320
I1RQE2	GO:0032153	0.565
I1RQE2	GO:0051286	0.395
I1RQE2	GO:1902716	0.324
I1RV60	GO:0005576	0.641
I1RV60	GO:0009277	0.357
I1RXJ5	GO:0005576	0.873
I1RXJ5	GO:0031160	0.327
I1S050	GO:0005634	0.451
I1S050	GO:0005737	0.445
I1S050	GO:0005886	0.305
I6L8L7	GO:0005737	0.353
I6XA42	GO:0005886	0.598
I6Y1I5	GO:0005576	0.458
I6Y1I5	GO:0005886	0.654
I6Y1I5	GO:0009274	0.672
I6Y1Q2	GO:0005829	0.361
I6Y1Q2	GO:0005886	0.851
I6Y1Q2	GO:0009274	0.694
I6Y498	GO:0005886	0.888
I6Y498	GO:0009274	0.606
I6YBQ3	GO:0005886	0.674
I6YBQ3	GO:0009274	0.350
I6YBQ3	GO:0032993	0.517
I6YCP0	GO:0005886	0.810
I6YCP0	GO:0009274	0.578
I6YGX2	GO:0005576	0.739
I6YGX2	GO:0005886	0.546
I6YGX2	GO:0009274	0.653
I7AQG9	GO:0005576	0.784
I7AQG9	GO:0031160	0.344
I7AQG9	GO:0140593	0.404
I7M008	GO:0005930	0.368
I7M008	GO:0097729	0.404
I7M9J2	GO:0005868	0.417
I7M9J2	GO:0005930	0.469
I7M9J2	GO:0031514	0.502
I7M9J2	GO:0061474	0.459
I7M9J2	GO:0097729	0.468
I7MCM8	GO:0005634	0.348
I7MD46	GO:0005886	0.457
J3KAR5	GO:0005634	0.401
J3KAR5	GO:0005829	0.303
J3KAR6	GO:0005783	0.466
J3KAR7	GO:0005886	0.614
J3KAR9	GO:0005739	0.363
J3KAS1	GO:0005634	0.415
J3KAS1	GO:0005829	0.566
J3KAS3	GO:0005829	0.625
J4KPV6	GO:0005576	0.745
J4KPV6	GO:0031160	0.820
J4KQ31	GO:0005634	0.688
J4KQN3	GO:0005634	0.563
J4KQN3	GO:0005829	0.413
J4KQN3	GO:0031371	0.317
J4KQN3	GO:0033503	0.467
J4KQS2	GO:0005634	0.357
J4UGK4	GO:0005576	0.894
J4UJ50	GO:0005576	0.786
J4UPH3	GO:0005829	0.367
J4UQI9	GO:0000110	0.454
J4UQI9	GO:0005634	0.739
J4UQI9	GO:0005673	0.334
J4UVD7	GO:0005634	0.889
J4UVD7	GO:0005737	0.373
J4VS95	GO:0005576	0.906
J4VYF0	GO:0000110	0.547
J4VYF0	GO:0005634	0.730
J4VZG7	GO:0005634	0.669
J4W1I9	GO:0005829	0.332
J4W2A8	GO:0005576	0.831
J4W2A8	GO:0030446	0.330
J4W2A8	GO:0031160	0.811
J4WDT5	GO:0005576	0.767
J4WK53	GO:0005634	0.394
J4WLR8	GO:0005634	0.886
J4WMI6	GO:0005576	0.532
J4WMI6	GO:0009277	0.357
J4WMI6	GO:0030446	0.665
J4WMI6	GO:0031160	0.697
J5J1K4	GO:0005634	0.826
J5J335	GO:0005739	0.344
J5J335	GO:0005829	0.316
J5J666	GO:0005634	0.764
J5JC27	GO:0005634	0.887
J5JJC1	GO:0005576	0.890
J5JJC1	GO:0031160	0.349
J5JM47	GO:0005634	0.847
J5JPV3	GO:0005739	0.694
J5JPV3	GO:0005743	0.343
J5JPV3	GO:0005886	0.321
J5JPV3	GO:0009536	0.312
J5JS29	GO:0005634	0.768
J5JS29	GO:0030870	0.392
J5JS29	GO:0035861	0.326
J5JTB1	GO:0005576	0.775
J5JTB1	GO:0140593	0.419
J5JYA0	GO:0005634	0.924
J5JYQ1	GO:0005634	0.626
J5K1D5	GO:0005634	0.731
J9UD11	GO:0005886	0.677
J9VDC2	GO:0005576	0.677
J9VED5	GO:0005634	0.385
J9VED5	GO:0005737	0.426
J9VG14	GO:0000785	0.348
J9VG14	GO:0005634	0.897
J9VJ62	GO:0000785	0.351
J9VJ62	GO:0005634	0.924
J9VM54	GO:0005886	0.562
J9VPP4	GO:0005576	0.612
J9VPP8	GO:0005829	0.469
J9VPP8	GO:0005886	0.382
J9VUG5	GO:0005634	0.866
J9VUG5	GO:0005737	0.414
J9VWG0	GO:0000785	0.336
J9VWG0	GO:0005634	0.929
J9W0U6	GO:0005576	0.774
K4H1X2	GO:0005634	0.892
K4H1X2	GO:0005737	0.367
K5TWP9	GO:0005886	0.594
K9GHZ3	GO:0005576	0.885
K9IVI1	GO:0005739	0.798
K9IVI1	GO:0005759	0.568
K9IVI1	GO:0045252	0.820
K9IVI1	GO:0045254	0.353
L0T2H7	GO:0005576	0.445
L0T2H7	GO:0009274	0.594
L7F3F8	GO:0005886	0.615
L7F3F8	GO:0009274	0.606
L7N648	GO:0009274	0.302
M1C8A4	GO:0000145	0.465
M1C8A4	GO:0005886	0.329
M2T5U2	GO:0005737	0.331
M2T5U2	GO:0005886	0.340
M3B4Q3	GO:0005829	0.395
M3B4Q3	GO:0005886	0.426
M4MEY9	GO:0005576	0.688
M4MGK7	GO:0005576	0.609
M4MLB5	GO:0005576	0.686
M4MLB5	GO:0005615	0.333
M7TBG7	GO:0005634	0.423
M7TBG7	GO:0005829	0.413
M9MS50	GO:0005634	0.393
M9MS50	GO:0005737	0.482
M9MS50	GO:0005829	0.424
O05910	GO:0005886	0.486
O05910	GO:0110001	0.433
O06550	GO:0005886	0.821
O06550	GO:0009274	0.590
O06624	GO:0005576	0.702
O06624	GO:0009274	0.456
O08453	GO:0005829	0.441
O08453	GO:0005886	0.616
O08453	GO:0009274	0.593
O13502	GO:0005576	0.698
O13503	GO:0005576	0.671
O13503	GO:0009277	0.528
O13503	GO:0031160	0.505
O17899	GO:0005886	0.580
O24769	GO:0005634	0.455
O49338	GO:0005829	0.353
O49338	GO:0005886	0.740
O50328	GO:0005886	0.741
O50329	GO:0005886	0.852
O50330	GO:0005886	0.603
O50330	GO:0009274	0.434
O50330	GO:0033104	0.338
O50331	GO:0009279	0.360
O50333	GO:0005886	0.845
O50335	GO:0005886	0.582
O50335	GO:0009279	0.512
O50337	GO:0005886	0.607
O50337	GO:0015627	0.548
O50338	GO:0005829	0.481
O50338	GO:0043590	0.362
O51624	GO:0005886	0.548
O51799	GO:0005829	0.503
O51799	GO:0009274	0.301
O53718	GO:0005886	0.740
O53718	GO:0009274	0.625
O60047	GO:0005576	0.756
O60047	GO:0031160	0.385
O60048	GO:0005576	0.743
O62609	GO:0005634	0.853
O64191	GO:0005634	0.566
O64191	GO:0005737	0.315
O64191	GO:0005829	0.490
O64602	GO:0005634	0.543
O76269	GO:0005886	0.669
O76343	GO:0005886	0.673
O93917	GO:0005576	0.709
O94203	GO:0005576	0.815
O94217	GO:0005576	0.752
O94217	GO:0031160	0.735
O96139	GO:0020011	0.718
O96161	GO:0005739	0.827
O96161	GO:0020011	0.359
O96637	GO:0005576	0.315
O96637	GO:0005886	0.436
O96660	GO:0005634	0.738
O96660	GO:0005737	0.403
O96660	GO:0071144	0.409
O96795	GO:0005783	0.388
O96795	GO:0005886	0.300
O97297	GO:0020011	0.678
P0DRD9	GO:0005576	0.787
P0DRE1	GO:0005576	0.882
P0DRE2	GO:0005576	0.865
P0DRE3	GO:0005576	0.581
P0DRE4	GO:0005576	0.938
P0DRE5	GO:0005576	0.886
P0DRE6	GO:0005576	0.844
P0DRE7	GO:0005576	0.708
P0DRE8	GO:0005576	0.789
P0DRE9	GO:0005576	0.768
P0DRE9	GO:0005615	0.328
P0DRF0	GO:0005576	0.791
P0DRF1	GO:0005576	0.900
P0DRF2	GO:0005576	0.562
P0DRF2	GO:0005615	0.421
P0DRF3	GO:0005576	0.847
P0DRF4	GO:0005576	0.865
P0DRF5	GO:0005576	0.581
P0DRF6	GO:0005576	0.577
P0DRF6	GO:0005615	0.307
P0DRF7	GO:0005576	0.938
P0DRF8	GO:0005576	0.886
P0DRF9	GO:0005576	0.835
P0DRG0	GO:0005576	0.844
P0DRG0	GO:0005615	0.412
P0DRG1	GO:0005576	0.796
P0DRG2	GO:0005576	0.729
P0DRG3	GO:0005576	0.585
P0DRG3	GO:0005615	0.491
P0DRG4	GO:0005576	0.926
P0DRG5	GO:0005576	0.796
P0DRG6	GO:0005576	0.829
P0DRG7	GO:0005576	0.941
P0DRG8	GO:0005576	0.817
P0DRG9	GO:0005576	0.661
P0DRG9	GO:0005615	0.374
P0DRH0	GO:0005576	0.878
P0DRH1	GO:0005576	0.934
P0DRH2	GO:0005576	0.620
P0DRH3	GO:0005576	0.723
P0DRH3	GO:0005615	0.318
P0DRH4	GO:0005576	0.796
P0DRH5	GO:0005576	0.848
P0DRH6	GO:0005576	0.822
P0DRH7	GO:0005576	0.893
P0DRH8	GO:0005576	0.809
P0DRH9	GO:0005576	0.776
P0DRH9	GO:0005615	0.510
P0DRI0	GO:0005576	0.813
P0DRI0	GO:0005615	0.510
P0DRI1	GO:0005576	0.880
P0DRI1	GO:0005615	0.456
P0DRI2	GO:0005576	0.715
P0DRI2	GO:0005615	0.551
P0DRI3	GO:0005576	0.810
P0DRI3	GO:0005615	0.464
P0DRI4	GO:0005576	0.839
P0DRI5	GO:0005634	0.303
P0DRI5	GO:0005739	0.349
P0DRI6	GO:0005576	0.696
P0DRI6	GO:0005615	0.757
P0DRI7	GO:0005576	0.508
P0DRI7	GO:0048046	0.460
P0DRI8	GO:0005576	0.789
P0DRI8	GO:0005615	0.307
P0DRI9	GO:0005576	0.761
P0DRJ8	GO:0005576	0.857
P0DRJ9	GO:0005576	0.772
P0DRJ9	GO:0005615	0.442
P0DRK0	GO:0005576	0.689
P0DRK0	GO:0005615	0.422
P0DRK1	GO:0005576	0.676
P0DRK1	GO:0005615	0.489
P0DRK2	GO:0005576	0.805
P0DRK2	GO:0005615	0.335
P0DRK3	GO:0005576	0.724
P0DRK4	GO:0005576	0.495
P0DRK4	GO:0005615	0.466
P0DRK5	GO:0005576	0.690
P0DRK5	GO:0005615	0.452
P0DRK6	GO:0005576	0.751
P0DRK6	GO:0005615	0.376
P0DRK7	GO:0005576	0.616
P0DRK7	GO:0005615	0.475
P0DRK8	GO:0005576	0.703
P0DRK8	GO:0005615	0.454
P0DRK9	GO:0005576	0.707
P0DRK9	GO:0005615	0.403
P0DRL0	GO:0005576	0.760
P0DRL1	GO:0005576	0.843
P0DRL1	GO:0005615	0.356
P0DRL2	GO:0005576	0.912
P0DRL3	GO:0005576	0.919
P0DRL4	GO:0005576	0.406
P0DRL4	GO:0048046	0.624
P0DRL5	GO:0005576	0.813
P0DRL6	GO:0005576	0.873
P0DRL7	GO:0005576	0.841
P0DRL8	GO:0005576	0.851
P0DRL9	GO:0005576	0.834
P0DRM0	GO:0005576	0.853
P0DRM1	GO:0005576	0.865
P0DRM2	GO:0005576	0.691
P0DRM2	GO:0005615	0.477
P0DRM3	GO:0005576	0.858
P0DRM3	GO:0005615	0.385
P0DRM4	GO:0005576	0.714
P0DRM4	GO:0005615	0.429
P0DXG5	GO:0005886	0.679
P0DXG5	GO:0009274	0.452
P0DXG6	GO:0005886	0.718
P0DXG6	GO:0009274	0.643
P0DXG7	GO:0005829	0.428
P0DXG7	GO:0005886	0.459
P0DXG8	GO:0005886	0.945
P0DXG8	GO:0009274	0.737
P0DXI7	GO:0005634	0.374
P0DXI7	GO:0005829	0.671
P0DXI9	GO:0005634	0.573
P0DXJ1	GO:0005829	0.538
P0DXJ2	GO:0005783	0.504
P0DXJ2	GO:0043231	0.350
P0DXJ3	GO:0005829	0.709
P0DXJ3	GO:0005886	0.302
P0DXJ4	GO:0000325	0.408
P0DXJ4	GO:0009505	0.320
P0DXJ4	GO:0048046	0.348
P0DXJ4	GO:0099503	0.376
P0DXJ5	GO:0000325	0.351
P0DXJ5	GO:0009505	0.573
P0DXJ5	GO:0048046	0.489
P0DXJ5	GO:0099503	0.499
P0DXK0	GO:0000145	0.422
P0DXK1	GO:0000145	0.465
P0DXK2	GO:0000145	0.480
P0DXK3	GO:0000145	0.445
P0DXK3	GO:0005886	0.332
P0DXK3	GO:0009506	0.337
P0DXN8	GO:0005829	0.404
P0DXN9	GO:0005634	0.538
P0DXN9	GO:0005737	0.319
P0DXO0	GO:0005634	0.461
P0DXO1	GO:0005634	0.449
P0DXO4	GO:0005634	0.472
P0DXO5	GO:0005634	0.475
P0DXO6	GO:0005634	0.458
P0DXO7	GO:0005829	0.320
P0DXO8	GO:0005634	0.623
P0DXU4	GO:0005576	0.496
P0DXU4	GO:0005886	0.954
P0DXU4	GO:0009274	0.741
P0DXU5	GO:0005886	0.948
P0DXU5	GO:0009274	0.769
P0DXU6	GO:0005576	0.539
P0DXU6	GO:0005886	0.949
P0DXU6	GO:0009274	0.743
P0DXU7	GO:0005886	0.935
P0DXU7	GO:0009274	0.675
P0DXU8	GO:0005576	0.472
P0DXU8	GO:0005886	0.938
P0DXU8	GO:0009274	0.684
P0DXU9	GO:0005783	0.606
P0DXU9	GO:0005789	0.417
P0DXV0	GO:0005783	0.482
P0DXV1	GO:0005829	0.580
P0DXV2	GO:0005829	0.535
P0DXV2	GO:0005886	0.339
P0DXV3	GO:0005829	0.375
P0DXV4	GO:0005829	0.330
P0DXV5	GO:0005783	0.336
P0DXV6	GO:0005783	0.310
P0DXV7	GO:0005739	0.311
P0DXV7	GO:0005829	0.324
P0DXV8	GO:0005829	0.363
P0DXV9	GO:0005829	0.536
P0DXW0	GO:0005783	0.598
P0DXW1	GO:0005783	0.593
P0DXW2	GO:0005783	0.501
P0DXW3	GO:0005576	0.767
P0DXW3	GO:0005615	0.471
P0DXW4	GO:0005576	0.887
P0DXW5	GO:0005576	0.734
P0DXW5	GO:0005615	0.431
P0DXW6	GO:0005576	0.652
P0DXW7	GO:0005576	0.943
P0DXW8	GO:0005576	0.912
P0DXW9	GO:0005576	0.528
P0DXX0	GO:0005576	0.721
P0DXX0	GO:0005615	0.425
P0DXX1	GO:0005576	0.603
P0DXX2	GO:0005576	0.561
P0DXX3	GO:0005576	0.559
P0DXX4	GO:0032993	0.650
P0DXX4	GO:0110001	0.975
P0DXX5	GO:0005829	0.381
P0DXX6	GO:0005739	0.343
P0DXX7	GO:0009279	0.420
P0DXY0	GO:0005634	0.339
P0DXY0	GO:0005829	0.506
P0DXY1	GO:0005829	0.462
P0DXY1	GO:0005886	0.506
P0DXY1	GO:0009274	0.585
P0DXY2	GO:0030288	0.591
P0DXY3	GO:0005829	0.702
P0DXY4	GO:0009536	0.891
P0DXY5	GO:0005829	0.407
P0DXY5	GO:0005832	0.388
P0DXY6	GO:0005829	0.437
P0DXY6	GO:0005832	0.412
P0DXY9	GO:0005829	0.320
P0DXY9	GO:0005886	0.826
P0DXY9	GO:0009274	0.621
P0DXZ0	GO:0005829	0.528
P0DXZ0	GO:0005886	0.676
P0DXZ0	GO:0009274	0.524
P0DXZ1	GO:0005829	0.720
P0DXZ2	GO:0005829	0.585
P0DXZ3	GO:0005829	0.483
P0DXZ3	GO:0032993	0.672
P0DXZ4	GO:0005576	0.960
P0DXZ5	GO:0005576	0.904
P0DXZ6	GO:0005576	0.738
P0DXZ7	GO:0005576	0.898
P0DXZ8	GO:0005576	0.898
P0DXZ9	GO:0005576	0.693
P0DXZ9	GO:0005615	0.337
P0DY00	GO:0005576	0.941
P0DY01	GO:0005576	0.762
P0DY01	GO:0005615	0.306
P0DY02	GO:0005576	0.897
P0DY03	GO:0005576	0.931
P0DY04	GO:0005576	0.612
P0DY05	GO:0005829	0.362
P0DY06	GO:0005829	0.644
P0DY07	GO:0005829	0.367
P0DY08	GO:0005829	0.537
P0DY09	GO:0005829	0.370
P0DY09	GO:0009274	0.435
P0DY10	GO:0005829	0.379
P0DY10	GO:0005886	0.339
P0DY10	GO:0031472	0.474
P0DY11	GO:0005886	0.372
P0DY12	GO:0005829	0.530
P0DY13	GO:0005886	0.666
P0DY14	GO:0005829	0.360
P0DY14	GO:0005886	0.554
P0DY15	GO:0005576	0.906
P0DY16	GO:0005576	0.942
P0DY17	GO:0005576	0.885
P0DY18	GO:0005576	0.953
P0DY19	GO:0005576	0.850
P0DY19	GO:0005615	0.474
P0DY21	GO:0005576	0.838
P0DY22	GO:0005576	0.737
P0DY23	GO:0005783	0.685
P0DY24	GO:0005576	0.851
P0DY24	GO:0005615	0.453
P0DY25	GO:0005576	0.939
P0DY26	GO:0005576	0.531
P0DY26	GO:0005615	0.567
P0DY27	GO:0005576	0.464
P0DY27	GO:0005615	0.575
P0DY28	GO:0005576	0.340
P0DY31	GO:0005886	0.753
P0DY31	GO:0009274	0.741
P0DY32	GO:0005886	0.689
P0DY32	GO:0009274	0.393
P0DY33	GO:0005886	0.806
P0DY33	GO:0009274	0.472
P0DY34	GO:0005886	0.352
P0DY35	GO:0005886	0.718
P0DY35	GO:0009274	0.514
P0DY36	GO:0005886	0.704
P0DY36	GO:0009274	0.339
P0DY37	GO:0005886	0.631
P0DY37	GO:0009274	0.427
P0DY38	GO:0005576	0.936
P0DY39	GO:0005576	0.820
P0DY39	GO:0005615	0.435
P0DY40	GO:0005576	0.550
P0DY40	GO:0005615	0.498
P0DY41	GO:0005576	0.834
P0DY41	GO:0005615	0.311
P0DY42	GO:0005576	0.877
P0DY43	GO:0005576	0.884
P0DY44	GO:0005576	0.896
P0DY45	GO:0005886	0.523
P0DY45	GO:0009274	0.448
P0DY46	GO:0005886	0.584
P0DY46	GO:0009274	0.560
P0DY47	GO:0005886	0.757
P0DY47	GO:0009274	0.423
P0DY48	GO:0005886	0.659
P0DY48	GO:0009274	0.381
P0DY49	GO:0005886	0.562
P0DY49	GO:0009274	0.367
P0DY50	GO:0005886	0.738
P0DY50	GO:0009274	0.395
P0DY51	GO:0005886	0.509
P0DY51	GO:0009274	0.477
P0DY52	GO:0005886	0.446
P0DY52	GO:0009274	0.557
P0DY53	GO:0005886	0.425
P0DY53	GO:0009274	0.432
P0DY54	GO:0005634	0.381
P0DY54	GO:0005829	0.524
P0DY55	GO:0005576	0.705
P0DY58	GO:0005739	0.448
P0DY61	GO:0005634	0.571
P0DY61	GO:0005829	0.488
P0DY62	GO:0005634	0.308
P0DY62	GO:0005829	0.500
P0DY81	GO:0005829	0.305
P0DY82	GO:0005829	0.450
P0DY83	GO:0005886	0.596
P0DY89	GO:0005829	0.396
P0DY99	GO:0005576	0.639
P0DYA9	GO:0005576	0.805
P0DYB0	GO:0005576	0.824
P0DYB1	GO:0005576	0.913
P0DYB2	GO:0005576	0.877
P0DYB3	GO:0005576	0.911
P0DYB4	GO:0005576	0.870
P71888	GO:0005886	0.749
P71888	GO:0009274	0.377
P71888	GO:0032993	0.371
P72798	GO:0005829	0.568
P73010	GO:0033281	0.423
P73435	GO:0005886	0.555
P74174	GO:0005576	0.550
P78601	GO:0005576	0.771
P78601	GO:0031160	0.409
P78602	GO:0005576	0.807
P78602	GO:0031160	0.496
P79072	GO:0005576	0.829
P79922	GO:0000785	0.356
P79922	GO:0000792	0.312
P79922	GO:0005634	0.811
P79922	GO:0005654	0.334
P96857	GO:0005886	0.801
P96857	GO:0009274	0.366
P9WEE5	GO:0000324	0.450
P9WEE6	GO:0005783	0.618
P9WEE7	GO:0005829	0.387
P9WEE8	GO:0005783	0.660
P9WEE8	GO:0005789	0.320
P9WEE9	GO:0005783	0.499
P9WEF1	GO:0005783	0.578
P9WEF2	GO:0005829	0.388
P9WEF3	GO:0005783	0.411
P9WEF7	GO:0005634	0.393
P9WEF8	GO:0005783	0.529
P9WEF9	GO:0005634	0.946
P9WEG0	GO:0005783	0.545
P9WEG1	GO:0005829	0.339
P9WEG2	GO:0005634	0.374
P9WEG2	GO:0005829	0.625
P9WEG3	GO:0005634	0.542
P9WEG3	GO:0005829	0.445
P9WEG4	GO:0005634	0.486
P9WEG4	GO:0005829	0.597
P9WEG5	GO:0005783	0.579
P9WEG6	GO:0005783	0.454
P9WEG7	GO:0005783	0.523
P9WEJ3	GO:0005634	0.309
P9WEJ3	GO:0005829	0.488
P9WEJ4	GO:0005783	0.616
P9WEJ4	GO:0140595	0.598
P9WEJ5	GO:0005634	0.313
P9WEJ6	GO:0009536	0.346
Q00367	GO:0005576	0.732
Q00367	GO:0031160	0.442
Q00368	GO:0005811	0.713
Q00368	GO:0005829	0.315
Q00368	GO:0005886	0.312
Q01491	GO:0005634	0.708
Q01910	GO:0005634	0.426
Q04230	GO:0005886	0.751
Q05AL8	GO:0005634	0.791
Q05AL8	GO:0005654	0.656
Q06K53	GO:0005576	0.673
Q06K53	GO:0005615	0.523
Q06K97	GO:0005576	0.541
Q06K97	GO:0005615	0.421
Q080S8	GO:0005829	0.515
Q08CD9	GO:0005813	0.420
Q08CD9	GO:0070652	0.905
Q08CD9	GO:1990498	0.563
Q0CPG6	GO:0005783	0.479
Q0CPG7	GO:0005783	0.661
Q0CPG7	GO:0005789	0.320
Q0CPG9	GO:0005739	0.763
Q0CPG9	GO:0005759	0.313
Q0E8F2	GO:0005739	0.603
Q0KAA1	GO:0005829	0.518
Q0KKA0	GO:0005576	0.560
Q0KKA0	GO:0009277	0.581
Q0KKA0	GO:0020002	0.447
Q0KKA0	GO:0030446	0.777
Q0KKA0	GO:0031160	0.628
Q0R411	GO:0005576	0.894
Q0S4Q9	GO:0005829	0.446
Q0S4Q9	GO:0005886	0.817
Q0S4Q9	GO:0009274	0.654
Q0URD7	GO:0000785	0.378
Q0URD7	GO:0005634	0.837
Q0UTF0	GO:0000785	0.356
Q0UTF0	GO:0005634	0.887
Q10GJ1	GO:0005634	0.501
Q177W0	GO:0005576	0.537
Q177W0	GO:0005615	0.625
Q17NR1	GO:0005576	0.962
Q17NR4	GO:0005576	0.956
Q1D148	GO:0005886	0.637
Q1D148	GO:0009274	0.640
Q1I187	GO:0005576	0.699
Q1I187	GO:0031160	0.867
Q1M0Y5	GO:0005576	0.508
Q1M0Y5	GO:0005615	0.380
Q1MWN4	GO:0005829	0.356
Q1MWN4	GO:0005886	0.395
Q22419	GO:0005634	0.305
Q22419	GO:0005737	0.313
Q22419	GO:0005829	0.440
Q22A67	GO:0005868	0.354
Q22A67	GO:0005930	0.505
Q22A67	GO:0031514	0.523
Q22A67	GO:0097729	0.443
Q22HI5	GO:0005886	0.313
Q22MS1	GO:0005929	0.397
Q22MS1	GO:0097729	0.477
Q22R86	GO:0005634	0.323
Q22YU3	GO:0097729	0.348
Q23421	GO:0000931	0.336
Q240X9	GO:0005634	0.570
Q240X9	GO:0005737	0.525
Q240X9	GO:0005829	0.414
Q24468	GO:0005886	0.777
Q24CE5	GO:0005868	0.340
Q24DI9	GO:0005634	0.344
Q26994	GO:0005783	0.307
Q2FXP4	GO:0042601	0.736
Q2FXP4	GO:0043590	0.425
Q2GPS4	GO:0005829	0.446
Q2GPS5	GO:0005783	0.411
Q2GPS6	GO:0005829	0.482
Q2GPS7	GO:0005835	0.303
Q2GPS8	GO:0005634	0.766
Q2GPS9	GO:0005576	0.617
Q2GPT0	GO:0005576	0.354
Q2GPT1	GO:0005829	0.497
Q2GPT2	GO:0005829	0.401
Q2GPT4	GO:0005576	0.591
Q2GPT5	GO:0005886	0.694
Q2GPT6	GO:0005829	0.458
Q2GPT7	GO:0005576	0.461
Q2GPT8	GO:0005886	0.505
Q2HYY9	GO:0005576	0.884
Q2PAY2	GO:0020005	0.539
Q2PAY3	GO:0020005	0.465
Q2RBS5	GO:0005829	0.323
Q2RBS5	GO:0005886	0.395
Q2RW96	GO:0005829	0.547
Q2RW97	GO:0005829	0.393
Q2RW98	GO:0005829	0.345
Q2RW98	GO:0005886	0.447
Q2TR58	GO:0030288	0.806
Q2TR58	GO:0042597	0.389
Q2TXQ1	GO:0005634	0.518
Q2TXQ1	GO:0005829	0.657
Q2TXQ9	GO:0005634	0.315
Q2TXQ9	GO:0005829	0.585
Q2U3W7	GO:0005576	0.731
Q2U3W7	GO:0031160	0.836
Q2UD95	GO:0005634	0.323
Q2UD95	GO:0005737	0.365
Q2UD95	GO:0005829	0.502
Q2UF99	GO:0005829	0.393
Q2YRP4	GO:0032993	0.922
Q31P89	GO:0005829	0.306
Q31P89	GO:0009274	0.386
Q31P89	GO:0043590	0.372
Q31P89	GO:0048476	0.491
Q381V1	GO:0005634	0.320
Q381V1	GO:0005737	0.309
Q381X9	GO:0005634	0.341
Q381X9	GO:0005737	0.305
Q381X9	GO:0020023	0.412
Q381X9	GO:0031019	0.307
Q384J7	GO:0005634	0.543
Q384J7	GO:0005737	0.347
Q386F1	GO:0005886	0.606
Q386M3	GO:0005930	0.333
Q388V7	GO:0005739	0.743
Q389T1	GO:0000786	0.616
Q389T1	GO:0005634	0.437
Q38CB5	GO:0005634	0.312
Q38CB5	GO:0005737	0.359
Q38CB5	GO:0005829	0.331
Q3HS86	GO:0005576	0.722
Q3HS86	GO:0009277	0.300
Q3HS86	GO:0031160	0.586
Q3HS87	GO:0005576	0.744
Q3J189	GO:0005886	0.557
Q3Y316	GO:0005829	0.625
Q47720	GO:0005829	0.674
Q4D9P2	GO:0005634	0.373
Q4FKP8	GO:0005634	0.769
Q4FKP8	GO:0005737	0.390
Q4FKP8	GO:0005829	0.387
Q4GYX7	GO:0000775	0.306
Q4GYX7	GO:0000786	0.731
Q4GYX7	GO:0005634	0.592
Q4GYX7	GO:0043505	0.396
Q4GZF2	GO:0005634	0.465
Q4GZF6	GO:0005634	0.473
Q4GZF6	GO:0005829	0.380
Q4J8Q7	GO:0005886	0.598
Q4J8R0	GO:0005634	0.347
Q4J8R0	GO:0005829	0.389
Q4J8R1	GO:0005739	0.301
Q4J9A9	GO:0005739	0.361
Q4JC83	GO:0005739	0.311
Q4Q1M7	GO:0005634	0.651
Q4Q1M7	GO:0005737	0.419
Q4Q1M7	GO:0005829	0.627
Q4V835	GO:0005634	0.771
Q4WAY2	GO:0005576	0.706
Q4WBR8	GO:0005576	0.789
Q4WBR8	GO:0031160	0.766
Q4WBR8	GO:0140593	0.302
Q4WC31	GO:0005576	0.699
Q4WC31	GO:0140593	0.315
Q4WD22	GO:0005576	0.467
Q4WD22	GO:0009277	0.871
Q4WD22	GO:0009986	0.347
Q4WE22	GO:0005576	0.336
Q4WE63	GO:0000785	0.447
Q4WE63	GO:0005634	0.850
Q4WEK0	GO:0005576	0.570
Q4WEK0	GO:0031160	0.301
Q4WEK0	GO:0042025	0.480
Q4WF00	GO:0005576	0.684
Q4WK40	GO:0005634	0.752
Q4WMW2	GO:0005576	0.509
Q4WMW2	GO:0009277	0.780
Q4WUQ8	GO:0005829	0.356
Q4WUQ8	GO:0005886	0.371
Q4WWM8	GO:0005737	0.327
Q4WWM8	GO:0005829	0.320
Q4WWM8	GO:0032153	0.433
Q4WWM8	GO:0051286	0.336
Q4WXE6	GO:0005886	0.497
Q4WXE6	GO:0009277	0.343
Q4WXF4	GO:0005829	0.526
Q4WY69	GO:0005634	0.798
Q4WYQ4	GO:0005634	0.823
Q4WZV3	GO:0005634	0.404
Q4WZV3	GO:0005737	0.388
Q4WZV3	GO:0005829	0.569
Q4X055	GO:0005576	0.795
Q53AM4	GO:0005886	0.327
Q53IN4	GO:0005634	0.432
Q53IN4	GO:0005737	0.315
Q53IN4	GO:0005829	0.461
Q54RB8	GO:0005886	0.418
Q54WU1	GO:0005886	0.506
Q55C03	GO:0000331	0.300
Q55C03	GO:0005886	0.561
Q57V03	GO:0005634	0.364
Q57V03	GO:0005737	0.333
Q57XN4	GO:0005737	0.300
Q57YA3	GO:0000786	0.550
Q57YA3	GO:0005634	0.572
Q57YJ0	GO:0005634	0.674
Q57YJ0	GO:0005737	0.359
Q57YS8	GO:0005634	0.400
Q57YS8	GO:0005737	0.401
Q57Z31	GO:0000786	0.381
Q57Z31	GO:0005634	0.456
Q57ZI5	GO:0005930	0.387
Q57ZI5	GO:1990900	0.464
Q581Z0	GO:0005634	0.611
Q582T2	GO:0005634	0.633
Q583E0	GO:0005737	0.365
Q583R7	GO:0005634	0.599
Q583R7	GO:0005737	0.450
Q584I8	GO:0005634	0.418
Q584I8	GO:0005737	0.397
Q584I8	GO:0005930	0.316
Q58T34	GO:0005829	0.692
Q59S64	GO:0005634	0.438
Q59S64	GO:0005737	0.423
Q59S64	GO:0005813	0.302
Q59S64	GO:0005816	0.477
Q59TS6	GO:0005634	0.841
Q5A3L9	GO:0005634	0.794
Q5A786	GO:0005737	0.302
Q5A786	GO:0005829	0.307
Q5A786	GO:0015629	0.393
Q5A786	GO:0030479	0.504
Q5A786	GO:0031097	0.322
Q5AF55	GO:0005634	0.778
Q5AHE5	GO:0005783	0.317
Q5ALM0	GO:0005634	0.482
Q5ALM0	GO:0005737	0.342
Q5ALM0	GO:0005829	0.582
Q5ANG4	GO:0005634	0.749
Q5ANI0	GO:0005634	0.727
Q5ASR7	GO:0005634	0.624
Q5AUU3	GO:0005634	0.344
Q5AUU3	GO:0005829	0.483
Q5AUU3	GO:0005886	0.325
Q5AV79	GO:0005634	0.514
Q5AV79	GO:0005829	0.592
Q5AVZ1	GO:0005576	0.759
Q5AY37	GO:0005634	0.413
Q5AY37	GO:0005737	0.380
Q5AY37	GO:0005829	0.353
Q5AY39	GO:0005829	0.331
Q5AY40	GO:0005634	0.783
Q5AY42	GO:0005634	0.643
Q5AZ79	GO:0005576	0.723
Q5AZ79	GO:0031160	0.619
Q5BC93	GO:0005576	0.782
Q5BC93	GO:0031160	0.771
Q5BEU0	GO:0005576	0.752
Q5CT41	GO:0020005	0.419
Q5CW91	GO:0005739	0.745
Q5CW91	GO:0005743	0.571
Q5D8X4	GO:0005886	0.403
Q5EP34	GO:0005634	0.350
Q5F9Y4	GO:0030288	0.591
Q5JEV0	GO:0022625	0.632
Q5JFE2	GO:0005829	0.447
Q5JGN5	GO:0005829	0.316
Q5JGN5	GO:0022627	0.434
Q5JHC6	GO:0005739	0.387
Q5JIV0	GO:0005829	0.347
Q5JJG6	GO:0022625	0.470
Q5SC49	GO:0005634	0.465
Q5SC49	GO:0005737	0.474
Q5SC51	GO:0005886	0.384
Q5SC54	GO:0005739	0.305
Q5SZ93	GO:0005886	0.645
Q5SZ93	GO:0016324	0.333
Q5U2T9	GO:0005634	0.397
Q5U2T9	GO:0005737	0.350
Q5U2T9	GO:0005829	0.514
Q5U3T5	GO:0005634	0.802
Q5U3T5	GO:0005654	0.608
Q63J58	GO:0005576	0.559
Q63J58	GO:0009279	0.376
Q63JA0	GO:0005886	0.944
Q63PD0	GO:0005886	0.874
Q63YU2	GO:0030288	0.875
Q63YU2	GO:0042597	0.307
Q63ZW6	GO:0005576	0.812
Q63ZW6	GO:0005587	0.969
Q63ZW6	GO:0005604	0.722
Q63ZW6	GO:0005788	0.469
Q63ZW6	GO:0031012	0.911
Q64845	GO:0005634	0.504
Q64845	GO:0005737	0.348
Q66ID3	GO:0005634	0.528
Q66ID3	GO:0005654	0.534
Q66ID3	GO:0005730	0.716
Q6CVH2	GO:0005634	0.804
Q6CVH2	GO:0043626	0.952
Q6FKR3	GO:0005634	0.704
Q6FKR3	GO:0005737	0.631
Q6FKR3	GO:0005829	0.319
Q6FNA9	GO:0005634	0.632
Q6FNA9	GO:0005737	0.511
Q6I6C7	GO:0009279	0.450
Q6I6C7	GO:0030288	0.658
Q6I6C7	GO:0042597	0.359
Q6LX38	GO:0005829	0.452
Q6LX38	GO:0005832	0.611
Q6LX55	GO:0005634	0.339
Q6LX55	GO:0005829	0.337
Q6LXX7	GO:0005829	0.488
Q6LZC0	GO:0005886	0.300
Q6M0N3	GO:0005886	0.342
Q6M0N4	GO:0005886	0.396
Q6M0N8	GO:0005886	0.494
Q6MWX1	GO:0005576	0.463
Q6MWX1	GO:0009274	0.655
Q6NKR8	GO:0005634	0.469
Q6PHP4	GO:0005634	0.691
Q6PHP4	GO:0005654	0.539
Q6TDU5	GO:0005829	0.325
Q6UXT6	GO:0005886	0.913
Q6XEC0	GO:0030288	0.860
Q6XEC0	GO:0042597	0.432
Q6YD93	GO:0005576	0.748
Q6YF29	GO:0005576	0.734
Q6YF30	GO:0005576	0.874
Q6YF31	GO:0005576	0.713
Q6YF31	GO:0031160	0.605
Q6YF32	GO:0005576	0.753
Q6YF32	GO:0031160	0.687
Q6YF32	GO:0140593	0.329
Q6ZI01	GO:0005634	0.598
Q70KH3	GO:0005886	0.805
Q70KH3	GO:0009274	0.315
Q70KH6	GO:0005886	0.688
Q70KH6	GO:0009274	0.679
Q716G6	GO:0031012	0.371
Q716G6	GO:0033644	0.326
Q75LV6	GO:0005634	0.553
Q75T84	GO:0005576	0.781
Q75T84	GO:0031160	0.432
Q7CYC6	GO:0005886	0.781
Q7CYK9	GO:0005886	0.638
Q7DDD9	GO:0032993	0.751
Q7K003	GO:0005634	0.822
Q7K003	GO:0035267	0.801
Q7KN92	GO:0000139	0.716
Q7KN92	GO:0005794	0.346
Q7LXK6	GO:0005739	0.372
Q7PPZ8	GO:0005576	0.482
Q7PPZ8	GO:0005615	0.485
Q7PRX9	GO:0005576	0.519
Q7PRX9	GO:0005615	0.545
Q7Q5J5	GO:0005634	0.489
Q7Q5J5	GO:0005737	0.409
Q7Q5J5	GO:0005829	0.533
Q7S3P5	GO:0005576	0.714
Q7S3P5	GO:0140593	0.322
Q7YXK5	GO:0005576	0.880
Q7Z9L4	GO:0005576	0.481
Q7Z9L4	GO:0009277	0.650
Q7Z9L4	GO:0030446	0.419
Q7Z9L4	GO:0031160	0.357
Q7Z9L5	GO:0005576	0.703
Q7Z9L5	GO:0031160	0.367
Q7ZW18	GO:0005783	0.322
Q7ZW18	GO:0005886	0.442
Q7ZW18	GO:0016020	0.348
Q7ZW18	GO:0016529	0.458
Q7ZW18	GO:0033017	0.332
Q814Z4	GO:0005829	0.625
Q814Z5	GO:0005829	0.671
Q820A8	GO:0005886	0.700
Q82ZE0	GO:0005829	0.436
Q834T0	GO:0005829	0.433
Q836G2	GO:0005829	0.435
Q83XP3	GO:0005886	0.687
Q83XP3	GO:0009274	0.634
Q83YH3	GO:0005886	0.831
Q83YH3	GO:0009274	0.394
Q86PT9	GO:0005576	0.542
Q86PT9	GO:0005615	0.771
Q8GY45	GO:0005634	0.431
Q8GY45	GO:0005886	0.727
Q8I266	GO:0005886	0.335
Q8I298	GO:0020003	0.385
Q8I299	GO:0005886	0.620
Q8I3A2	GO:0020011	0.888
Q8I3M7	GO:0005886	0.536
Q8I415	GO:0005739	0.420
Q8I415	GO:0020011	0.745
Q8I465	GO:0020020	0.561
Q8I465	GO:0045335	0.327
Q8I465	GO:0070258	0.317
Q8I465	GO:0160055	0.496
Q8I5Q6	GO:0005739	0.611
Q8I5Q6	GO:0045335	0.477
Q8IAM2	GO:0005634	0.444
Q8IAM2	GO:0005737	0.421
Q8IAM2	GO:0005829	0.468
Q8IAM2	GO:0045335	0.381
Q8IDH9	GO:0020011	0.387
Q8II12	GO:0005886	0.448
Q8II87	GO:0005737	0.347
Q8IJ32	GO:0005737	0.425
Q8IJI1	GO:0005886	0.525
Q8IJK2	GO:0000421	0.650
Q8IJK2	GO:0005737	0.354
Q8IJK2	GO:0005776	0.673
Q8IJK2	GO:0005829	0.377
Q8IJM5	GO:0005634	0.517
Q8IJM5	GO:0005737	0.429
Q8IJM5	GO:0005829	0.314
Q8IK85	GO:0005739	0.304
Q8IK85	GO:0005783	0.382
Q8IKT4	GO:0005739	0.756
Q8IKT4	GO:0020011	0.338
Q8IL48	GO:0005737	0.472
Q8IL80	GO:0005634	0.487
Q8IL80	GO:0005737	0.377
Q8IL80	GO:0005829	0.606
Q8ILY1	GO:0020011	0.528
Q8KN66	GO:0005829	0.610
Q8L443	GO:0005634	0.473
Q8L443	GO:0005886	0.544
Q8MVC4	GO:0005576	0.544
Q8MVC4	GO:0005615	0.408
Q8MXG1	GO:0005783	0.874
Q8MXG1	GO:0005789	0.429
Q8QV65	GO:0005886	0.362
Q8RI81	GO:0005634	0.339
Q8RI81	GO:0005737	0.309
Q8RI81	GO:0005829	0.308
Q8SBJ2	GO:0005829	0.431
Q8TZM6	GO:0005829	0.379
Q8U0T4	GO:0022627	0.348
Q8U0V2	GO:0009326	0.378
Q8U0V2	GO:0045271	0.315
Q8U3B0	GO:0005739	0.346
Q8U3G4	GO:0005739	0.416
Q8U594	GO:0005886	0.659
Q8U5I9	GO:0005886	0.678
Q8UET8	GO:0005886	0.631
Q8VEZ1	GO:0005886	0.920
Q8W570	GO:0005634	0.574
Q8W570	GO:0005829	0.377
Q8W570	GO:0034098	0.808
Q8W570	GO:0036501	0.446
Q8X1N0	GO:0005576	0.790
Q8X1N0	GO:0031160	0.446
Q8X1T7	GO:0005576	0.734
Q8X1T8	GO:0005576	0.750
Q8X1T9	GO:0005576	0.662
Q8X1T9	GO:0031160	0.341
Q8XAN6	GO:0005634	0.483
Q8XAN6	GO:0005737	0.372
Q8XAN6	GO:0005829	0.434
Q8ZL97	GO:0005829	0.354
Q8ZL97	GO:0032993	0.603
Q8ZL97	GO:0110001	0.989
Q8ZL98	GO:0005829	0.364
Q92234	GO:0005576	0.570
Q92234	GO:0005615	0.439
Q92PZ7	GO:0005829	0.358
Q92PZ7	GO:0032993	0.849
Q92ZP7	GO:0005829	0.334
Q92ZP7	GO:0005886	0.384
Q92ZP8	GO:0005829	0.413
Q92ZP8	GO:0005886	0.309
Q92ZP9	GO:0005829	0.462
Q95ZD7	GO:0005634	0.657
Q95ZD7	GO:0005737	0.410
Q95ZD7	GO:0005829	0.642
Q963F7	GO:0005615	0.314
Q963F7	GO:0005829	0.505
Q97U12	GO:0005739	0.410
Q97Z82	GO:0005739	0.310
Q97ZH4	GO:0005829	0.357
Q97ZH4	GO:0022625	0.359
Q97ZJ8	GO:0005739	0.397
Q97ZR1	GO:0005829	0.349
Q97ZR1	GO:0022627	0.404
Q980C5	GO:0005739	0.439
Q980V0	GO:0005829	0.350
Q98500	GO:0005634	0.555
Q988D3	GO:0005829	0.443
Q988D3	GO:0005886	0.553
Q988D3	GO:0009274	0.480
Q98TY6	GO:0005737	0.397
Q98TY6	GO:0005829	0.614
Q9AQQ8	GO:0005576	0.428
Q9AUD8	GO:0005783	0.332
Q9AYZ3	GO:0005576	0.392
Q9BIM7	GO:0005576	0.429
Q9BIM7	GO:0020009	0.428
Q9BJ36	GO:0005739	0.771
Q9BJ36	GO:0005743	0.596
Q9C2X0	GO:0005576	0.637
Q9C2X0	GO:0031160	0.651
Q9C7T1	GO:0005634	0.536
Q9C7T1	GO:0005886	0.512
Q9CZP3	GO:0005634	0.717
Q9CZP3	GO:0005654	0.341
Q9DAE2	GO:0005634	0.644
Q9DAE2	GO:0005654	0.534
Q9DAE2	GO:0016607	0.326
Q9DAE2	GO:0044530	0.675
Q9DAE2	GO:0071013	0.328
Q9DQA5	GO:0005634	0.452
Q9DQA5	GO:0005737	0.480
Q9F7D7	GO:0005829	0.695
Q9F7D8	GO:0005829	0.639
Q9F7E3	GO:0005829	0.566
Q9F7E4	GO:0005829	0.521
Q9F7E4	GO:0009274	0.306
Q9FD33	GO:0005829	0.536
Q9FD36	GO:0005829	0.530
Q9FKQ7	GO:0005634	0.507
Q9FKQ7	GO:0005886	0.723
Q9FRR2	GO:0005874	0.333
Q9FRR2	GO:0009524	0.504
Q9FRR2	GO:0055028	0.430
Q9GTP4	GO:0005886	0.676
Q9GTP5	GO:0005886	0.660
Q9HDD5	GO:0005576	0.724
Q9HDD5	GO:0031160	0.391
Q9HSN1	GO:0005886	0.353
Q9HSN1	GO:0009274	0.360
Q9J4L4	GO:0005739	0.362
Q9J4L7	GO:0005634	0.314
Q9JN36	GO:0005829	0.385
Q9JXC6	GO:0005634	0.478
Q9JXC6	GO:0005829	0.645
Q9K0P4	GO:0005829	0.596
Q9KJT3	GO:0005886	0.746
Q9KJT4	GO:0005829	0.456
Q9KN86	GO:0030288	0.646
Q9KU93	GO:0030288	0.706
Q9KUL5	GO:0030288	0.563
Q9KZP3	GO:0005886	0.884
Q9L392	GO:0005829	0.590
Q9L393	GO:0005829	0.714
Q9LZE4	GO:0005829	0.412
Q9M1Q2	GO:0005886	0.880
Q9MBY2	GO:0005886	0.435
Q9MBY2	GO:0110001	0.506
Q9MCT0	GO:0110001	0.337
Q9MCT1	GO:0005886	0.355
Q9NBV4	GO:0005886	0.697
Q9P8S9	GO:0005576	0.744
Q9P8S9	GO:0031160	0.305
Q9P8T0	GO:0005576	0.723
Q9P8T0	GO:0031160	0.435
Q9R2F4	GO:0005829	0.581
Q9RHD7	GO:0005829	0.741
Q9RUM0	GO:0005576	0.390
Q9RUM0	GO:0005886	0.312
Q9RVT2	GO:0005576	0.382
Q9RVT2	GO:0005615	0.331
Q9SJV0	GO:0005634	0.529
Q9SJV0	GO:0034098	0.610
Q9SJV0	GO:0036501	0.418
Q9SKA8	GO:0005634	0.355
Q9SKA8	GO:0009524	0.416
Q9SMW3	GO:0009505	0.659
Q9SMW3	GO:0009506	0.490
Q9SWW0	GO:0005739	0.815
Q9SWW0	GO:0009507	0.507
Q9SX57	GO:0005886	0.819
Q9T0K8	GO:0005634	0.312
Q9T0K8	GO:0005874	0.349
Q9T0K8	GO:0009524	0.549
Q9T0K8	GO:0055028	0.414
Q9U232	GO:0005634	0.351
Q9UVF9	GO:0005576	0.871
Q9VAM5	GO:0005634	0.817
Q9VAM5	GO:0005700	0.517
Q9VAQ8	GO:0000139	0.409
Q9VBL5	GO:0000139	0.508
Q9VBL5	GO:0005794	0.534
Q9VGV8	GO:0005634	0.447
Q9VGV8	GO:0005737	0.356
Q9VIA5	GO:0005886	0.418
Q9VJ31	GO:0005634	0.431
Q9VJ31	GO:0005829	0.705
Q9VQG9	GO:0005576	0.372
Q9VQG9	GO:0005615	0.774
Q9VQK4	GO:0000139	0.714
Q9VQK4	GO:0005794	0.610
Q9VQK9	GO:0005794	0.478
Q9VW78	GO:0005886	0.529
Q9VWS0	GO:0000124	0.377
Q9VWS0	GO:0005634	0.815
Q9VWS0	GO:0005700	0.304
Q9VXM0	GO:0005886	0.658
Q9VXM0	GO:0009986	0.327
Q9W365	GO:0005886	0.645
Q9WAF5	GO:0005886	0.363
Q9WYV6	GO:0005829	0.455
Q9Y7G9	GO:0005576	0.766
Q9Y7G9	GO:0031160	0.483
Q9Y7H0	GO:0005576	0.745
Q9Y7H0	GO:0020002	0.320
Q9Y7H0	GO:0031160	0.397
Q9Y8F0	GO:0005576	0.820
Q9Y8F0	GO:0031160	0.649
Q9ZIH2	GO:0005886	0.631
Q9ZPL5	GO:0009507	0.941
Q9ZPL5	GO:0009570	0.796
Q9ZUB7	GO:0005634	0.502
Q9ZUB7	GO:0009524	0.458
Q9ZVA7	GO:0005886	0.402
Q9ZW72	GO:0005886	0.873
R4H5E1	GO:0005576	0.838
R9UC00	GO:0005576	0.956
R9UC04	GO:0005576	0.943
R9UC06	GO:0005576	0.958
R9UC10	GO:0005576	0.745
R9UCX1	GO:0005576	0.956
R9UE59	GO:0005576	0.946
R9UE63	GO:0005576	0.951
R9UE65	GO:0005576	0.954
R9UE68	GO:0005576	0.954
R9UFE0	GO:0005576	0.949
R9UFE4	GO:0005576	0.943
R9UFJ8	GO:0005576	0.953
S0ENW0	GO:0005634	0.432
S0ENW0	GO:0005737	0.315
S0ENW0	GO:0005829	0.461
S3DQQ9	GO:0005634	0.825
S3DQQ9	GO:0005737	0.378
S8ESV1	GO:0009507	0.492
S8EUF0	GO:0005634	0.414
S8EUF0	GO:0005737	0.477
S8EV69	GO:0000776	0.376
S8EV69	GO:0031262	0.584
S8EXU2	GO:0005739	0.553
S8EYU3	GO:0005737	0.343
S8EYU3	GO:0005829	0.356
S8F0G9	GO:0005634	0.408
S8F0G9	GO:0005737	0.355
S8F357	GO:0160211	0.311
S8F3G6	GO:0005634	0.345
S8G033	GO:0005634	0.410
S8GI44	GO:0005634	0.350
S8GI44	GO:0005737	0.384
T2BMW7	GO:0005634	0.882
U4PLN7	GO:0005737	0.409
V5H924	GO:0005576	0.537
V5H924	GO:0005615	0.767
V9GX91	GO:0015629	0.301
V9LFM0	GO:0032437	0.398
V9TNS0	GO:0005829	0.608
V9TS54	GO:0005576	0.810
V9TT49	GO:0005829	0.598
W1Q703	GO:0005634	0.564
W1Q703	GO:0005737	0.308
W1Q703	GO:0005829	0.634
W1Q7S6	GO:0005739	0.679
W1QAK2	GO:0005778	0.451
W1QAK2	GO:0005783	0.785
W1QAK2	GO:0032541	0.445
W1QB31	GO:0005634	0.363
W1QB31	GO:0005829	0.570
W1QB31	GO:1990140	0.539
W1QDJ3	GO:0005634	0.546
W1QDJ3	GO:0005737	0.413
W1QDJ3	GO:0005829	0.496
W1QDU5	GO:0005778	0.320
W1QDU5	GO:0005783	0.669
W1QDU5	GO:0071561	0.540
W1QET1	GO:0005634	0.463
W1QET1	GO:0005737	0.307
W1QET1	GO:0005829	0.530
W1QGQ0	GO:0005634	0.762
W1QGQ0	GO:0005737	0.410
W1QGQ0	GO:0005829	0.695
W1QHP2	GO:0005783	0.825
W1QJK0	GO:0005739	0.583
W1QJK0	GO:0005759	0.333
W1QJK0	GO:1990221	0.308
W1QL91	GO:0005778	0.371
W1QL91	GO:0005783	0.771
W6JLV4	GO:0005634	0.643
W6JLV4	GO:0005829	0.393
W6JPP9	GO:0005634	0.416
W6JPP9	GO:0005829	0.534
W6QKQ9	GO:0005634	0.385
W6QKQ9	GO:0005777	0.353
W6QKQ9	GO:0005829	0.422
W6QN79	GO:0005829	0.379
W6QN83	GO:0005576	0.708
W6QTE8	GO:0005829	0.426
W6QTF2	GO:0005634	0.920
W6R6G5	GO:0005783	0.553
W6R6H0	GO:0005783	0.567
W6R6H4	GO:0005634	0.442
W6R6H4	GO:0005737	0.414
W6R6H4	GO:0005829	0.601
W7L9C2	GO:0005783	0.488
W7MMJ4	GO:0005886	0.842
W7N6P5	GO:0005634	0.858
W7XJB1	GO:0005634	0.331
W7XJB1	GO:0005737	0.319
W8NQ71	GO:0005576	0.804
W8NQ71	GO:0140593	0.314
W8NXX4	GO:0005576	0.869
W8P1J0	GO:0005576	0.723
X0JZ91	GO:0005829	0.367
X0JZ91	GO:0005886	0.331
X0JZ91	GO:0032153	0.591
X0JZ91	GO:0051285	0.377
X0JZ91	GO:0051286	0.459
X0JZ91	GO:1902716	0.351
X1WBN4	GO:0005615	0.329
