A0A023PMT2	GO:0005515	0.317
A0A023PMT2	GO:0008289	0.443
A0A059WI14	GO:0004462	0.670
A0A059WI14	GO:0005506	0.615
A0A059WI14	GO:0005507	0.313
A0A059WI14	GO:0005515	0.465
A0A059WI14	GO:0008270	0.560
A0A059WI14	GO:0033745	0.308
A0A059WI14	GO:0046870	0.689
A0A059WI14	GO:0051537	0.831
A0A075D654	GO:0004059	0.343
A0A075D654	GO:0008168	0.692
A0A075D654	GO:0008170	0.888
A0A075D654	GO:0008171	0.707
A0A075D654	GO:0008757	0.612
A0A075D654	GO:0009975	0.680
A0A075D6M1	GO:0008168	0.757
A0A075D6M1	GO:0008170	0.892
A0A075D6M1	GO:0008171	0.596
A0A075D6M1	GO:0008757	0.522
A0A075D6M1	GO:0009975	0.332
A0A087WWS6	GO:0005125	0.384
A0A087WWS6	GO:0005132	0.733
A0A087WWS6	GO:0005515	0.389
A0A089LCJ8	GO:0004566	0.663
A0A089LCJ8	GO:0016787	0.394
A0A0A2J9B3	GO:0000978	0.436
A0A0A2J9B3	GO:0000981	0.502
A0A0A2J9B3	GO:0001228	0.350
A0A0A2J9B3	GO:0003700	0.493
A0A0A2J9B3	GO:0005515	0.492
A0A0A2J9B3	GO:0043565	0.447
A0A0A2JK41	GO:0090729	0.302
A0A0A2K253	GO:0004867	0.526
A0A0A2K253	GO:0008061	0.681
A0A0A2K253	GO:0019871	0.447
A0A0A2K253	GO:0090729	0.823
A0A0A2K6S6	GO:0000978	0.311
A0A0A2K6S6	GO:0003700	0.468
A0A0A8X0K1	GO:0008940	0.353
A0A0A8X0K1	GO:0030151	0.338
A0A0A8X0K1	GO:0051536	0.301
A0A0A8X338	GO:0009055	0.709
A0A0A8X5N4	GO:0005515	0.301
A0A0B4K7K9	GO:0005515	0.834
A0A0B5JC15	GO:0031176	0.949
A0A0D1C4X3	GO:0005515	0.374
A0A0D1C5X6	GO:0004867	0.325
A0A0D1CKI0	GO:0005199	0.633
A0A0D1DPX0	GO:0005199	0.858
A0A0D6DQE6	GO:0005534	0.599
A0A0D6DQE6	GO:0046812	0.422
A0A0E0S0W9	GO:0004672	0.600
A0A0E0S0W9	GO:0004674	0.934
A0A0E0S0W9	GO:0005515	0.767
A0A0E1RWJ5	GO:0016218	0.959
A0A0E1RWL5	GO:0016218	0.462
A0A0E1RWL5	GO:0016405	0.495
A0A0E1RWL5	GO:0031956	0.403
A0A0E1RXK8	GO:0004497	0.942
A0A0E1RXK8	GO:0004499	0.621
A0A0E1RXK8	GO:0016218	0.631
A0A0E1RXK8	GO:0016491	0.466
A0A0E3D8N3	GO:0004497	0.549
A0A0E3D8N3	GO:0016218	0.950
A0A0E3D8N3	GO:0016491	0.457
A0A0F6B281	GO:0004045	0.966
A0A0F6B281	GO:0005515	0.443
A0A0F6B5X3	GO:0000976	0.468
A0A0F6B5X3	GO:0003677	0.370
A0A0F6B5X3	GO:0005515	0.719
A0A0F6B5X3	GO:0042802	0.301
A0A0F6B5X3	GO:0097351	0.776
A0A0F6B5X4	GO:0005515	0.571
A0A0F6B5X4	GO:0008080	0.389
A0A0F6B5X4	GO:0008999	0.423
A0A0F6B5X4	GO:0061733	0.527
A0A0F6B5X4	GO:1990189	0.365
A0A0F6B8D8	GO:0004521	0.355
A0A0F6B8D8	GO:0005515	0.681
A0A0F6B8D8	GO:0008080	0.496
A0A0F6B8D8	GO:0008821	0.363
A0A0F6B8D8	GO:0008999	0.509
A0A0F6B8D8	GO:0016407	0.648
A0A0F6B8D8	GO:0061733	0.815
A0A0F6B8D8	GO:1990189	0.364
A0A0F6B8D9	GO:0000976	0.579
A0A0F6B8D9	GO:0001217	0.419
A0A0F6B8D9	GO:0003677	0.333
A0A0F6B8D9	GO:0005515	0.659
A0A0F6B8D9	GO:0015643	0.334
A0A0F6B8D9	GO:0097351	0.782
A0A0F6BAH8	GO:0000976	0.622
A0A0F6BAH8	GO:0001217	0.446
A0A0F6BAH8	GO:0003677	0.473
A0A0F6BAH8	GO:0005515	0.617
A0A0F6BAH8	GO:0097351	0.585
A0A0F6BAH9	GO:0003681	0.541
A0A0F6BAH9	GO:0005515	0.625
A0A0F6BAH9	GO:0008080	0.655
A0A0F6BAH9	GO:0008999	0.357
A0A0F6BAH9	GO:0016407	0.727
A0A0F6BAH9	GO:0061733	0.842
A0A0F7TWW9	GO:0004160	0.961
A0A0F7TWX5	GO:0010333	0.323
A0A0F7TWX5	GO:0045482	0.355
A0A0F7TZ11	GO:0004497	0.751
A0A0F7TZ11	GO:0016218	0.963
A0A0F7TZ11	GO:0016491	0.572
A0A0F7U0K0	GO:0004497	0.900
A0A0F7U0K0	GO:0016218	0.687
A0A0F7U0K0	GO:0016491	0.561
A0A0F9X418	GO:0009975	0.516
A0A0F9X418	GO:0016218	0.748
A0A0F9X418	GO:0016853	0.343
A0A0G4KL96	GO:0031176	0.910
A0A0G4PJR9	GO:0005515	0.318
A0A0H2X5R2	GO:0004516	0.968
A0A0H2X5R2	GO:0047280	0.986
A0A0H3DK98	GO:0005515	0.692
A0A0H3DK98	GO:0016887	0.308
A0A0H3DK98	GO:0043138	0.407
A0A0H3DN66	GO:0005515	0.770
A0A0H3DN66	GO:0016887	0.355
A0A0H3HFP3	GO:0005515	0.417
A0A0H3HQS6	GO:0005515	0.728
A0A0H3HYU6	GO:0003700	0.363
A0A0H3HYU6	GO:0005515	0.304
A0A0H3KA40	GO:0005515	0.781
A0A0H3LMJ1	GO:0005515	0.402
A0A0H3LMJ1	GO:0052621	0.502
A0A0H3LMJ1	GO:0071111	0.463
A0A0H3LSV1	GO:0052621	0.625
A0A0H3LVU7	GO:0052621	0.829
A0A0H3LVU7	GO:0071111	0.383
A0A0J9U5N0	GO:0000978	0.539
A0A0J9U5N0	GO:0000981	0.358
A0A0J9U5N0	GO:0001228	0.470
A0A0J9U5N0	GO:0003700	0.392
A0A0J9U5N0	GO:0005515	0.349
A0A0J9U5N0	GO:0043565	0.313
A0A0J9U922	GO:0005515	0.387
A0A0J9UHQ6	GO:0005199	0.925
A0A0J9UPF5	GO:0005515	0.369
A0A0J9UVX2	GO:0004672	0.582
A0A0J9UVX2	GO:0004674	0.846
A0A0J9UVX2	GO:0005515	0.653
A0A0J9V2V7	GO:0005515	0.573
A0A0J9VT58	GO:0000978	0.309
A0A0J9VT58	GO:0003700	0.397
A0A0J9VT58	GO:0005515	0.313
A0A0J9VYS2	GO:0003700	0.383
A0A0J9W3S9	GO:0000978	0.304
A0A0J9W3S9	GO:0003700	0.360
A0A0J9W3S9	GO:0005515	0.300
A0A0J9W9G2	GO:0000978	0.370
A0A0J9W9G2	GO:0000981	0.307
A0A0J9W9G2	GO:0003700	0.417
A0A0J9W9G2	GO:0005515	0.311
A0A0J9WAS0	GO:0000978	0.355
A0A0J9WAS0	GO:0003700	0.412
A0A0J9WAS0	GO:0005515	0.309
A0A0J9WG94	GO:0005515	0.483
A0A0J9WP80	GO:0003700	0.365
A0A0J9WP80	GO:0005515	0.322
A0A0J9WQL2	GO:0003678	0.454
A0A0J9WQL2	GO:0003724	0.879
A0A0J9WQL2	GO:0003729	0.636
A0A0J9WQL2	GO:0004386	0.642
A0A0J9WQL2	GO:0005515	0.682
A0A0J9WQL2	GO:0008186	0.715
A0A0J9WQL2	GO:0016887	0.602
A0A0J9WQL2	GO:0033679	0.505
A0A0J9WQL2	GO:0034458	0.757
A0A0J9WQL2	GO:0043138	0.584
A0A0J9WTU0	GO:0005515	0.581
A0A0J9WVC0	GO:0000978	0.380
A0A0J9WVC0	GO:0003700	0.369
A0A0K3AWP8	GO:0005515	0.427
A0A0K3AWP8	GO:1904121	0.383
A0A0L1JEW4	GO:0000249	0.462
A0A0L1JEW4	GO:0008398	0.992
A0A0L1JEX1	GO:0016218	0.770
A0A0L1JEX1	GO:0016491	0.301
A0A0L1JEZ9	GO:0004497	0.872
A0A0L1JEZ9	GO:0004499	0.488
A0A0L1JEZ9	GO:0016218	0.601
A0A0L1JEZ9	GO:0016491	0.416
A0A0L1JF11	GO:1904091	0.763
A0A0L1JF88	GO:0000234	0.626
A0A0L1JF88	GO:0008168	0.790
A0A0L1JF88	GO:0008170	0.605
A0A0L1JF88	GO:0008171	0.619
A0A0L1JF88	GO:0008757	0.532
A0A0L1JF88	GO:0009975	0.429
A0A0L1JF88	GO:0016218	0.330
A0A0L1JG62	GO:0016218	0.992
A0A0L1JG62	GO:0016491	0.365
A0A0L1JG62	GO:1904091	0.523
A0A0L8FVQ9	GO:0004984	0.459
A0A0L8FVQ9	GO:0005230	0.368
A0A0L8FVQ9	GO:0061797	0.788
A0A0M4JNZ0	GO:0004984	0.310
A0A0M4JNZ0	GO:0005549	0.363
A0A0M4JNZ0	GO:0099094	0.424
A0A0M4JNZ0	GO:0170020	0.882
A0A0M4JNZ6	GO:0004984	0.916
A0A0M4JNZ6	GO:0005549	0.605
A0A0M4JNZ6	GO:0033041	0.417
A0A0M4JNZ6	GO:0099094	0.336
A0A0M4JNZ6	GO:0170020	0.722
A0A0M8MV11	GO:0000247	0.560
A0A0M8MV11	GO:0004659	0.337
A0A0M8MW83	GO:0004497	0.701
A0A0M8MW83	GO:0016218	0.904
A0A0M8MW83	GO:0016491	0.522
A0A0M8MZA1	GO:0004161	0.477
A0A0M8MZA1	GO:0004659	0.990
A0A0M8MZA1	GO:0050364	0.324
A0A0M8N026	GO:0004497	0.887
A0A0M8N026	GO:0016218	0.876
A0A0M8N026	GO:0016491	0.534
A0A0M8N4S6	GO:0009975	0.491
A0A0M8N4S6	GO:0016218	0.589
A0A0M8N4S6	GO:0016853	0.381
A0A0M8N4Y4	GO:0016218	0.990
A0A0M8N8C7	GO:0004497	0.788
A0A0M8N8C7	GO:0016218	0.887
A0A0M8N8C7	GO:0016491	0.572
A0A0M8N8I0	GO:0004364	0.911
A0A0M8N9N3	GO:0016218	0.524
A0A0M8N9N3	GO:0016846	0.824
A0A0M8N9N3	GO:0047536	0.524
A0A0M8N9Q3	GO:0005515	0.734
A0A0M9VUG7	GO:0004497	0.770
A0A0M9VUG7	GO:0016218	0.954
A0A0M9VUG7	GO:0016491	0.521
A0A0M9VUI4	GO:0004038	0.359
A0A0M9VUJ4	GO:0016218	0.427
A0A0M9VUP1	GO:0004161	0.722
A0A0M9VUP1	GO:0004311	0.605
A0A0M9VUP1	GO:0010333	0.356
A0A0M9VUP1	GO:0044687	0.309
A0A0M9VX54	GO:0008168	0.747
A0A0M9VX54	GO:0016218	0.390
A0A0M9VX70	GO:0008171	0.590
A0A0M9VX84	GO:0016218	0.421
A0A0N0RTK4	GO:0004497	0.776
A0A0N7FMT9	GO:0031841	0.565
A0A0N7FMT9	GO:0090729	0.499
A0A0N7KBN8	GO:0019871	0.603
A0A0N7KBN8	GO:0090729	0.917
A0A0N9LWM6	GO:0005184	0.340
A0A0N9LWM6	GO:0071855	0.697
A0A0P0UTJ1	GO:0004867	0.533
A0A0P0UTJ1	GO:0008147	0.511
A0A0P0UTJ1	GO:0090729	0.637
A0A0P0UTQ7	GO:0000772	0.483
A0A0Q9K4R6	GO:0070006	0.816
A0A0Q9K529	GO:0016812	0.481
A0A0Q9K5G9	GO:0005515	0.348
A0A0Q9K5G9	GO:0008775	0.336
A0A0U3CEN8	GO:0008761	0.962
A0A0U3S9Q3	GO:0004022	0.734
A0A0U3S9Q3	GO:0045551	0.887
A0A0U4AHM6	GO:0004022	0.802
A0A0U4AHM6	GO:0005507	0.381
A0A0U4AHM6	GO:0035276	0.308
A0A0U4AHM6	GO:0045551	0.987
A0A0U4BHM2	GO:0004022	0.578
A0A0U4BHM2	GO:0045551	0.907
A0A125YIC2	GO:0005388	0.767
A0A125YIC2	GO:0008900	0.772
A0A125YQJ0	GO:0003756	0.803
A0A125YQJ0	GO:0003810	0.775
A0A125YQJ0	GO:0015035	0.631
A0A125YQS6	GO:0005302	0.313
A0A125YQS6	GO:0015208	0.400
A0A125YQS6	GO:0032217	0.403
A0A125YR73	GO:0004366	0.362
A0A125YS62	GO:0000340	0.943
A0A125YS62	GO:0000341	0.323
A0A125YS62	GO:0003743	0.304
A0A125YS62	GO:0005515	0.766
A0A125YS62	GO:0098808	0.336
A0A125YUW9	GO:0005364	0.309
A0A125YUW9	GO:0008506	0.633
A0A125YY17	GO:0003924	0.795
A0A125YY17	GO:0005515	0.839
A0A125YY17	GO:0005525	0.646
A0A125YZ71	GO:0005384	0.570
A0A125YZ71	GO:0015093	0.601
A0A125YZ71	GO:0015369	0.586
A0A140GN71	GO:0046812	0.302
A0A143ZXM2	GO:0005515	0.440
A0A161YAH9	GO:0009975	0.414
A0A161YAH9	GO:0016218	0.739
A0A161YAH9	GO:0034338	0.310
A0A162LR42	GO:0000978	0.673
A0A162LR42	GO:0000981	0.361
A0A162LR42	GO:0001228	0.531
A0A162LR42	GO:0003700	0.395
A0A162LR42	GO:0043565	0.354
A0A162P542	GO:0016218	0.988
A0A162P542	GO:0016491	0.363
A0A162P542	GO:1904091	0.568
A0A162P552	GO:0004497	0.915
A0A162P552	GO:0016218	0.844
A0A162P552	GO:0016491	0.683
A0A166ACJ5	GO:0005515	0.380
A0A166ACJ5	GO:0140293	0.426
A0A172QE52	GO:0016218	0.988
A0A172QE52	GO:0016491	0.339
A0A172QE52	GO:1904091	0.559
A0A194VNL2	GO:0004674	0.334
A0A194VNL2	GO:0004708	0.950
A0A194VNL2	GO:0005515	0.568
A0A194VQN7	GO:0016218	0.497
A0A194VQN7	GO:1904091	0.836
A0A194VR61	GO:0016218	0.983
A0A194VR61	GO:1904091	0.730
A0A194VTS2	GO:0016405	0.719
A0A194VTS2	GO:0031956	0.593
A0A194VU23	GO:0004497	0.930
A0A194VU23	GO:0016218	0.915
A0A194VU23	GO:0016491	0.595
A0A194VUA1	GO:0004312	0.444
A0A194VUA1	GO:0016218	0.971
A0A194VXQ8	GO:0016218	0.932
A0A194VYT4	GO:0016218	0.980
A0A194VZB5	GO:0016218	0.420
A0A194VZB5	GO:1904091	0.596
A0A194W185	GO:0008168	0.906
A0A194W185	GO:0008757	0.328
A0A194W5I0	GO:0016218	0.990
A0A194W8T8	GO:0005515	0.655
A0A194WAB9	GO:0016218	0.990
A0A194WAB9	GO:0016491	0.387
A0A194WAB9	GO:1904091	0.507
A0A194WDG1	GO:0004672	0.413
A0A194WDG1	GO:0004674	0.695
A0A194WDG1	GO:0004707	0.704
A0A194WDG1	GO:0005515	0.698
A0A1B0GRQ3	GO:0005515	0.920
A0A1B0GWI6	GO:0005515	0.939
A0A1B5KW97	GO:0004672	0.513
A0A1B5KW97	GO:0004674	0.721
A0A1B5KW97	GO:0004707	0.939
A0A1B5KW97	GO:0005515	0.761
A0A1C3NEV1	GO:0016776	0.417
A0A1D3JCW7	GO:0005515	0.411
A0A1D8PCF5	GO:0043565	0.482
A0A1D8PCM7	GO:0000978	0.627
A0A1D8PCM7	GO:0000981	0.515
A0A1D8PCM7	GO:0001228	0.304
A0A1D8PCM7	GO:0043565	0.384
A0A1D8PCT7	GO:0000030	0.455
A0A1D8PCT7	GO:0003735	0.512
A0A1D8PCT7	GO:0005515	0.385
A0A1D8PDI4	GO:0000978	0.775
A0A1D8PDI4	GO:0000981	0.565
A0A1D8PDI4	GO:0001228	0.446
A0A1D8PDI4	GO:0003700	0.377
A0A1D8PDI4	GO:0043565	0.658
A0A1D8PE43	GO:0001216	0.404
A0A1D8PE43	GO:0003700	0.343
A0A1D8PE43	GO:0043565	0.435
A0A1D8PEH1	GO:0000978	0.430
A0A1D8PEH1	GO:0000981	0.302
A0A1D8PEH1	GO:0001228	0.452
A0A1D8PEH1	GO:0003700	0.636
A0A1D8PEH1	GO:0043565	0.618
A0A1D8PEJ0	GO:0000026	0.345
A0A1D8PEJ0	GO:0000030	0.335
A0A1D8PES5	GO:0005515	0.361
A0A1D8PG41	GO:0000978	0.535
A0A1D8PG41	GO:0003700	0.500
A0A1D8PG41	GO:0043565	0.688
A0A1D8PGF3	GO:0000978	0.401
A0A1D8PGF3	GO:0001216	0.360
A0A1D8PGF3	GO:0003700	0.412
A0A1D8PGF3	GO:0043565	0.717
A0A1D8PHW6	GO:0000978	0.600
A0A1D8PHW6	GO:0000981	0.396
A0A1D8PHW6	GO:0001216	0.415
A0A1D8PHW6	GO:0001228	0.337
A0A1D8PHW6	GO:0003700	0.458
A0A1D8PHW6	GO:0043565	0.665
A0A1D8PJ01	GO:0008553	0.960
A0A1D8PJ72	GO:0001216	0.567
A0A1D8PJ72	GO:0003700	0.343
A0A1D8PJ72	GO:0043565	0.683
A0A1D8PJ96	GO:0000978	0.351
A0A1D8PJ96	GO:0001216	0.385
A0A1D8PJ96	GO:0001228	0.346
A0A1D8PJ96	GO:0003700	0.410
A0A1D8PJ96	GO:0043565	0.627
A0A1D8PJJ7	GO:0000978	0.428
A0A1D8PJJ7	GO:0001216	0.390
A0A1D8PJJ7	GO:0001228	0.326
A0A1D8PJJ7	GO:0003700	0.407
A0A1D8PJJ7	GO:0005515	0.314
A0A1D8PJJ7	GO:0043565	0.723
A0A1D8PJX7	GO:0001216	0.556
A0A1D8PJX7	GO:0005515	0.375
A0A1D8PJX7	GO:0043565	0.583
A0A1D8PKB4	GO:0004672	0.738
A0A1D8PKB4	GO:0004674	0.888
A0A1D8PKB4	GO:0005515	0.523
A0A1D8PKB5	GO:0000978	0.384
A0A1D8PKB5	GO:0001216	0.361
A0A1D8PKB5	GO:0003700	0.380
A0A1D8PKB5	GO:0043565	0.652
A0A1D8PKI7	GO:0005515	0.779
A0A1D8PL89	GO:0000978	0.475
A0A1D8PL89	GO:0000981	0.431
A0A1D8PL89	GO:0001216	0.778
A0A1D8PL89	GO:0001227	0.427
A0A1D8PL89	GO:0003700	0.591
A0A1D8PL89	GO:0043565	0.701
A0A1D8PLA4	GO:0000978	0.326
A0A1D8PLA4	GO:0001216	0.731
A0A1D8PLA4	GO:0003700	0.473
A0A1D8PLA4	GO:0043565	0.724
A0A1D8PLH4	GO:0001216	0.333
A0A1D8PLH4	GO:0043565	0.542
A0A1D8PLI4	GO:0000978	0.644
A0A1D8PLI4	GO:0000981	0.357
A0A1D8PLI4	GO:0003700	0.326
A0A1D8PLI4	GO:0043565	0.609
A0A1D8PLT8	GO:0005515	0.786
A0A1D8PM93	GO:0005515	0.794
A0A1D8PMB8	GO:0004072	0.972
A0A1D8PMB8	GO:0005515	0.326
A0A1D8PME2	GO:0000978	0.376
A0A1D8PME2	GO:0001216	0.532
A0A1D8PME2	GO:0003700	0.376
A0A1D8PME2	GO:0043565	0.717
A0A1D8PMM6	GO:0000009	0.307
A0A1D8PMM6	GO:0000026	0.470
A0A1D8PMQ3	GO:0000026	0.393
A0A1D8PN93	GO:0000978	0.417
A0A1D8PN93	GO:0001216	0.746
A0A1D8PN93	GO:0003700	0.500
A0A1D8PN93	GO:0043565	0.725
A0A1D8PNF7	GO:0000978	0.514
A0A1D8PNF7	GO:0043565	0.399
A0A1D8PNM8	GO:0000978	0.462
A0A1D8PNM8	GO:0001216	0.695
A0A1D8PNM8	GO:0003700	0.436
A0A1D8PNM8	GO:0043565	0.730
A0A1D8PNN1	GO:0001216	0.394
A0A1D8PNN1	GO:0043565	0.461
A0A1D8PPQ3	GO:0043565	0.386
A0A1D8PQ19	GO:0000009	0.379
A0A1D8PQ19	GO:0000026	0.663
A0A1D8PQ19	GO:0000030	0.436
A0A1D8PRB7	GO:0000978	0.375
A0A1D8PRB7	GO:0001216	0.566
A0A1D8PRB7	GO:0003700	0.503
A0A1D8PRB7	GO:0043565	0.750
A0A1D8PRL9	GO:0000978	0.716
A0A1D8PRL9	GO:0000981	0.652
A0A1D8PRL9	GO:0001228	0.367
A0A1D8PRL9	GO:0043565	0.346
A0A1D8PSC7	GO:0000978	0.367
A0A1D8PSC7	GO:0003700	0.385
A0A1D8PSC7	GO:0005515	0.452
A0A1D8PSC7	GO:0043565	0.482
A0A1D8PT64	GO:0000978	0.519
A0A1D8PT64	GO:0001216	0.460
A0A1D8PT64	GO:0003700	0.411
A0A1D8PT64	GO:0043565	0.667
A0A1D8PU45	GO:0000978	0.492
A0A1D8PU45	GO:0001216	0.379
A0A1D8PU45	GO:0001228	0.304
A0A1D8PU45	GO:0043565	0.555
A0A1D9PXD2	GO:0003700	0.390
A0A1D9PXD2	GO:0005515	0.432
A0A1D9PXD2	GO:0043565	0.329
A0A1D9PYE1	GO:0000978	0.335
A0A1D9PYE1	GO:0003700	0.609
A0A1D9PYE1	GO:0005515	0.306
A0A1D9PYE1	GO:0043565	0.366
A0A1D9Q0B7	GO:0030411	0.919
A0A1D9QBH7	GO:0004022	0.392
A0A1D9QBH7	GO:0016616	0.436
A0A1D9QBH7	GO:0050085	0.520
A0A1D9QGL5	GO:0000978	0.314
A0A1D9QGL5	GO:0003700	0.488
A0A1D9QGL5	GO:0005515	0.300
A0A1D9QGL5	GO:0043565	0.362
A0A1D9QMS2	GO:0004672	0.574
A0A1D9QMS2	GO:0004674	0.851
A0A1D9QMS2	GO:0005515	0.699
A0A1E1GEY0	GO:0005515	0.690
A0A1E3M8P2	GO:0050660	0.304
A0A1E3M8P2	GO:0071949	0.364
A0A1F5L592	GO:0009975	0.462
A0A1F5L592	GO:0016218	0.547
A0A1F5L592	GO:0016853	0.321
A0A1H1YBL2	GO:0003962	0.450
A0A1H1YBL2	GO:0004124	0.343
A0A1H1YBL2	GO:0030170	0.908
A0A1H1YBL2	GO:0047804	0.402
A0A1I1NU16	GO:0005515	0.344
A0A1I1NU27	GO:0005515	0.737
A0A1I1P2K9	GO:0005515	0.794
A0A1I9QLC9	GO:0005199	0.497
A0A1I9QLD0	GO:0005199	0.504
A0A1L8F8I9	GO:0003690	0.417
A0A1L8F8I9	GO:0003697	0.326
A0A1L8F8I9	GO:0005515	0.873
A0A1L9X983	GO:0004497	0.935
A0A1L9X983	GO:0016218	0.829
A0A1L9X983	GO:0016491	0.620
A0A1L9X985	GO:0008168	0.306
A0A1L9X986	GO:0003677	0.499
A0A1L9X986	GO:0005515	0.368
A0A1L9X996	GO:0005515	0.793
A0A1L9X999	GO:1904091	0.906
A0A1L9X9G5	GO:0003884	0.531
A0A1L9X9G5	GO:0008115	0.513
A0A1L9X9G5	GO:0050031	0.602
A0A1L9X9G5	GO:0051698	0.305
A0A1L9X9H4	GO:0016218	0.325
A0A1L9X9H4	GO:0030600	0.949
A0A1Q5Q699	GO:0009975	0.424
A0A1Q5Q699	GO:0016218	0.743
A0A1Q5Q699	GO:0016853	0.375
A0A1S4F362	GO:0005515	0.340
A0A1U8CC89	GO:0003919	0.809
A0A1U8CC89	GO:0005515	0.411
A0A218P055	GO:0005515	0.646
A0A223GB52	GO:0008897	0.995
A0A223GEB2	GO:0005078	0.373
A0A223GEB2	GO:0005515	0.762
A0A223HDH4	GO:0008926	0.977
A0A223HDI2	GO:1902388	0.605
A0A223HDI5	GO:0004022	0.330
A0A223HDI5	GO:0016616	0.368
A0A223HDI5	GO:0050085	0.987
A0A224AHH8	GO:0004869	0.910
A0A224AHH8	GO:0030414	0.459
A0A224AU14	GO:0004497	0.510
A0A224AU14	GO:0005506	0.313
A0A224AU14	GO:0016218	0.369
A0A224AU14	GO:0016491	0.472
A0A224AU14	GO:0016713	0.458
A0A224AU14	GO:0020037	0.648
A0A261GRE4	GO:0004503	0.807
A0A261GRE4	GO:0005507	0.324
A0A261GVB1	GO:0004503	0.953
A0A261GVB1	GO:0005507	0.366
A0A286YEU6	GO:0004984	0.480
A0A286YEU6	GO:0005515	0.415
A0A287BIW9	GO:0005515	0.916
A0A2G0QDN4	GO:0016616	0.328
A0A2H0ZWD0	GO:0000978	0.702
A0A2H0ZWD0	GO:0000981	0.570
A0A2H0ZWD0	GO:0001228	0.596
A0A2H0ZWD0	GO:0003700	0.682
A0A2H0ZWD0	GO:0043565	0.624
A0A2H0ZYD3	GO:0004723	0.462
A0A2H0ZYD3	GO:0005509	0.789
A0A2H0ZYD3	GO:0005515	0.731
A0A2H1K3G9	GO:0003962	0.500
A0A2H1K3G9	GO:0004124	0.455
A0A2H1K3G9	GO:0030170	0.852
A0A2H1K3G9	GO:0047804	0.382
A0A2H4S6M4	GO:0005199	0.972
A0A2H4S6M4	GO:0030248	0.693
A0A2P1AAV1	GO:0008559	0.677
A0A2R8Y4L6	GO:0004984	0.784
A0A2R8Y4L6	GO:0005515	0.404
A0A2R8YED5	GO:0004984	0.886
A0A2R8YED5	GO:0005515	0.447
A0A2T3YYV2	GO:0005199	0.329
A0A2T3YYV2	GO:0008061	0.598
A0A2T3ZJ73	GO:0005199	0.751
A0A2T3ZJV9	GO:0050525	0.359
A0A2Z5P0W7	GO:0008171	0.809
A0A2Z5P0W7	GO:0008757	0.392
A0A2Z5P0W7	GO:0017096	0.365
A0A2Z5P2H9	GO:0004497	0.389
A0A2Z5P2H9	GO:0106223	0.394
A0A2Z5U367	GO:0004659	0.993
A0A2Z5U367	GO:0050364	0.317
A0A2Z5U368	GO:0004497	0.374
A0A2Z5U368	GO:0016218	0.599
A0A2Z5U368	GO:0140907	0.678
A0A2Z5U3C2	GO:0004497	0.773
A0A2Z5U3C2	GO:0016218	0.941
A0A2Z5U3C2	GO:0016491	0.527
A0A2Z5U507	GO:0005506	0.387
A0A2Z5U507	GO:0016491	0.373
A0A2Z5U507	GO:0051213	0.617
A0A2Z5U6I9	GO:0004497	0.949
A0A2Z5U6I9	GO:0016218	0.898
A0A2Z5U6I9	GO:0016491	0.599
A0A2Z5UFJ1	GO:0008168	0.601
A0A2Z5UFJ1	GO:0008171	0.735
A0A2Z5UFJ1	GO:0008757	0.338
A0A2Z5UFJ1	GO:0016218	0.768
A0A2Z5UFJ1	GO:0047145	0.308
A0A2Z5UHX0	GO:1904091	0.741
A0A2Z6E8J2	GO:0004497	0.709
A0A2Z6E8J2	GO:0016218	0.971
A0A2Z6E8J2	GO:0016491	0.550
A0A2Z6E8J6	GO:0004497	0.818
A0A2Z6E8J6	GO:0016218	0.381
A0A2Z6E914	GO:0016218	0.824
A0A2Z6E914	GO:0016491	0.735
A0A2Z6E914	GO:0046572	0.442
A0A2Z6E917	GO:0000247	0.338
A0A2Z6E917	GO:0004659	0.378
A0A2Z6E9B9	GO:0004161	0.643
A0A2Z6E9B9	GO:0004659	0.941
A0A2Z6E9C0	GO:0004497	0.753
A0A2Z6E9C0	GO:0016218	0.941
A0A2Z6E9C0	GO:0016491	0.502
A0A364LYQ6	GO:0000978	0.339
A0A364LYQ6	GO:0000981	0.320
A0A364LYQ6	GO:0005515	0.373
A0A364MYU4	GO:0016218	0.985
A0A384JXV5	GO:0031176	0.971
A0A384K474	GO:0031176	0.995
A0A384K4T0	GO:0015926	0.324
A0A384KFT0	GO:0004602	0.352
A0A384KFT0	GO:0005515	0.359
A0A384KFT0	GO:0008379	0.986
A0A384KFT0	GO:0051920	0.845
A0A384KFT0	GO:0140824	0.661
A0A384KPW4	GO:0005515	0.328
A0A384KPW4	GO:0008808	0.419
A0A384L0Y7	GO:0005515	0.502
A0A385XI11	GO:0003939	0.672
A0A385XI11	GO:0046526	0.666
A0A385XI11	GO:0050019	0.957
A0A385XI13	GO:0016218	0.322
A0A385XIL0	GO:0005515	0.491
A0A3B3IT45	GO:0004984	0.642
A0A3B3IT45	GO:0005515	0.353
A0A3B6EFE3	GO:0003993	0.450
A0A3F2YLV2	GO:0005509	0.854
A0A3F2YLV2	GO:0005515	0.422
A0A3G1DIU6	GO:0005515	0.517
A0A3G1DJK2	GO:0005515	0.488
A0A3G1DJL7	GO:0005515	0.312
A0A3G1DJQ2	GO:0005515	0.673
A0A3P8MJV5	GO:0090729	0.599
A0A3Q1LFG5	GO:0005515	0.936
A0A3Q7EKL1	GO:0000976	0.468
A0A3Q7EKL1	GO:0003700	0.408
A0A3Q7EKL1	GO:0005515	0.921
A0A3Q7GZ09	GO:0005515	0.927
A0A3Q7JAD9	GO:0005515	0.878
A0A3R5XUE6	GO:0016616	0.351
A0A3R5XUE6	GO:0016655	0.376
A0A3S6I186	GO:0004869	0.921
A0A3S6I186	GO:0030414	0.491
A0A410UD22	GO:0004497	0.724
A0A410UD22	GO:0016491	0.304
A0A410UD22	GO:0016712	0.519
A0A410UD22	GO:0020037	0.303
A0A423V942	GO:0004674	0.424
A0A423V942	GO:0005515	0.603
A0A423VH03	GO:0000978	0.475
A0A423VH03	GO:0000981	0.475
A0A423VH03	GO:0003700	0.602
A0A423VH03	GO:0043565	0.472
A0A423VRU0	GO:0005484	0.714
A0A423VRU0	GO:0005515	0.596
A0A423VUD1	GO:0000978	0.328
A0A423VUD1	GO:0001228	0.331
A0A423VUD1	GO:0003700	0.725
A0A423VUD1	GO:0005515	0.466
A0A423VUD1	GO:0043565	0.358
A0A423VWI2	GO:0008061	0.629
A0A423VWI2	GO:0030248	0.478
A0A423VZH2	GO:0004672	0.351
A0A423VZH2	GO:0004674	0.364
A0A423VZH2	GO:0004708	0.938
A0A423VZH2	GO:0005515	0.654
A0A423W697	GO:0005515	0.661
A0A423WA64	GO:0004672	0.416
A0A423WA64	GO:0004674	0.674
A0A423WA64	GO:0004707	0.935
A0A423WA64	GO:0005515	0.756
A0A423WHI6	GO:0005484	0.769
A0A423WHI6	GO:0005515	0.779
A0A429XC68	GO:0004333	0.835
A0A429XC68	GO:0004397	0.478
A0A429XCI2	GO:0004000	0.663
A0A429XDI3	GO:0005515	0.319
A0A429XDI3	GO:0070006	0.487
A0A429XDI3	GO:0070573	0.346
A0A436ZRG7	GO:0003924	0.645
A0A436ZRG7	GO:0005515	0.638
A0A436ZRX2	GO:0003924	0.763
A0A436ZRX2	GO:0003925	0.313
A0A436ZRX2	GO:0005515	0.778
A0A436ZRX2	GO:0005525	0.327
A0A436ZRX2	GO:0031821	0.305
A0A437A045	GO:0019863	0.405
A0A437A045	GO:0030248	0.433
A0A437A6S9	GO:0008168	0.550
A0A437A7U4	GO:0004867	0.806
A0A437A7U4	GO:0008061	0.911
A0A437A7U4	GO:0019958	0.344
A0A437AER2	GO:0003924	0.732
A0A437AER2	GO:0003925	0.319
A0A437AER2	GO:0005515	0.806
A0A437AER2	GO:0005525	0.314
A0A437AFK1	GO:0005515	0.600
A0A455LJ99	GO:0000978	0.663
A0A455LJ99	GO:0000981	0.515
A0A455LJ99	GO:0001228	0.342
A0A455LJ99	GO:0003700	0.576
A0A455LJ99	GO:0043565	0.516
A0A455ZIK8	GO:0004497	0.878
A0A455ZIK8	GO:0016218	0.585
A0A455ZIK8	GO:0016491	0.536
A0A455ZIM6	GO:0015137	0.444
A0A455ZJD4	GO:0050564	0.468
A0A455ZJD4	GO:1904091	0.919
A0A455ZKR7	GO:0016216	0.706
A0A455ZKR7	GO:0016218	0.547
A0A455ZM03	GO:0004497	0.857
A0A455ZM03	GO:0016218	0.804
A0A455ZM03	GO:0016491	0.727
A0A455ZMR3	GO:0016216	0.807
A0A482PJF5	GO:0004842	0.687
A0A482PJF5	GO:0005515	0.836
A0A482PJF5	GO:0061630	0.734
A0A482PJY4	GO:0004842	0.701
A0A482PJY4	GO:0005515	0.854
A0A482PJY4	GO:0061630	0.767
A0A482PUS2	GO:0004842	0.652
A0A482PUS2	GO:0005515	0.809
A0A482PUS2	GO:0061630	0.574
A0A494C1I1	GO:0005515	0.840
A0A499W357	GO:0030170	0.895
A0A4S4DBB3	GO:0004351	0.790
A0A4S4DBB3	GO:0016847	0.341
A0A4S4ESS1	GO:0004351	0.705
A0A4S4ESS1	GO:0016847	0.595
A0A509AC44	GO:0005515	0.444
A0A509AC44	GO:0005518	0.480
A0A509AC44	GO:0008234	0.430
A0A509AE98	GO:0005515	0.643
A0A509AEG2	GO:0005515	0.405
A0A509AEG2	GO:0046789	0.378
A0A509AG11	GO:0005515	0.720
A0A509AKT6	GO:0005515	0.537
A0A509ALL0	GO:0005515	0.487
A0A509AM03	GO:0004252	0.769
A0A509AM18	GO:0008517	0.893
A0A509ARF0	GO:0005515	0.330
A0A509ARF0	GO:0043906	0.394
A0A565D474	GO:0004351	0.921
A0A565D475	GO:0004351	0.878
A0A5B8X6A1	GO:0016899	0.783
A0A5B8X6A1	GO:0019139	0.430
A0A5B8X6A1	GO:0045551	0.444
A0A5B8X6A1	GO:0050268	0.730
A0A5B8X6A1	GO:0050328	0.726
A0A5B8X6A1	GO:0071949	0.514
A0A5B8X6B5	GO:0033987	0.340
A0A5B8X6B5	GO:0106435	0.830
A0A5B8X6S2	GO:0106435	0.762
A0A5B8X7E6	GO:0016899	0.749
A0A5B8X7E6	GO:0019139	0.413
A0A5B8X7E6	GO:0045551	0.502
A0A5B8X7E6	GO:0050268	0.754
A0A5B8X7E6	GO:0050328	0.781
A0A5B8X7E6	GO:0071949	0.486
A0A5B8X7H4	GO:0016788	0.867
A0A5B8X7H4	GO:0080030	0.903
A0A5B8X7H4	GO:0080031	0.742
A0A5B8X7H4	GO:0080032	0.827
A0A5B8X840	GO:0016788	0.748
A0A5B8X840	GO:0080030	0.836
A0A5B8X840	GO:0080031	0.602
A0A5B8X840	GO:0080032	0.703
A0A5B8X8Z0	GO:0004022	0.511
A0A5B8X8Z0	GO:0045551	0.845
A0A5B8XAH0	GO:0004022	0.677
A0A5B8XAH0	GO:0045551	0.749
A0A5B8XB28	GO:0016899	0.718
A0A5B8XB28	GO:0045551	0.342
A0A5B8XB28	GO:0050268	0.680
A0A5B8XB28	GO:0050328	0.728
A0A5B8XB28	GO:0071949	0.446
A0A5B8XC60	GO:0016788	0.842
A0A5B8XC60	GO:0080030	0.866
A0A5B8XC60	GO:0080031	0.772
A0A5B8XC60	GO:0080032	0.829
A0A5B9G902	GO:0000978	0.738
A0A5B9G902	GO:0000981	0.390
A0A5B9G902	GO:0001228	0.537
A0A5B9G902	GO:0003700	0.616
A0A5B9G902	GO:0043565	0.448
A0A5B9GBF0	GO:0004672	0.433
A0A5B9GBF0	GO:0004674	0.681
A0A5B9GBF0	GO:0004707	0.953
A0A5B9GBF0	GO:0005515	0.778
A0A5C1J0Z8	GO:0004869	0.971
A0A5C1J0Z8	GO:0030414	0.531
A0A5N6H279	GO:0000978	0.342
A0A5N6H279	GO:0005515	0.365
A0A5N6H279	GO:0043565	0.316
A0A5N6TQK8	GO:0004793	0.830
A0A5N6TQK8	GO:0008732	0.441
A0A5N6TQK8	GO:0008784	0.359
A0A5N6TQL1	GO:0140907	0.991
A0A5N6TQN5	GO:0008168	0.302
A0A5N6TQN5	GO:0016218	0.499
A0A5N6TQN5	GO:1904091	0.817
A0A5N6TQS7	GO:0016218	0.948
A0A5N6TR74	GO:0003961	0.642
A0A5N6TR74	GO:0003962	0.533
A0A5N6TR74	GO:0016785	0.387
A0A5N6TR74	GO:0051009	0.647
A0A6A6H402	GO:0004659	0.848
A0A6B9HEI0	GO:0016757	0.445
A0A6B9HEI0	GO:0016758	0.645
A0A6E8W6Y5	GO:0005230	0.379
A0A6E8W6Y5	GO:0005261	0.371
A0A6I8TI61	GO:0005515	0.357
A0A6M3YMB5	GO:0005515	0.739
A0A6P3DGX7	GO:0004503	0.451
A0A6P3DGX7	GO:0045735	0.969
A0A6P3DHB8	GO:0004503	0.320
A0A6P3DHB8	GO:0045735	0.982
A0A6V8GY66	GO:0051377	0.681
A0A6V8H007	GO:0004497	0.881
A0A6V8H007	GO:0016218	0.813
A0A6V8H007	GO:0016491	0.618
A0A7H1MHA3	GO:0046812	0.458
A0A7J6JXE5	GO:0004252	0.329
A0A7J6JXE5	GO:0005515	0.534
A0A7J6JYH3	GO:0005515	0.545
A0A7J6K0L7	GO:0005515	0.490
A0A7J6K144	GO:0005515	0.358
A0A7J6K452	GO:0005509	0.375
A0A7J6K452	GO:0005515	0.429
A0A7J6K463	GO:0003723	0.328
A0A7J6K463	GO:0005515	0.392
A0A7J6K5A8	GO:0005515	0.828
A0A7J6K7N5	GO:0005515	0.705
A0A7J6K805	GO:0005515	0.669
A0A7J6K805	GO:0050265	0.301
A0A7J6K9S4	GO:0005515	0.644
A0A7J6KC99	GO:0005515	0.346
A0A7J6KCX5	GO:0005459	0.328
A0A7J6KCX5	GO:0005460	0.786
A0A7J6KCX5	GO:0015297	0.312
A0A7J6KCX5	GO:0089721	0.361
A0A7J6KDB0	GO:0008061	0.334
A0A7J6KEV6	GO:0005515	0.735
A0A7J6KF92	GO:0005515	0.734
A0A7M4EAX1	GO:0005509	0.857
A0A7M4EAX1	GO:0005515	0.471
A0A7M6W5F9	GO:0106417	0.549
A0A7M6W880	GO:0004167	0.437
A0A7M6W880	GO:0106417	0.841
A0A7R7WPS5	GO:0009975	0.335
A0A7R7WPS5	GO:0016218	0.880
A0A7R7WPS5	GO:0016491	0.350
A0A7R7WPZ6	GO:0016218	0.992
A0A7R7WPZ6	GO:0016491	0.391
A0A7R7WPZ6	GO:1904091	0.594
A0A7R7ZUZ1	GO:0051377	0.712
A0A7S7NT01	GO:0004553	0.319
A0A7T8F1I4	GO:0004497	0.884
A0A7T8F1I4	GO:0016218	0.776
A0A7T8F1I4	GO:0016491	0.568
A0A7T8F1J6	GO:0019200	0.373
A0A7T8F1J6	GO:0140383	0.651
A0A7T8F1J7	GO:0005506	0.513
A0A7T8F1J7	GO:0016491	0.303
A0A7T8F1J7	GO:0051213	0.705
A0A7T8F1L1	GO:0016857	0.462
A0A7T8F1L1	GO:0030411	0.377
A0A7T8F1L1	GO:0042802	0.323
A0A7T8F1L2	GO:0004497	0.957
A0A7T8F1L2	GO:0016218	0.873
A0A7T8F1L2	GO:0016491	0.576
A0A7T8F1L3	GO:0008168	0.703
A0A7T8F1L3	GO:0008757	0.599
A0A7T8F1L4	GO:0016218	0.565
A0A7T8F1L4	GO:0050564	0.531
A0A7T8F1L4	GO:1904091	0.692
A0A7T8F1M6	GO:0016646	0.614
A0A7T8F1M9	GO:0003959	0.424
A0A7T8F1N2	GO:0016491	0.481
A0A7T8F1N2	GO:0016616	0.518
A0A7T8F1N2	GO:0042469	0.589
A0A7T8J1U7	GO:0004044	0.995
A0A7T8J1Z8	GO:0008171	0.506
A0A7T8J1Z8	GO:0016218	0.810
A0A7U2EUY6	GO:0000978	0.767
A0A7U2EUY6	GO:0000981	0.393
A0A7U2EUY6	GO:0001228	0.567
A0A7U2EUY6	GO:0003700	0.529
A0A7U2EUY6	GO:0043565	0.369
A0A7U2I117	GO:0000978	0.304
A0A7U2I117	GO:0003700	0.336
A0A7U2I117	GO:0005515	0.342
A0A7U2MMF3	GO:0003939	0.499
A0A7U2MMF3	GO:0004022	0.509
A0A7U2MMF3	GO:0050019	0.498
A0A7U2QXW1	GO:0000978	0.747
A0A7U2QXW1	GO:0000981	0.619
A0A7U2QXW1	GO:0001228	0.464
A0A7U2QXW1	GO:0003700	0.486
A0A7U2QXW1	GO:0043565	0.401
A0A7U2QYM2	GO:0003682	0.326
A0A7U2QYM2	GO:0003713	0.377
A0A7U2QYM2	GO:0004402	0.923
A0A7U2QYM2	GO:0005515	0.854
A0A7U2QYM2	GO:0010484	0.898
A0A7U2QYM2	GO:0010485	0.512
A0A7U2QYM2	GO:0016407	0.664
A0A7U2QYM2	GO:0043992	0.483
A0A7U2QYM2	GO:0043995	0.303
A0A7U2QYM2	GO:0043997	0.341
A0A7U2QYM2	GO:0061733	0.810
A0A7U2QYM2	GO:0140011	0.358
A0A7U2QYM2	GO:0140046	0.657
A0A7U2QYM2	GO:0140068	0.394
A0A8B0M5T9	GO:0016216	0.858
A0A8B0M5T9	GO:0016218	0.513
A0A8B0M5T9	GO:0016706	0.409
A0A8B0M616	GO:0016218	0.867
A0A8B0M616	GO:0045462	0.464
A0A8B0M623	GO:0016218	0.320
A0A8B0M623	GO:0016491	0.414
A0A8B0M670	GO:0008559	0.392
A0A8B0M728	GO:0050564	0.662
A0A8B0M728	GO:1904091	0.930
A0A8B0M7B9	GO:0016881	0.309
A0A8B0M7B9	GO:0050564	0.312
A0A8B0M7B9	GO:1904091	0.576
A0A8B0M9A0	GO:0016218	0.408
A0A8B0M9A0	GO:0016405	0.377
A0A8B0M9R9	GO:0004497	0.869
A0A8B0M9R9	GO:0016218	0.816
A0A8B0M9R9	GO:0016491	0.596
A0A8B0M9S7	GO:0008106	0.331
A0A8B0M9S7	GO:0016218	0.560
A0A8B0M9S7	GO:0016491	0.375
A0A8B0M9S7	GO:0047681	0.510
A0A8B0M9S9	GO:0004735	0.426
A0A8B0M9T7	GO:0004735	0.708
A0A8B0M9X4	GO:0050564	0.600
A0A8B0M9X4	GO:1904091	0.931
A0A8B0M9Z0	GO:0016218	0.992
A0A8B0M9Z0	GO:0016491	0.418
A0A8B0M9Z0	GO:1904091	0.725
A0A8C2M425	GO:0000026	0.637
A0A8C2M425	GO:0000030	0.430
A0A8C2M425	GO:0004376	0.587
A0A8C2M425	GO:0005515	0.388
A0A8D0I1K1	GO:0003723	0.693
A0A8D0I1K1	GO:0005515	0.808
A0A8H7XMX0	GO:0010334	0.648
A0A8H7XP09	GO:0010334	0.671
A0A8H7XQ49	GO:0010334	0.386
A0A8H8CFI5	GO:0010334	0.393
A0A8I3NRY3	GO:0005085	0.662
A0A8I3NRY3	GO:0005096	0.597
A0A8I3NRY3	GO:0005515	0.810
A0A8I3NRY3	GO:0031267	0.308
A0A8I3PJ84	GO:0005200	0.413
A0A8I3PJ84	GO:0005515	0.866
A0A8I3PMN2	GO:0005085	0.484
A0A8I3PMN2	GO:0005515	0.926
A0A8I5ZM56	GO:0003779	0.378
A0A8I5ZM56	GO:0005515	0.825
A0A8I5ZM56	GO:0008017	0.628
A0A8I5ZM56	GO:0015631	0.328
A0A8I5ZM56	GO:0051015	0.326
A0A8I5ZT12	GO:0005085	0.424
A0A8I5ZT12	GO:0005096	0.610
A0A8I5ZT12	GO:0005515	0.752
A0A8I5ZT12	GO:0031267	0.372
A0A8I6ASZ5	GO:0005515	0.911
A0A8I6G2K8	GO:0002039	0.414
A0A8I6G2K8	GO:0003682	0.597
A0A8I6G2K8	GO:0003713	0.443
A0A8I6G2K8	GO:0003714	0.510
A0A8I6G2K8	GO:0003723	0.414
A0A8I6G2K8	GO:0005515	0.730
A0A8I6G2K8	GO:0008276	0.415
A0A8I6G2K8	GO:0032452	0.962
A0A8I6G2K8	GO:0032453	0.987
A0A8I6G2K8	GO:0032454	0.630
A0A8I6G2K8	GO:0042054	0.460
A0A8I6G2K8	GO:0043426	0.974
A0A8I6G2K8	GO:0046592	0.522
A0A8I6G2K8	GO:0050660	0.323
A0A8I6G2K8	GO:0050681	0.514
A0A8I6G2K8	GO:0061629	0.423
A0A8I6G2K8	GO:0061752	0.880
A0A8I6G2K8	GO:0071949	0.358
A0A8I6G2K8	GO:0106222	0.836
A0A8I6G2K8	GO:0140297	0.603
A0A8I6G2K8	GO:0140457	0.943
A0A8I6G2K8	GO:0140682	0.999
A0A8I6G2K8	GO:0140684	0.583
A0A8I6G2K8	GO:1904047	0.420
A0A8J1LLF7	GO:0003723	0.557
A0A8J1LLF7	GO:0003724	0.538
A0A8J1LLF7	GO:0003725	0.558
A0A8J1LLF7	GO:0003727	0.424
A0A8J1LLF7	GO:0004525	0.973
A0A8J1LLF7	GO:0005515	0.677
A0A8J1LLF7	GO:0008186	0.428
A0A8J1LLF7	GO:0035197	0.425
A0A8J1LLF7	GO:0070878	0.346
A0A8J1LLF7	GO:0070883	0.929
A0A8M1PLI9	GO:0004029	0.411
A0A8M9P821	GO:0005515	0.876
A0A8U0WQ84	GO:0004167	0.478
A0A8U0WQ84	GO:0106417	0.815
A0A8U0WQF3	GO:0004503	0.311
A0A8U0WQF3	GO:0045735	0.985
A0A8U1C100	GO:0106417	0.715
A0A8U1C2Y4	GO:0004503	0.444
A0A8U1C2Y4	GO:0045735	0.989
A0A974H8H3	GO:0000175	0.306
A0A974H8H3	GO:0003723	0.539
A0A974H8H3	GO:0003724	0.561
A0A974H8H3	GO:0003725	0.553
A0A974H8H3	GO:0003727	0.423
A0A974H8H3	GO:0004525	0.980
A0A974H8H3	GO:0005515	0.648
A0A974H8H3	GO:0008186	0.457
A0A974H8H3	GO:0035197	0.467
A0A974H8H3	GO:0070878	0.341
A0A974H8H3	GO:0070883	0.929
A0A974HZL0	GO:0005515	0.751
A0A974HZL0	GO:0044729	0.329
A0A9B0BQN9	GO:0004503	0.365
A0A9B0BQN9	GO:0045735	0.988
A0A9B2JT35	GO:0019863	0.316
A0A9B2JT35	GO:0045735	0.993
A0A9P4XUZ4	GO:0035516	0.590
A0A9P4XV22	GO:0000978	0.551
A0A9P4XV22	GO:0000981	0.406
A0A9P4XV22	GO:0001228	0.331
A0A9P4XV22	GO:0003700	0.523
A0A9P4XV22	GO:0043565	0.406
A0A9P4XWM4	GO:0003729	0.896
A0A9P5BNK0	GO:0005515	0.399
A0A9P5CQV5	GO:0008168	0.373
A0A9P5CQV5	GO:0009007	0.840
A0A9P5CTI1	GO:0003993	0.845
A0A9W3HR36	GO:0005515	0.487
A0A9W3HR39	GO:0005515	0.438
A0A9W3HR52	GO:0005515	0.845
A0A9W3HR60	GO:0005515	0.707
A0A9W3HR61	GO:0005515	0.903
A0A9W3N256	GO:0005515	0.543
A0A9W3N2X3	GO:0005515	0.716
A0A9W9TFE0	GO:0004312	0.565
A0A9W9TFE0	GO:0016218	0.992
A0A9W9TFE0	GO:0016491	0.469
A0A9W9TFE0	GO:1904091	0.846
A0A9W9TFI6	GO:0004497	0.890
A0A9W9TFI6	GO:0016218	0.844
A0A9W9TFI6	GO:0016491	0.608
A0A9W9TGP7	GO:0016218	0.961
A0A9W9TGP7	GO:0016491	0.535
A0AA41T7Z4	GO:0005515	0.828
A0AA51Z3S7	GO:0008168	0.396
A0AA51Z3S7	GO:0008171	0.556
A0AA51Z3S7	GO:0008757	0.418
A0AA51Z3S7	GO:0102822	0.408
A0AAA9T569	GO:0005515	0.444
A0AAA9T569	GO:0008559	0.628
A0AAA9T569	GO:0015216	0.454
A0AAA9T569	GO:0015431	0.769
A0AAA9T569	GO:0015432	0.583
A0AAA9T569	GO:0015562	0.576
A0AAA9T569	GO:0022857	0.452
A0AAA9T569	GO:0034634	0.545
A0AAA9T569	GO:0042626	0.888
A0AAA9T569	GO:0042910	0.543
A0AAA9T569	GO:0043225	0.818
A0AAA9T569	GO:0140359	0.823
A0AAD6IRE3	GO:0000978	0.555
A0AAD6IRE3	GO:0000981	0.381
A0AAD6IRE3	GO:0001228	0.473
A0AAD6IRE3	GO:0003700	0.681
A0AAD6IRE3	GO:0005515	0.376
A0AAD6IRE3	GO:0043565	0.431
A0AAD6ISS3	GO:0036320	0.428
A0AAD6ITA8	GO:0003985	0.422
A0AAD6ITA8	GO:0003988	0.834
A0AAD6IYT8	GO:0004557	0.466
A0AAD6IYT8	GO:0016985	0.429
A0AAD6IZ24	GO:0004672	0.301
A0AAD6IZ24	GO:0004713	0.334
A0AAD6IZ24	GO:0005515	0.486
A0AAD6J2M3	GO:0031176	0.933
A0AAD6J456	GO:0004568	0.396
A0AAD6J5F2	GO:0008061	0.355
A0AAD6J5T3	GO:0003995	0.475
A0AAD6J5T3	GO:0004466	0.492
A0AAD6J5T3	GO:0070991	0.583
A0AAD6NF83	GO:0003988	0.547
A0AAD6NFM2	GO:0008061	0.509
A0AAD6NFV5	GO:0003995	0.793
A0AAD6NFV5	GO:0004466	0.567
A0AAD6NFV5	GO:0070991	0.396
A0AAD6NH75	GO:0005484	0.769
A0AAD6NH75	GO:0005515	0.754
A0AAD6NIB7	GO:0008061	0.316
A0AAD6NLP7	GO:0003985	0.726
A0AAD6NLP7	GO:0003988	0.965
A0AAD6NMG7	GO:0000978	0.450
A0AAD6NMG7	GO:0001228	0.339
A0AAD6NMG7	GO:0003700	0.623
A0AAD6NMG7	GO:0005515	0.418
A0AAD6NMG7	GO:0043565	0.387
A0AAD6NMH5	GO:0016985	0.938
A0AAD9S145	GO:0004497	0.389
A0AAD9S159	GO:0004497	0.710
A0AAD9S159	GO:0016218	0.885
A0AAD9S159	GO:0016491	0.493
A0AAD9S169	GO:0004497	0.742
A0AAD9S265	GO:0000247	0.408
A0AAD9S265	GO:0004659	0.344
A0AAD9S2F9	GO:0004497	0.715
A0AAD9S2F9	GO:0016218	0.872
A0AAD9S2F9	GO:0016491	0.615
A0AAE9G628	GO:0005515	0.747
A0AAI7ZGA5	GO:0042802	0.312
A0AAI7ZGB3	GO:0005515	0.357
A0AAI7ZGC7	GO:0005515	0.368
A0AAN2H6E2	GO:0005515	0.391
A0AAN2H6H5	GO:0005515	0.760
A0AAN2H7H4	GO:0005515	0.834
A0AAN2H888	GO:0005515	0.890
A0AAN2H8A8	GO:0005515	0.394
A0AAN2L0I3	GO:0005515	0.840
A0AAN2L0P5	GO:0005515	0.377
A0AAN4PAE6	GO:0045548	0.922
A0AAN4PB13	GO:0050564	0.531
A0AAN4PB13	GO:1904091	0.900
A0AAN4PBA1	GO:0004497	0.787
A0AAN4PBA1	GO:0016218	0.853
A0AAN4PBA1	GO:0016491	0.539
A0AAU7VAB8	GO:0005125	0.912
A0AAU7VAB8	GO:0005126	0.352
A0AAU7VAB8	GO:0005132	0.537
A0AAU7VAB8	GO:0005515	0.311
A0AAU7VAE8	GO:0005515	0.591
A0AB32TH67	GO:0005125	0.809
A0AB32TH67	GO:0005515	0.344
A0AB32U2W5	GO:0005509	0.367
A0AB32U2W5	GO:0005515	0.702
A0AB36VXQ9	GO:0004722	0.865
A0AB36VXQ9	GO:0004723	0.983
A0AB36VXQ9	GO:0005515	0.590
A0AB36VXQ9	GO:0033192	0.842
A0AB73RZI6	GO:0000978	0.732
A0AB73RZI6	GO:0000981	0.563
A0AB73RZI6	GO:0001228	0.509
A0AB73RZI6	GO:0003700	0.757
A0AB73RZI6	GO:0043565	0.666
A0PCX2	GO:0008061	0.827
A0PCX2	GO:0050525	0.305
A0PCY0	GO:0008061	0.901
A0PCY0	GO:0090729	0.440
A0PCY0	GO:0140320	0.713
A0Q7V5	GO:0000156	0.925
A0Q7V5	GO:0001216	0.333
A0Q7V5	GO:0005515	0.522
A0Q7V6	GO:0000155	0.750
A0Q7V6	GO:0004672	0.473
A0Q7V6	GO:0005515	0.510
A0QP93	GO:0005515	0.484
A0QSG5	GO:0003735	0.706
A0QSG5	GO:0005515	0.435
A0QSG5	GO:0070181	0.501
A0QSG8	GO:0003735	0.854
A0QSG8	GO:0005515	0.337
A0QSG8	GO:0070180	0.540
A0QT90	GO:0000703	0.965
A0QT90	GO:0003690	0.310
A0QT90	GO:0003906	0.934
A0QT90	GO:0004519	0.340
A0QT90	GO:0004844	0.560
A0QT90	GO:0008534	0.892
A0QT90	GO:0019104	0.947
A0QT90	GO:0034039	0.716
A0QT90	GO:0140078	0.327
A0QT91	GO:0003678	0.301
A0QT91	GO:0005515	0.470
A0QT91	GO:0016887	0.501
A0QT91	GO:0033679	0.938
A0QT91	GO:0043138	0.538
A0QTR3	GO:0003677	0.351
A0QTR3	GO:0005515	0.352
A0QUE0	GO:0000287	0.305
A0QUE0	GO:0005515	0.652
A0QUE0	GO:0005524	0.303
A0QUE0	GO:0016887	0.649
A0QV03	GO:0003735	0.956
A0QV03	GO:0005515	0.325
A0QVQ9	GO:0000976	0.413
A0QVQ9	GO:0001217	0.307
A0QVQ9	GO:0003677	0.372
A0QVQ9	GO:0003700	0.410
A0QVQ9	GO:0005515	0.537
A0QVZ5	GO:0003677	0.334
A0QVZ5	GO:0005515	0.682
A0QVZ5	GO:0016987	0.980
A0QVZ5	GO:0043175	0.660
A0QW02	GO:0003677	0.440
A0QW02	GO:0005515	0.714
A0QW02	GO:0016987	0.969
A0QW02	GO:0043175	0.532
A0R054	GO:0005515	0.823
A0R0H1	GO:0005515	0.438
A0R0H1	GO:0008658	0.991
A0R0H1	GO:0008955	0.387
A0R0H1	GO:0009002	0.802
A0R271	GO:0005524	0.342
A0R271	GO:0015562	0.668
A0R271	GO:1904680	0.409
A0R272	GO:0005515	0.381
A0R272	GO:0005524	0.439
A0R272	GO:0015562	0.558
A0R272	GO:0016887	0.544
A0R272	GO:1904680	0.637
A0R2N2	GO:0000976	0.361
A0R2N2	GO:0003677	0.373
A0R2N2	GO:0005515	0.539
A0R3D2	GO:0005515	0.712
A0R3D2	GO:0070180	0.396
A0R3E8	GO:0000026	0.404
A0R3E8	GO:0000030	0.803
A0R3E8	GO:0004169	0.573
A0R3E8	GO:0005515	0.306
A0R3E8	GO:0052636	0.316
A0R530	GO:0000976	0.314
A0R530	GO:0001217	0.439
A0R530	GO:0003700	0.676
A0R5I3	GO:0005515	0.483
A0R5I3	GO:0008658	0.993
A0R5I3	GO:0008955	0.519
A0R5I3	GO:0009002	0.662
A1CVQ3	GO:0009975	0.579
A1CVQ3	GO:0016218	0.768
A1DBL3	GO:0008061	0.469
A1DBL3	GO:0090729	0.770
A1DBL3	GO:0140295	0.649
A1L293	GO:0004725	0.380
A1L293	GO:0005515	0.401
A1L293	GO:0008962	0.472
A1L293	GO:0016791	0.379
A1XCI9	GO:0140320	0.308
A1Z7L8	GO:0005515	0.506
A1Z7L8	GO:0036122	0.809
A1Z7L8	GO:0098821	0.623
A1Z8F4	GO:0000976	0.453
A1Z8F4	GO:0000977	0.499
A1Z8F4	GO:0000978	0.476
A1Z8F4	GO:0000981	0.592
A1Z8F4	GO:0001223	0.377
A1Z8F4	GO:0001227	0.358
A1Z8F4	GO:0001228	0.380
A1Z8F4	GO:0003677	0.437
A1Z8F4	GO:0003700	0.537
A1Z8F4	GO:0043565	0.544
A1Z8F4	GO:0070579	0.387
A2AFS9	GO:0005515	0.900
A2AQ92	GO:0004601	0.743
A2AQ92	GO:0005515	0.404
A2AQ92	GO:0016174	0.967
A2E926	GO:0005515	0.700
A2ECR2	GO:0003844	0.981
A2F4M9	GO:0004134	0.912
A2F4M9	GO:0004135	0.986
A2FBF3	GO:0016161	0.569
A2IA78	GO:0090729	0.635
A2IAB1	GO:0000772	0.477
A2IAB1	GO:0090729	0.931
A2IAB2	GO:0090729	0.878
A2IAD0	GO:0019870	0.452
A2IAD0	GO:0019871	0.643
A2IAD0	GO:0090729	0.806
A2IAD2	GO:0090729	0.903
A2QQU4	GO:0016216	0.955
A2QQU4	GO:0016706	0.484
A2QQU5	GO:0016218	0.907
A2QQU5	GO:0016491	0.500
A2QQU8	GO:0001216	0.549
A2QQU8	GO:0003700	0.398
A2QQU9	GO:0004497	0.868
A2QQU9	GO:0016218	0.530
A2QQU9	GO:0016491	0.543
A2QQV0	GO:0004312	0.310
A2QQV0	GO:0016218	0.988
A2QQV0	GO:0016491	0.504
A2QQV0	GO:1904091	0.744
A2QTS4	GO:0004556	0.426
A2QTS4	GO:0004558	0.345
A2QYT9	GO:0004556	0.473
A2XJR0	GO:0004842	0.609
A2XJR0	GO:0005515	0.585
A2XJR0	GO:0061630	0.700
A2XLF5	GO:0005515	0.323
A4D9K7	GO:0000978	0.727
A4D9K7	GO:0000981	0.582
A4D9K7	GO:0001228	0.558
A4D9K7	GO:0003700	0.390
A4D9K7	GO:0043565	0.359
A4D9Q8	GO:0000156	0.354
A4D9Q8	GO:0005515	0.412
A4FVI7	GO:0003723	0.500
A4FVI7	GO:0005515	0.905
A4FVI7	GO:0008266	0.431
A4QNW2	GO:0005515	0.870
A4VE64	GO:0005515	0.743
A4VEB3	GO:0005515	0.874
A4VEB3	GO:0045505	0.462
A4X5N0	GO:0015068	0.355
A4XXY7	GO:0051537	0.391
A4XXY8	GO:0050660	0.631
A4XXY8	GO:0051537	0.436
A4XXY8	GO:0071949	0.584
A4XXY9	GO:0004106	0.576
A5GZY7	GO:0003756	0.805
A5GZY7	GO:0003810	0.809
A5GZY7	GO:0015035	0.633
A5K0H6	GO:0003729	0.383
A5K0H6	GO:0045182	0.626
A5K264	GO:0004107	0.969
A5K736	GO:0005515	0.327
A5K736	GO:0008201	0.376
A5K736	GO:0046789	0.904
A5K9W3	GO:0005302	0.334
A5K9W3	GO:0005337	0.543
A5K9W3	GO:0032217	0.399
A6IBC5	GO:0005515	0.878
A6JNN4	GO:0005515	0.684
A6T5N0	GO:0005515	0.884
A6TGC5	GO:0003678	0.572
A6TGC5	GO:0004386	0.374
A6TGC5	GO:0005515	0.677
A6TGC5	GO:0043138	0.686
A6TGC5	GO:0140640	0.368
A6TGW7	GO:0003697	0.838
A6TGW7	GO:0005515	0.739
A6TGW7	GO:0042802	0.474
A6THB2	GO:0003697	0.688
A6THB2	GO:0005515	0.820
A7E4L6	GO:0030570	0.917
A7E4L6	GO:0047490	0.826
A7E835	GO:0005515	0.428
A7EX74	GO:0000978	0.359
A7EX74	GO:0003700	0.577
A7EX74	GO:0043565	0.469
A7EXV2	GO:0004650	0.925
A7EXV2	GO:0047490	0.399
A7EXV2	GO:0047911	0.374
A7MJV9	GO:0005515	0.851
A8M6W1	GO:0004497	0.578
A8M6W1	GO:0016491	0.435
A8M6W1	GO:0016713	0.443
A8M6W1	GO:0016717	0.304
A8M6W1	GO:0020037	0.465
A8M6W3	GO:0050564	0.336
A8M6W6	GO:0004161	0.569
A8M6W6	GO:0004659	0.991
A9BHL2	GO:0051287	0.303
A9CGX9	GO:0000976	0.391
A9CGX9	GO:0001216	0.471
A9CGX9	GO:0003677	0.346
A9CGX9	GO:0003700	0.613
A9CI74	GO:0000976	0.490
A9CI74	GO:0001216	0.712
A9CI74	GO:0003677	0.371
A9CI74	GO:0003700	0.467
A9CIJ6	GO:0005515	0.688
A9CJR8	GO:0004099	0.831
B0BNF8	GO:0005515	0.319
B0R0B3	GO:0004614	0.962
B0R0B3	GO:0005515	0.413
B0XAA1	GO:0004556	0.341
B0XAA1	GO:0004574	0.707
B0XAA1	GO:0008422	0.555
B1ATY8	GO:0003924	0.344
B1ATY8	GO:0005515	0.830
B1MDC3	GO:0005515	0.381
B1MDC3	GO:0008658	0.939
B1MDC3	GO:0009002	0.411
B1MDE5	GO:0005515	0.627
B1MDE5	GO:0016887	0.622
B1MH83	GO:0000155	0.980
B1MH83	GO:0000287	0.466
B1MH83	GO:0004016	0.543
B1MH83	GO:0004672	0.584
B1MH83	GO:0004673	0.441
B1MH83	GO:0005515	0.532
B1MH83	GO:0019825	0.464
B1MH83	GO:0019826	0.863
B1MH83	GO:0030145	0.334
B1MH83	GO:0070025	0.970
B1MH83	GO:0070026	0.847
B1MH84	GO:0000156	0.600
B1MH84	GO:0003677	0.430
B1MH84	GO:0003700	0.338
B1MH84	GO:0005515	0.539
B1MKC8	GO:0015171	0.492
B1MKC8	GO:0015489	0.372
B1PUC6	GO:0005515	0.402
B1PUC6	GO:0050660	0.578
B1PUC6	GO:0071949	0.425
B1WBA5	GO:0003682	0.449
B1WBA5	GO:0003886	0.964
B1WBA5	GO:0005515	0.715
B1WBA5	GO:0008168	0.821
B1WBA5	GO:0008327	0.333
B1WBA5	GO:0009008	0.676
B1WBA5	GO:0042054	0.652
B1WBA5	GO:0042393	0.650
B1WBA5	GO:0046974	0.517
B1WBA5	GO:0046976	0.621
B1WBA5	GO:0051718	0.468
B1WBA5	GO:0106222	0.372
B1WBA5	GO:0140566	0.333
B1WBA5	GO:0140938	0.508
B2HG54	GO:0004497	0.581
B2HG54	GO:0016491	0.316
B2HG54	GO:0016712	0.518
B2HG54	GO:0020037	0.827
B2HG54	GO:0031073	0.845
B2HG54	GO:0036199	0.619
B2HG54	GO:0070025	0.415
B2HQ48	GO:0015343	0.471
B4ER92	GO:0004315	0.460
B4ER92	GO:0016218	0.381
B4ER95	GO:0016218	0.373
B4ER97	GO:0016218	0.427
B4XYC8	GO:0019104	0.557
B7PCV3	GO:0004867	0.889
B7XFT1	GO:0019855	0.743
B7XFT1	GO:0070300	0.331
B7XFT1	GO:0090729	0.498
B8BNY7	GO:0005515	0.481
B8BNY8	GO:0005515	0.696
B8DUI5	GO:0005515	0.368
C0H519	GO:0005515	0.630
C0H519	GO:0019776	0.479
C0H519	GO:0019777	0.545
C0HMB6	GO:0004867	0.350
C0HMB8	GO:0019871	0.993
C0HMB8	GO:0090729	0.986
C0HMB9	GO:0019871	0.993
C0HMB9	GO:0090729	0.983
C0HMC0	GO:0019871	0.995
C0HMC0	GO:0090729	0.991
C0HMC1	GO:0019871	0.994
C0HMC1	GO:0090729	0.989
C0HMC2	GO:0019871	0.994
C0HMC2	GO:0090729	0.990
C0HMC5	GO:0019871	0.992
C0HMC5	GO:0090729	0.983
C0HMC6	GO:0019871	0.992
C0HMC6	GO:0090729	0.990
C0HMD1	GO:0004867	0.641
C0HMD4	GO:0005515	0.457
C0HMD5	GO:0004867	0.502
C0HMD6	GO:0005515	0.979
C0HMD7	GO:0005515	0.938
C0HMD8	GO:0004867	0.454
C0HMD8	GO:0005534	0.350
C0HMD9	GO:0003855	0.381
C0HMD9	GO:0004156	0.385
C0HMD9	GO:0004425	0.408
C0HME0	GO:0005515	0.901
C0HME1	GO:0019871	0.989
C0HME1	GO:0090729	0.980
C0HME2	GO:0019871	0.992
C0HME2	GO:0090729	0.986
C0HME3	GO:0019855	0.534
C0HME3	GO:0019870	0.917
C0HME3	GO:0019871	0.331
C0HME3	GO:0090729	0.576
C0HME4	GO:0019855	0.553
C0HME4	GO:0019870	0.931
C0HME4	GO:0019871	0.551
C0HME4	GO:0090729	0.848
C0HME5	GO:0005515	0.513
C0HME6	GO:0005515	0.945
C0HME7	GO:0005509	0.334
C0HME7	GO:0005534	0.736
C0HME7	GO:0030246	0.313
C0HME7	GO:0090729	0.450
C0HME8	GO:0005515	0.819
C0HMF0	GO:0005515	0.804
C0HMF1	GO:0005515	0.798
C0HMF2	GO:0005515	0.746
C0HMF3	GO:0005515	0.756
C0HMF4	GO:0005515	0.727
C0HMF8	GO:0061797	0.720
C0HMG1	GO:0005534	0.609
C0HMG1	GO:0090729	0.490
C0HMG2	GO:0005534	0.979
C0HMG2	GO:0005537	0.378
C0HMG2	GO:0030246	0.388
C0HMG2	GO:0030395	0.360
C0HMG2	GO:1903777	0.370
C0HMG4	GO:0019871	0.887
C0HMG4	GO:0090729	0.926
C0JJ97	GO:0005515	0.854
C3W5S0	GO:0005515	0.715
C4JF72	GO:0016218	0.929
C4JF73	GO:0005515	0.646
C4JF74	GO:0000297	0.349
C4JF74	GO:0015137	0.444
C4JF75	GO:0016218	0.523
C4JF75	GO:1904091	0.768
C4JF76	GO:0004793	0.853
C4JF76	GO:0008732	0.395
C4JF77	GO:0003961	0.680
C4JF77	GO:0003962	0.476
C4JF77	GO:0004794	0.342
C4JF77	GO:0051009	0.651
C4JF78	GO:0016218	0.536
C4M9S3	GO:0003924	0.452
C4M9S3	GO:0005515	0.860
C4M9S3	GO:0005525	0.350
C6KSN4	GO:0005515	0.542
C6KTD4	GO:0008526	0.542
C7M8J5	GO:0004122	0.336
C7M8J5	GO:0004124	0.983
C7M8J5	GO:0030170	0.708
C7M8J5	GO:0033847	0.343
C7M8J5	GO:0080146	0.467
C7M8J6	GO:0003870	0.556
C7M8J6	GO:0004351	0.596
C7M8J6	GO:0030170	0.777
C9ZDC6	GO:0004497	0.584
C9ZDC6	GO:0005506	0.385
C9ZDC6	GO:0009975	0.534
C9ZDC6	GO:0016216	0.455
C9ZDC6	GO:0016218	0.887
C9ZDC6	GO:0016491	0.628
C9ZDC6	GO:0016713	0.629
C9ZDC6	GO:0016717	0.435
C9ZDC6	GO:0020037	0.672
C9ZDC6	GO:0070025	0.405
D1A230	GO:0004462	0.410
D1A230	GO:0005506	0.600
D1A230	GO:0005515	0.354
D1A230	GO:0008270	0.331
D1A230	GO:0009055	0.484
D1A230	GO:0046870	0.387
D1A230	GO:0051537	0.629
D2VS83	GO:0005515	0.676
D2VS83	GO:0008568	0.847
D2XUU4	GO:0005515	0.363
D2XUU5	GO:0005515	0.339
D2XUU6	GO:0005515	0.312
D2XUU6	GO:0090729	0.380
D2XUV0	GO:0090729	0.480
D2XUV1	GO:0090729	0.463
D3YXF5	GO:0005515	0.606
D3ZNV2	GO:0005515	0.961
D4A4P4	GO:0003919	0.834
D4A4P4	GO:0005515	0.429
D4GU28	GO:0005515	0.814
D4GU28	GO:0005524	0.433
D4GVA7	GO:0005515	0.740
D4GVA7	GO:0097351	0.409
D4GVA8	GO:0005515	0.627
D4GVK8	GO:0008168	0.302
D4GW82	GO:0005515	0.504
D4GW96	GO:0005515	0.320
D4GW96	GO:0008276	0.567
D4GW96	GO:0016279	0.542
D4GYL4	GO:0000234	0.443
D4GYL4	GO:0008168	0.371
D4GZV0	GO:0005515	0.770
D5AKX4	GO:0005515	0.361
D5AKX5	GO:0005515	0.543
D5AKX6	GO:0005515	0.464
D5AKX7	GO:0051539	0.418
D5DTX2	GO:0005515	0.814
D5DTX2	GO:0042802	0.511
D5LN76	GO:0106362	0.303
D5LWW7	GO:0005515	0.827
D6RQ66	GO:0005515	0.630
D9PY12	GO:0005515	0.323
D9YT79	GO:0003993	0.416
E0CZ22	GO:0005515	0.878
E0CZ42	GO:0005509	0.686
E0CZ42	GO:0005515	0.744
E0CZ42	GO:0005543	0.338
E0CZ42	GO:0005544	0.531
E0D202	GO:0016218	0.332
E0D203	GO:0005515	0.305
E0D204	GO:0005515	0.450
E0D205	GO:0005515	0.393
E0D206	GO:0005515	0.372
E0D207	GO:0004497	0.704
E0D207	GO:0016218	0.433
E0D207	GO:0016491	0.561
E0D207	GO:0016712	0.450
E0D207	GO:0016713	0.371
E0D207	GO:0020037	0.786
E0D207	GO:0031073	0.550
E0D207	GO:0036199	0.354
E0D207	GO:0070025	0.396
E0D208	GO:0000234	0.307
E0D208	GO:0008168	0.666
E0D208	GO:0008170	0.909
E0D208	GO:0008171	0.687
E0D208	GO:0008757	0.504
E0D208	GO:0009975	0.791
E0D208	GO:0016218	0.366
E0D209	GO:0000156	0.374
E0D209	GO:0001216	0.328
E0D209	GO:0001217	0.306
E0D209	GO:0003700	0.484
E0D209	GO:0005515	0.577
E0N688	GO:0004175	0.340
E0N688	GO:0005515	0.362
E1BFX5	GO:0005515	0.682
E2I9M6	GO:0004520	0.381
E2I9M6	GO:0004521	0.317
E2I9M6	GO:0005515	0.632
E4VP11	GO:0008289	0.546
E6Y8B9	GO:0004252	0.895
E7A1Q4	GO:0019958	0.377
E7A1Q4	GO:0090729	0.317
E7FHH1	GO:0043546	0.715
E7FHH1	GO:0051536	0.512
E9DW54	GO:0003712	0.344
E9DW54	GO:0003713	0.657
E9DW54	GO:0004402	0.400
E9DW54	GO:0005515	0.601
E9DXX9	GO:0003713	0.757
E9DXX9	GO:0005515	0.489
E9DZB1	GO:0090729	0.622
E9E114	GO:0000978	0.444
E9E114	GO:0000981	0.412
E9ENZ6	GO:0003697	0.469
E9ENZ6	GO:0005515	0.730
E9EV02	GO:0005515	0.684
E9EWQ4	GO:0005515	0.407
E9EXC4	GO:0005515	0.582
E9EYW7	GO:0003904	0.570
E9F0C5	GO:0000978	0.695
E9F0C5	GO:0000981	0.389
E9F0C5	GO:0001228	0.558
E9F0C5	GO:0003700	0.424
E9F0C5	GO:0005515	0.327
E9F0C5	GO:0043565	0.356
E9F0S1	GO:0003904	0.341
E9F591	GO:0005515	0.358
E9F8I5	GO:0003678	0.490
E9F8I5	GO:0003724	0.847
E9F8I5	GO:0003729	0.619
E9F8I5	GO:0004386	0.389
E9F8I5	GO:0005515	0.623
E9F8I5	GO:0008186	0.543
E9F8I5	GO:0016887	0.578
E9F8I5	GO:0033679	0.457
E9F8I5	GO:0034458	0.738
E9F8I5	GO:0043138	0.655
E9F970	GO:0005515	0.425
E9Q368	GO:0004674	0.402
E9Q368	GO:0005515	0.776
E9Q368	GO:0141100	0.537
E9Q3D4	GO:0005515	0.402
E9Q3D4	GO:0016616	0.416
E9Q3D4	GO:0047834	0.847
E9Q3G8	GO:0005515	0.809
E9Q3G8	GO:0017056	0.650
E9QG33	GO:0005515	0.809
F0LJX3	GO:0005515	0.326
F0LJX3	GO:0033679	0.411
F0LJX3	GO:0043138	0.544
F0NF15	GO:0005515	0.529
F0NF15	GO:0005524	0.430
F0NF15	GO:0016887	0.592
F0VAI6	GO:0003756	0.787
F0VAI6	GO:0003810	0.734
F0VAI6	GO:0005515	0.302
F0VAI6	GO:0015035	0.625
F1DQG5	GO:0004252	0.600
F1DQG5	GO:0017171	0.940
F2RC64	GO:0005515	0.567
F2RC64	GO:0016887	0.524
F2SL79	GO:0016218	0.839
F2SL81	GO:0055056	0.462
F2SL82	GO:0008168	0.394
F2SL82	GO:0008171	0.801
F2SL82	GO:0008757	0.354
F2SL82	GO:0016218	0.867
F2SL83	GO:0004322	0.368
F2SL83	GO:0016218	0.768
F2SL83	GO:0016491	0.528
F2SL83	GO:0052716	0.952
F2SL84	GO:0005515	0.397
F2SL85	GO:0016218	0.807
F2SL85	GO:0016491	0.523
F2SL86	GO:0004497	0.921
F2SL86	GO:0004499	0.424
F2SL86	GO:0016218	0.720
F2SL86	GO:0016491	0.374
F2SL87	GO:0004312	0.305
F2SL87	GO:0016218	0.990
F2SL87	GO:0016491	0.395
F2SL87	GO:1904091	0.341
F2YGR7	GO:0005515	0.517
F4HWU0	GO:0005515	0.888
F4JCB3	GO:0005515	0.835
F5HM55	GO:0004601	0.966
F5HM55	GO:0036393	0.647
F5L3T2	GO:0004333	0.342
F5L3T2	GO:0005506	0.569
F5L3T2	GO:0008824	0.815
F5L3T2	GO:0051537	0.816
F5L3T2	GO:0051538	0.449
F5L3T2	GO:0051539	0.559
F5L3T3	GO:0005515	0.468
F6K5S6	GO:0031704	0.403
F6K6F3	GO:0017080	0.439
F6K6F3	GO:0019871	0.914
F6K6F3	GO:0090729	0.963
F6Q2R9	GO:0005515	0.389
F6Q2R9	GO:0005534	0.397
F6Q2R9	GO:0030246	0.315
F8L436	GO:0005515	0.590
F8L436	GO:0008234	0.575
F8L4W9	GO:0008234	0.432
F8L5E7	GO:0005515	0.549
F8L650	GO:0005515	0.764
F8L6R0	GO:0004843	0.518
F8L6R0	GO:0005515	0.644
F8L8G5	GO:0004843	0.494
F8L8G5	GO:0005515	0.443
F8L8I6	GO:0004843	0.960
F8L8I6	GO:0005515	0.536
F8L9T9	GO:0004843	0.822
F8L9T9	GO:0005515	0.400
F8L9T9	GO:0019784	0.605
F8L9T9	GO:0140492	0.348
F8U969	GO:0048040	0.475
F8U970	GO:0008830	0.546
F8U970	GO:0008831	0.802
F8U970	GO:0010280	0.665
F8U970	GO:0010489	0.849
F8U970	GO:0010490	0.857
F8U970	GO:0050377	0.463
F8U970	GO:0050577	0.765
F8U971	GO:0048040	0.664
F8U972	GO:0008830	0.594
F8U972	GO:0008831	0.788
F8U972	GO:0010280	0.675
F8U972	GO:0010489	0.892
F8U972	GO:0010490	0.897
F8U972	GO:0050377	0.486
F8U972	GO:0050577	0.691
F8V2V0	GO:0005515	0.867
G0RT93	GO:0004721	0.496
G0RT93	GO:0004722	0.973
G0RT93	GO:0005515	0.537
G0RT93	GO:0033192	0.425
G0RT93	GO:1990439	0.397
G0S1P8	GO:0008379	0.936
G0S5S6	GO:0005515	0.653
G0SCH6	GO:0005515	0.477
G0SE11	GO:0005515	0.764
G0SE11	GO:0097163	0.985
G0SEG2	GO:0003729	0.676
G0SEG2	GO:0003735	0.925
G0SEG2	GO:0005515	0.301
G0SEG2	GO:0008097	0.465
G0SF39	GO:0005515	0.806
G0SF39	GO:0016251	0.808
G0SF80	GO:0003723	0.309
G0SF80	GO:0005515	0.642
G0SF80	GO:0008312	0.341
G0SF80	GO:0019843	0.600
G0SF80	GO:0070180	0.528
G0SHQ2	GO:0003723	0.360
G0SHQ2	GO:0003729	0.427
G0SHQ2	GO:0003735	0.983
G0SHQ2	GO:0005515	0.403
G1X456	GO:0004672	0.340
G1X456	GO:0004674	0.719
G1X456	GO:0005515	0.509
G1X9A9	GO:0000978	0.660
G1X9A9	GO:0000981	0.309
G1X9A9	GO:0001228	0.445
G1X9A9	GO:0003700	0.408
G1XJZ0	GO:0003924	0.732
G1XJZ0	GO:0005515	0.801
G1XJZ0	GO:0005525	0.325
G1XJZ4	GO:0004672	0.465
G1XJZ4	GO:0004674	0.688
G1XJZ4	GO:0004707	0.960
G1XJZ4	GO:0005515	0.791
G1XLI4	GO:0000156	0.596
G1XLI4	GO:0005515	0.340
G2QA95	GO:0004497	0.861
G2QA95	GO:0016218	0.456
G2QA95	GO:0016491	0.472
G2X0L1	GO:0031176	0.996
G2X3G1	GO:0000156	0.738
G2X3G1	GO:0005515	0.417
G2X4G1	GO:0031176	0.977
G2X5X8	GO:0031176	0.995
G2X8M4	GO:0031176	0.878
G3G8W7	GO:0005515	0.549
G4MRQ6	GO:0003729	0.882
G4MSY9	GO:0008168	0.312
G4MSY9	GO:0009007	0.713
G4MYB0	GO:0004672	0.612
G4MYB0	GO:0004674	0.858
G4MYB0	GO:0005515	0.612
G4MYD3	GO:0000978	0.351
G4MYD3	GO:0003700	0.488
G4MYD3	GO:0043565	0.420
G4MZ21	GO:0008796	0.557
G4MZ21	GO:0009982	0.501
G4MZ21	GO:0035516	0.444
G4MZ21	GO:0141131	0.447
G4N954	GO:0004165	0.713
G4N954	GO:0004300	0.400
G4NB33	GO:0004037	0.389
G4NB33	GO:0005515	0.594
G4NBR8	GO:0000978	0.734
G4NBR8	GO:0000981	0.347
G4NBR8	GO:0001228	0.464
G4NBR8	GO:0003700	0.553
G4NBR8	GO:0043565	0.430
G4NCK1	GO:0003677	0.313
G4NCK1	GO:0003712	0.425
G4NCK1	GO:0003713	0.752
G4NCK1	GO:0004402	0.446
G4NCK1	GO:0005515	0.618
G4NCK1	GO:0016251	0.305
G4NCP4	GO:0004165	0.934
G4TS85	GO:0001406	0.917
G4TS85	GO:0005315	0.611
G4TS85	GO:0097079	0.481
G5EI58	GO:0004672	0.556
G5EI58	GO:0004674	0.931
G5EI58	GO:0005515	0.764
G5EI71	GO:0005515	0.727
G7LCC3	GO:0000155	0.720
G7LCC3	GO:0004673	0.977
G7LCC3	GO:0005515	0.442
G7LCC3	GO:0009884	0.782
G7LCC3	GO:0043424	0.530
G8FPZ8	GO:0008061	0.823
G9BWP3	GO:0004167	0.666
G9BWP3	GO:0106417	0.813
G9MJD8	GO:0008061	0.830
G9MK14	GO:0008061	0.856
G9MK14	GO:0050525	0.341
G9MK14	GO:0090729	0.374
G9MK14	GO:0140320	0.802
G9MNI0	GO:0008061	0.849
G9MNI0	GO:0090729	0.306
G9MNI0	GO:0140320	0.362
G9MQI4	GO:0004672	0.407
G9MQI4	GO:0004674	0.645
G9MQI4	GO:0004707	0.936
G9MQI4	GO:0005515	0.742
G9MXR6	GO:0008061	0.885
G9MXR6	GO:0090729	0.369
G9MXR6	GO:0140320	0.702
G9NTJ1	GO:0008061	0.895
G9NTJ1	GO:0050525	0.481
G9NTJ1	GO:0090729	0.431
G9NTJ1	GO:0140320	0.765
G9PB60	GO:0008061	0.831
G9PB60	GO:0050525	0.316
H2ELT1	GO:0004984	0.888
H2ELT1	GO:0005549	0.436
H2ELT1	GO:0033041	0.351
H2ELT1	GO:0170020	0.568
H9C180	GO:0005515	0.783
H9C181	GO:0005515	0.603
I1RDP9	GO:0008061	0.751
I1RDP9	GO:0030248	0.333
I1RDQ0	GO:0005199	0.356
I1RJE5	GO:0005199	0.921
I1RQE2	GO:0005515	0.517
I1S050	GO:0004672	0.602
I1S050	GO:0004674	0.854
I1S050	GO:0005515	0.650
I3L3L1	GO:0005515	0.943
I6L8L7	GO:0004649	0.579
I6XA42	GO:0005515	0.552
I6XA42	GO:0008080	0.372
I6XA42	GO:0008999	0.389
I6XA42	GO:0016407	0.581
I6XA42	GO:0061733	0.625
I6XA42	GO:1990189	0.316
I6Y1I5	GO:0005515	0.649
I6Y1Q2	GO:0005506	0.352
I6Y1Q2	GO:0005515	0.555
I6Y1Q2	GO:0008198	0.437
I6Y1Q2	GO:0008199	0.309
I6Y498	GO:0003924	0.496
I6Y498	GO:0005515	0.425
I6Y498	GO:0016887	0.362
I6YBQ3	GO:0003677	0.337
I6YBQ3	GO:0003700	0.460
I6YBQ3	GO:0005515	0.447
I6YCP0	GO:0005515	0.657
I6YGX2	GO:0005515	0.503
I6YGX2	GO:0008658	0.993
I6YGX2	GO:0008955	0.557
I6YGX2	GO:0009002	0.668
I7M008	GO:0005515	0.785
I7M6H4	GO:0005515	0.530
I7M6H4	GO:0051015	0.362
I7M9J2	GO:0003777	0.796
I7M9J2	GO:0005515	0.610
I7M9J2	GO:0008569	0.862
I7MCM8	GO:0005515	0.869
I7MD46	GO:0005515	0.616
I7MHB1	GO:0005515	0.851
J3KAR5	GO:0004793	0.790
J3KAR6	GO:0004497	0.702
J3KAR6	GO:0016218	0.920
J3KAR6	GO:0016491	0.549
J3KAR9	GO:0016646	0.300
J3KAS1	GO:0003961	0.591
J3KAS1	GO:0003962	0.760
J3KAS1	GO:0051009	0.694
J3KAS2	GO:1904091	0.780
J4KQ31	GO:0003678	0.499
J4KQ31	GO:0003724	0.858
J4KQ31	GO:0003729	0.637
J4KQ31	GO:0004386	0.410
J4KQ31	GO:0005515	0.619
J4KQ31	GO:0008186	0.551
J4KQ31	GO:0016887	0.599
J4KQ31	GO:0033679	0.451
J4KQ31	GO:0034458	0.788
J4KQ31	GO:0043138	0.614
J4KQN3	GO:0004842	0.896
J4KQN3	GO:0005515	0.729
J4KQN3	GO:0031625	0.335
J4KQN3	GO:0061631	0.966
J4UJ50	GO:0004867	0.365
J4UJ50	GO:0090729	0.481
J4UJ50	GO:0140320	0.638
J4UPH3	GO:0050564	0.376
J4UPH3	GO:1904091	0.900
J4UQI9	GO:0003697	0.535
J4UQI9	GO:0005515	0.751
J4UVD7	GO:0000978	0.671
J4UVD7	GO:0000981	0.367
J4UVD7	GO:0001228	0.556
J4UVD7	GO:0003700	0.505
J4UVD7	GO:0005515	0.332
J4UVD7	GO:0043565	0.390
J4VWR6	GO:0016881	0.323
J4VWR6	GO:0050564	0.505
J4VWR6	GO:1904091	0.804
J4VYF0	GO:0005515	0.678
J4VZG7	GO:0000978	0.411
J4VZG7	GO:0000981	0.301
J4W1I9	GO:1904091	0.932
J4WK53	GO:0003904	0.571
J4WLR8	GO:0000978	0.367
J4WLR8	GO:0000981	0.391
J4WLR8	GO:0003700	0.728
J4WLR8	GO:0005515	0.301
J4WLR8	GO:0043565	0.580
J4WMI6	GO:0005199	0.951
J4WMI6	GO:0030248	0.594
J5J1K4	GO:0003700	0.328
J5J1K4	GO:0005515	0.325
J5J1K4	GO:0043565	0.381
J5J335	GO:0004312	0.306
J5J335	GO:0016218	0.990
J5J335	GO:0016491	0.548
J5J335	GO:1904091	0.868
J5J666	GO:0005515	0.750
J5JC27	GO:0000978	0.419
J5JC27	GO:0001228	0.305
J5JC27	GO:0003700	0.576
J5JC27	GO:0043565	0.347
J5JM47	GO:0000978	0.571
J5JM47	GO:0000981	0.437
J5JM47	GO:0001228	0.383
J5JM47	GO:0003700	0.709
J5JM47	GO:0043565	0.547
J5JPV3	GO:0005244	0.446
J5JPV3	GO:0005515	0.448
J5JPV3	GO:0008308	0.988
J5JPV3	GO:0015288	0.400
J5JPV3	GO:0017128	0.454
J5JPV3	GO:0022832	0.560
J5JS29	GO:0005515	0.379
J5JYA0	GO:0000981	0.307
J5JYA0	GO:0003700	0.339
J5JYA0	GO:0005515	0.391
J5JYA0	GO:0043565	0.302
J5JYQ1	GO:0005515	0.542
J5K1D5	GO:0000978	0.419
J5K1D5	GO:0000981	0.374
J9UD11	GO:0005337	0.857
J9UD11	GO:0015205	0.470
J9UD11	GO:0032217	0.443
J9VDC2	GO:0004252	0.805
J9VED5	GO:0004672	0.669
J9VED5	GO:0004674	0.869
J9VED5	GO:0005515	0.656
J9VG14	GO:0000978	0.307
J9VG14	GO:0000981	0.461
J9VG14	GO:0005515	0.376
J9VJ62	GO:0000978	0.626
J9VJ62	GO:0000981	0.484
J9VJ62	GO:0003700	0.453
J9VJ62	GO:0043565	0.416
J9VM54	GO:0035673	0.413
J9VPP4	GO:0090729	0.584
J9VPP8	GO:0005515	0.419
J9VUG5	GO:0000977	0.337
J9VUG5	GO:0000978	0.743
J9VUG5	GO:0000981	0.671
J9VUG5	GO:0001228	0.514
J9VUG5	GO:0003700	0.452
J9VUG5	GO:0005515	0.344
J9VUG5	GO:0043565	0.348
J9VWG0	GO:0000978	0.629
J9VWG0	GO:0000981	0.676
J9VWG0	GO:0001228	0.453
J9VWG0	GO:0003700	0.534
J9VWG0	GO:0043565	0.538
J9W0U6	GO:0008061	0.802
J9W0U6	GO:0140320	0.697
K4H1X2	GO:0000978	0.717
K4H1X2	GO:0000981	0.328
K4H1X2	GO:0001228	0.490
K4H1X2	GO:0003700	0.538
K4H1X2	GO:0043565	0.381
K5TWP9	GO:0005515	0.536
K9GHZ3	GO:0031176	0.996
K9IVI1	GO:0004591	0.975
K9IVI1	GO:0005515	0.720
K9IVI1	GO:0030976	0.441
L0T2H7	GO:0005515	0.635
L7F3F8	GO:0004497	0.487
L7F3F8	GO:0005506	0.326
L7F3F8	GO:0016216	0.346
L7F3F8	GO:0016218	0.858
L7F3F8	GO:0016491	0.543
L7F3F8	GO:0016713	0.486
L7F3F8	GO:0016717	0.300
L7F3F8	GO:0020037	0.591
L7N648	GO:0005515	0.888
M1C8A4	GO:0005515	0.929
M2T5U2	GO:0000156	0.861
M2T5U2	GO:0005515	0.302
M3B4Q3	GO:0015067	0.512
M3B4Q3	GO:0015068	0.566
M4MEY9	GO:0031176	0.759
M4MGK7	GO:0004557	0.316
M4MLB5	GO:0031176	0.310
M9MS50	GO:0004672	0.502
M9MS50	GO:0004674	0.823
M9MS50	GO:0004712	0.349
M9MS50	GO:0005515	0.627
O05910	GO:0003677	0.381
O05910	GO:0005515	0.576
O05910	GO:0097351	0.746
O06550	GO:0003677	0.363
O06550	GO:0005515	0.504
O06624	GO:0005515	0.629
O08453	GO:0004497	0.306
O08453	GO:0016218	0.452
O08453	GO:0050660	0.337
O08453	GO:0140907	0.765
O13503	GO:0005199	0.459
O17899	GO:0004930	0.376
O17899	GO:0005515	0.551
O24769	GO:0002953	0.887
O24769	GO:0005515	0.365
O49338	GO:0005515	0.863
O50328	GO:0005515	0.664
O50329	GO:0005515	0.698
O50330	GO:0005515	0.578
O50331	GO:0005515	0.511
O50333	GO:0005515	0.629
O50334	GO:0005515	0.680
O50335	GO:0005515	0.777
O50336	GO:0005515	0.743
O50337	GO:0005515	0.808
O50338	GO:0005515	0.302
O51624	GO:0005515	0.572
O51799	GO:0009975	0.557
O51799	GO:0016218	0.440
O51799	GO:0016835	0.497
O53718	GO:0005515	0.810
O62609	GO:0000978	0.369
O62609	GO:0001223	0.314
O62609	GO:0003677	0.333
O62609	GO:0003700	0.413
O62609	GO:0003713	0.412
O62609	GO:0005515	0.759
O62609	GO:0043565	0.367
O62609	GO:0061629	0.309
O62609	GO:0140297	0.416
O64191	GO:0005515	0.758
O64602	GO:0005515	0.886
O76269	GO:0005337	0.960
O76269	GO:0015205	0.638
O76269	GO:0032217	0.640
O76269	GO:0034257	0.360
O76343	GO:0005337	0.954
O76343	GO:0015205	0.713
O76343	GO:0015208	0.301
O76343	GO:0032217	0.635
O76343	GO:0034257	0.350
O96139	GO:0030145	0.306
O96161	GO:0005515	0.367
O96161	GO:0015035	0.384
O96161	GO:0051537	0.713
O96637	GO:0004998	0.778
O96637	GO:0005515	0.373
O96660	GO:0000978	0.516
O96660	GO:0001228	0.451
O96660	GO:0003700	0.448
O96660	GO:0005515	0.796
O96660	GO:0043565	0.417
O96660	GO:0140297	0.352
O96795	GO:0004581	0.369
O96795	GO:0004582	0.339
O97297	GO:0005515	0.460
P0DRE7	GO:0004867	0.311
P0DRG2	GO:0090729	0.406
P0DRG9	GO:0008191	0.453
P0DRH2	GO:0008191	0.488
P0DRH3	GO:0001664	0.364
P0DRH3	GO:0005184	0.535
P0DRH3	GO:0031841	0.733
P0DRH3	GO:0071855	0.628
P0DRH3	GO:0090729	0.331
P0DRH4	GO:0031841	0.666
P0DRH4	GO:0071855	0.651
P0DRH4	GO:0090729	0.723
P0DRH5	GO:0071855	0.465
P0DRH5	GO:0090729	0.434
P0DRH6	GO:0005184	0.546
P0DRH6	GO:0031841	0.355
P0DRH6	GO:0071855	0.811
P0DRH7	GO:0090729	0.931
P0DRH8	GO:0004867	0.834
P0DRH8	GO:0090729	0.306
P0DRH9	GO:0005158	0.313
P0DRH9	GO:0005515	0.348
P0DRI0	GO:0005158	0.610
P0DRI1	GO:0005158	0.624
P0DRI2	GO:0005158	0.461
P0DRI2	GO:0005515	0.334
P0DRI3	GO:0090729	0.372
P0DRI4	GO:0019871	0.979
P0DRI4	GO:0090729	0.986
P0DRI5	GO:0005515	0.937
P0DRI6	GO:0005184	0.370
P0DRI6	GO:0005515	0.323
P0DRI7	GO:0005515	0.328
P0DRI7	GO:0030550	0.397
P0DRI7	GO:0090729	0.745
P0DRI8	GO:0004867	0.495
P0DRI8	GO:0008061	0.472
P0DRI8	GO:0019855	0.334
P0DRI9	GO:0019855	0.665
P0DRJ9	GO:0008191	0.700
P0DRK0	GO:0008191	0.454
P0DRK1	GO:0008191	0.744
P0DRK1	GO:0090729	0.308
P0DRK2	GO:0090729	0.315
P0DRK3	GO:0090729	0.416
P0DRK5	GO:0005515	0.301
P0DRK5	GO:0008191	0.699
P0DRK6	GO:0008191	0.598
P0DRK7	GO:0005515	0.324
P0DRK7	GO:0008191	0.588
P0DRK8	GO:0005515	0.343
P0DRK8	GO:0008191	0.548
P0DRL1	GO:0019855	0.304
P0DRL1	GO:0030550	0.399
P0DRL1	GO:0090729	0.950
P0DRL2	GO:0090729	0.648
P0DRL3	GO:0090729	0.761
P0DRL4	GO:0030550	0.695
P0DRL4	GO:0090729	0.754
P0DRL5	GO:0019870	0.442
P0DRL5	GO:0019871	0.378
P0DRL5	GO:0090729	0.938
P0DRL6	GO:0008200	0.301
P0DRL6	GO:0019870	0.883
P0DRL6	GO:0019871	0.594
P0DRL6	GO:0019958	0.391
P0DRL6	GO:0090729	0.926
P0DRL7	GO:0019870	0.768
P0DRL7	GO:0090729	0.938
P0DRL8	GO:0019855	0.303
P0DRL8	GO:0019870	0.826
P0DRL8	GO:0019871	0.379
P0DRL8	GO:0090729	0.922
P0DRL9	GO:0019870	0.495
P0DRL9	GO:0090729	0.953
P0DRM0	GO:0008200	0.406
P0DRM0	GO:0017080	0.483
P0DRM0	GO:0019855	0.603
P0DRM0	GO:0019870	0.684
P0DRM0	GO:0019871	0.940
P0DRM0	GO:0090729	0.971
P0DRM1	GO:0004867	0.321
P0DRM1	GO:0019855	0.672
P0DRM1	GO:0019870	0.415
P0DRM1	GO:0090729	0.886
P0DRM2	GO:0004867	0.692
P0DRM2	GO:0019855	0.302
P0DRM2	GO:0019871	0.581
P0DRM2	GO:0031731	0.529
P0DRM2	GO:0090729	0.672
P0DRM4	GO:0047498	0.482
P0DXG5	GO:0003677	0.448
P0DXG5	GO:0003700	0.537
P0DXG6	GO:0010181	0.732
P0DXG6	GO:0140616	0.410
P0DXG7	GO:0005506	0.455
P0DXG7	GO:0005507	0.313
P0DXG7	GO:0005515	0.335
P0DXG7	GO:0008270	0.317
P0DXG7	GO:0042802	0.370
P0DXG7	GO:0046872	0.406
P0DXG8	GO:0005515	0.340
P0DXG8	GO:0016887	0.418
P0DXI7	GO:0005515	0.404
P0DXI9	GO:0005515	0.854
P0DXJ1	GO:0004022	0.730
P0DXJ1	GO:0045551	0.746
P0DXJ1	GO:0047920	0.310
P0DXJ2	GO:0004497	0.442
P0DXJ2	GO:0016712	0.436
P0DXJ3	GO:0004022	0.792
P0DXJ3	GO:0005507	0.339
P0DXJ3	GO:0019841	0.303
P0DXJ3	GO:0035276	0.322
P0DXJ3	GO:0045551	0.991
P0DXJ4	GO:0016298	0.321
P0DXJ4	GO:0016788	0.488
P0DXJ4	GO:0050525	0.346
P0DXJ5	GO:0016298	0.322
P0DXJ5	GO:0016788	0.333
P0DXJ5	GO:0050525	0.803
P0DXK0	GO:0005515	0.914
P0DXK1	GO:0005515	0.911
P0DXK2	GO:0005515	0.883
P0DXK3	GO:0005515	0.907
P0DXN8	GO:0005515	0.612
P0DXN9	GO:0005515	0.820
P0DXN9	GO:1990846	0.305
P0DXO0	GO:0005515	0.887
P0DXO1	GO:0005515	0.909
P0DXO2	GO:0005515	0.374
P0DXO3	GO:0005515	0.374
P0DXO4	GO:0005515	0.701
P0DXO5	GO:0005515	0.820
P0DXO6	GO:0005515	0.788
P0DXO7	GO:0005515	0.783
P0DXO8	GO:0005515	0.924
P0DXU4	GO:0015562	0.686
P0DXU5	GO:0005515	0.348
P0DXU5	GO:0005524	0.363
P0DXU5	GO:0016887	0.326
P0DXU6	GO:0015489	0.360
P0DXU6	GO:0015562	0.488
P0DXU7	GO:0016887	0.399
P0DXU8	GO:0005515	0.375
P0DXU8	GO:0015489	0.401
P0DXU8	GO:0015562	0.703
P0DXU9	GO:0008398	0.986
P0DXV0	GO:0008398	0.986
P0DXV1	GO:0008168	0.726
P0DXV1	GO:0008170	0.774
P0DXV1	GO:0008171	0.658
P0DXV1	GO:0008757	0.619
P0DXV1	GO:0009975	0.519
P0DXV1	GO:0102168	0.324
P0DXV2	GO:0008168	0.704
P0DXV2	GO:0008170	0.766
P0DXV2	GO:0008171	0.717
P0DXV2	GO:0008757	0.649
P0DXV2	GO:0009975	0.549
P0DXV2	GO:0102168	0.316
P0DXV3	GO:1904091	0.833
P0DXV4	GO:1904091	0.807
P0DXV5	GO:0004497	0.875
P0DXV5	GO:0004499	0.666
P0DXV5	GO:0016218	0.624
P0DXV5	GO:0016491	0.448
P0DXV6	GO:0004497	0.812
P0DXV6	GO:0004499	0.469
P0DXV6	GO:0016218	0.598
P0DXV6	GO:0016491	0.360
P0DXV7	GO:0016218	0.986
P0DXV7	GO:1904091	0.374
P0DXV8	GO:0016218	0.990
P0DXV8	GO:0016491	0.426
P0DXV8	GO:1904091	0.598
P0DXV9	GO:0016218	0.874
P0DXV9	GO:0016491	0.399
P0DXW0	GO:0016218	0.572
P0DXW1	GO:0004659	0.420
P0DXW1	GO:0016218	0.476
P0DXW2	GO:0016218	0.623
P0DXW2	GO:0016491	0.652
P0DXW2	GO:0016616	0.317
P0DXW2	GO:0016646	0.322
P0DXW4	GO:0019855	0.435
P0DXW4	GO:0030550	0.655
P0DXW4	GO:0090729	0.981
P0DXW5	GO:0004867	0.579
P0DXW6	GO:0090729	0.708
P0DXW7	GO:0019855	0.559
P0DXW7	GO:0019870	0.349
P0DXW7	GO:0030550	0.384
P0DXW7	GO:0090729	0.924
P0DXW8	GO:0019870	0.389
P0DXW8	GO:0030550	0.432
P0DXW8	GO:0090729	0.963
P0DXW9	GO:0090729	0.492
P0DXX0	GO:0004867	0.679
P0DXX0	GO:0019958	0.643
P0DXX1	GO:0022829	0.313
P0DXX1	GO:0090729	0.408
P0DXX2	GO:0022829	0.401
P0DXX2	GO:0090729	0.300
P0DXX2	GO:0140911	0.516
P0DXX3	GO:0022829	0.375
P0DXX3	GO:0140911	0.515
P0DXX4	GO:0000976	0.622
P0DXX4	GO:0001217	0.446
P0DXX4	GO:0003677	0.473
P0DXX4	GO:0005515	0.617
P0DXX4	GO:0097351	0.585
P0DXX5	GO:0003681	0.576
P0DXX5	GO:0005515	0.613
P0DXX5	GO:0008080	0.671
P0DXX5	GO:0008999	0.378
P0DXX5	GO:0016407	0.736
P0DXX5	GO:0061733	0.812
P0DXX6	GO:0005515	0.865
P0DXX7	GO:0005515	0.750
P0DXX7	GO:0042802	0.319
P0DXX8	GO:0003678	0.309
P0DXX8	GO:0003724	0.314
P0DXX8	GO:0005515	0.704
P0DXX8	GO:0043138	0.373
P0DXX9	GO:0005515	0.382
P0DXY0	GO:0005515	0.833
P0DXY1	GO:0050660	0.372
P0DXY1	GO:0071949	0.373
P0DXY2	GO:0005515	0.595
P0DXY3	GO:0000257	0.973
P0DXY3	GO:0080061	0.824
P0DXY3	GO:0080109	0.916
P0DXY4	GO:0005515	0.463
P0DXY5	GO:0005515	0.625
P0DXY6	GO:0005515	0.633
P0DXY8	GO:0004462	0.471
P0DXZ0	GO:0004022	0.311
P0DXZ0	GO:0051903	0.323
P0DXZ3	GO:0003700	0.485
P0DXZ3	GO:0005515	0.387
P0DXZ4	GO:0090729	0.766
P0DXZ5	GO:0019855	0.326
P0DXZ5	GO:0019870	0.474
P0DXZ5	GO:0030550	0.481
P0DXZ5	GO:0090729	0.959
P0DXZ6	GO:0004623	0.660
P0DXZ6	GO:0047498	0.844
P0DXZ7	GO:0008191	0.390
P0DXZ8	GO:0031841	0.702
P0DXZ8	GO:0090729	0.644
P0DXZ9	GO:0005179	0.378
P0DXZ9	GO:0005515	0.329
P0DXZ9	GO:0031704	0.885
P0DY01	GO:0071855	0.547
P0DY01	GO:0090729	0.517
P0DY02	GO:0008289	0.320
P0DY02	GO:0090729	0.506
P0DY04	GO:0005515	0.360
P0DY05	GO:0008761	0.347
P0DY06	GO:0047444	0.787
P0DY08	GO:0004397	0.444
P0DY11	GO:0000034	0.386
P0DY11	GO:0016812	0.568
P0DY12	GO:0030145	0.310
P0DY12	GO:0047652	0.384
P0DY12	GO:0070006	0.551
P0DY13	GO:0005515	0.734
P0DY14	GO:0015067	0.393
P0DY14	GO:0015068	0.437
P0DY14	GO:0016403	0.452
P0DY15	GO:0005515	0.571
P0DY15	GO:0008289	0.669
P0DY16	GO:0031841	0.553
P0DY16	GO:0090729	0.643
P0DY17	GO:0008289	0.351
P0DY17	GO:0090729	0.734
P0DY19	GO:0005158	0.439
P0DY20	GO:0005515	0.317
P0DY21	GO:0004867	0.631
P0DY21	GO:0090729	0.365
P0DY22	GO:0016218	0.768
P0DY22	GO:0016491	0.506
P0DY22	GO:0046572	0.313
P0DY23	GO:0000247	0.828
P0DY23	GO:0004659	0.425
P0DY23	GO:0047793	0.389
P0DY24	GO:0004867	0.468
P0DY24	GO:0008147	0.470
P0DY24	GO:0090729	0.679
P0DY25	GO:0004867	0.490
P0DY25	GO:0019855	0.318
P0DY25	GO:0090729	0.914
P0DY26	GO:0005515	0.453
P0DY27	GO:0005515	0.469
P0DY31	GO:0004825	0.340
P0DY31	GO:0004832	0.612
P0DY32	GO:0004321	0.454
P0DY32	GO:0016874	0.549
P0DY32	GO:0016878	0.853
P0DY32	GO:0018860	0.418
P0DY33	GO:0004060	0.689
P0DY33	GO:0008080	0.478
P0DY33	GO:0016746	0.667
P0DY33	GO:0016747	0.782
P0DY33	GO:0034069	0.919
P0DY33	GO:0047617	0.373
P0DY33	GO:0061579	0.378
P0DY34	GO:0008168	0.694
P0DY34	GO:0008757	0.325
P0DY35	GO:0016491	0.327
P0DY36	GO:0000036	0.334
P0DY36	GO:0005515	0.325
P0DY37	GO:0004034	0.815
P0DY38	GO:0019871	0.438
P0DY38	GO:0030550	0.493
P0DY38	GO:0090729	0.944
P0DY40	GO:0004867	0.734
P0DY41	GO:0004867	0.473
P0DY42	GO:0004623	0.762
P0DY42	GO:0047498	0.857
P0DY42	GO:0090729	0.469
P0DY43	GO:0019855	0.388
P0DY43	GO:0090729	0.856
P0DY45	GO:0004059	0.416
P0DY45	GO:0005515	0.427
P0DY45	GO:0016747	0.474
P0DY47	GO:0000036	0.712
P0DY47	GO:0005515	0.367
P0DY48	GO:0004321	0.352
P0DY48	GO:0004467	0.306
P0DY48	GO:0016874	0.625
P0DY48	GO:0016878	0.569
P0DY49	GO:0005506	0.644
P0DY49	GO:0016863	0.314
P0DY50	GO:0004106	0.330
P0DY50	GO:0016831	0.632
P0DY50	GO:0030170	0.611
P0DY51	GO:0120536	0.504
P0DY52	GO:0004124	0.342
P0DY52	GO:0008483	0.574
P0DY52	GO:0030170	0.823
P0DY53	GO:0005506	0.516
P0DY53	GO:0016216	0.404
P0DY53	GO:0016702	0.734
P0DY53	GO:0106343	0.454
P0DY54	GO:0009975	0.469
P0DY54	GO:0016218	0.707
P0DY54	GO:0016853	0.337
P0DY57	GO:0005515	0.928
P0DY58	GO:0005515	0.914
P0DY62	GO:0009975	0.610
P0DY62	GO:0016218	0.509
P0DY62	GO:0016853	0.376
P0DY81	GO:0019010	0.348
P0DY82	GO:0008168	0.645
P0DY82	GO:0008170	0.334
P0DY82	GO:0019010	0.842
P0DY83	GO:0004984	0.483
P0DY83	GO:0099094	0.437
P0DY83	GO:0170020	0.857
P0DY89	GO:0005515	0.610
P0DY90	GO:0003735	0.306
P0DY90	GO:0005515	0.524
P0DY99	GO:0004867	0.932
P0DYA9	GO:0004867	0.328
P0DYA9	GO:0019870	0.769
P0DYA9	GO:0090729	0.862
P0DYB0	GO:0030550	0.461
P0DYB0	GO:0090729	0.890
P0DYB1	GO:0019855	0.352
P0DYB1	GO:0019870	0.307
P0DYB1	GO:0090729	0.752
P0DYB2	GO:0019870	0.463
P0DYB2	GO:0030550	0.725
P0DYB2	GO:0090729	0.959
P0DYB3	GO:0031704	0.704
P0DYB3	GO:0090729	0.630
P0DYB4	GO:0030550	0.473
P0DYB4	GO:0090729	0.886
P71888	GO:0003700	0.357
P71888	GO:0005515	0.512
P72798	GO:0005515	0.680
P73010	GO:0005515	0.595
P73010	GO:0008320	0.680
P73010	GO:0009977	0.486
P73435	GO:0005515	0.713
P73435	GO:0008320	0.518
P74174	GO:0005515	0.486
P74174	GO:0009055	0.846
P79072	GO:0050525	0.329
P79922	GO:0003682	0.376
P79922	GO:0003886	0.983
P79922	GO:0005515	0.678
P79922	GO:0008168	0.780
P79922	GO:0008327	0.392
P79922	GO:0009008	0.705
P79922	GO:0042054	0.505
P79922	GO:0042393	0.673
P79922	GO:0044729	0.347
P79922	GO:0046974	0.485
P79922	GO:0046976	0.336
P79922	GO:0051718	0.454
P79922	GO:0051719	0.302
P79922	GO:0140938	0.485
P96857	GO:0003700	0.584
P96857	GO:0005515	0.301
P9WEE5	GO:0005515	0.754
P9WEE7	GO:0010333	0.437
P9WEE7	GO:0010334	0.501
P9WEE8	GO:0004497	0.917
P9WEE8	GO:0016218	0.863
P9WEE8	GO:0016491	0.661
P9WEE9	GO:0004497	0.776
P9WEE9	GO:0016218	0.929
P9WEE9	GO:0016491	0.530
P9WEF0	GO:0120204	0.311
P9WEF1	GO:0004497	0.867
P9WEF1	GO:0016218	0.829
P9WEF1	GO:0016491	0.518
P9WEF3	GO:0016491	0.578
P9WEF4	GO:0004497	0.782
P9WEF8	GO:0016218	0.328
P9WEF8	GO:0016491	0.631
P9WEF8	GO:0016616	0.401
P9WEF9	GO:0000978	0.478
P9WEF9	GO:0003700	0.593
P9WEF9	GO:0043565	0.554
P9WEG0	GO:0004497	0.928
P9WEG0	GO:0016218	0.724
P9WEG0	GO:0016491	0.564
P9WEG1	GO:0016218	0.981
P9WEG2	GO:0016218	0.667
P9WEG2	GO:0016491	0.448
P9WEG3	GO:0004161	0.426
P9WEG3	GO:0004659	0.981
P9WEG4	GO:0008168	0.627
P9WEG4	GO:0008171	0.691
P9WEG4	GO:0008757	0.403
P9WEG4	GO:0016218	0.937
P9WEG4	GO:0047145	0.376
P9WEG5	GO:0004497	0.736
P9WEG5	GO:0016218	0.874
P9WEG5	GO:0016491	0.591
P9WEG6	GO:0016218	0.748
P9WEG6	GO:0016491	0.656
P9WEG6	GO:0016646	0.375
P9WEG7	GO:0016218	0.455
P9WEJ2	GO:0005515	0.625
P9WEJ3	GO:0005515	0.742
P9WEJ4	GO:0005515	0.522
P9WEJ4	GO:0017176	0.435
P9WEJ5	GO:0005515	0.706
P9WEJ6	GO:0005515	0.537
Q00368	GO:0005515	0.386
Q01491	GO:0003729	0.640
Q01491	GO:0005515	0.338
Q01491	GO:0030619	0.353
Q01491	GO:0030621	0.309
Q01910	GO:0005515	0.383
Q04230	GO:0005515	0.307
Q05AL8	GO:0000978	0.390
Q05AL8	GO:0001228	0.466
Q05AL8	GO:0003700	0.314
Q05AL8	GO:0005515	0.804
Q06K53	GO:0004167	0.771
Q06K53	GO:0106417	0.644
Q06K97	GO:0004167	0.752
Q06K97	GO:0106417	0.761
Q080S8	GO:0050660	0.329
Q080S8	GO:0071949	0.493
Q08CD9	GO:0005515	0.939
Q0CPG6	GO:0004497	0.748
Q0CPG6	GO:0016218	0.963
Q0CPG6	GO:0016491	0.572
Q0CPG7	GO:0004497	0.906
Q0CPG7	GO:0016218	0.622
Q0CPG7	GO:0016491	0.543
Q0CPG8	GO:0010333	0.386
Q0CPG8	GO:0045482	0.340
Q0CPG9	GO:0004160	0.956
Q0E8F2	GO:0005315	0.400
Q0E8F2	GO:0005509	0.366
Q0E8F2	GO:0140987	0.368
Q0KKA0	GO:0005199	0.960
Q0R411	GO:0008061	0.830
Q0S4Q9	GO:0047571	0.559
Q0S4Q9	GO:0050660	0.625
Q0S4Q9	GO:0071949	0.348
Q0URD7	GO:0000978	0.624
Q0URD7	GO:0000981	0.649
Q0URD7	GO:0001228	0.500
Q0URD7	GO:0003700	0.638
Q0URD7	GO:0005515	0.449
Q0URD7	GO:0043565	0.537
Q0UTF0	GO:0000978	0.529
Q0UTF0	GO:0000981	0.375
Q0UTF0	GO:0001228	0.479
Q0UTF0	GO:0003700	0.573
Q0UTF0	GO:0005515	0.457
Q0UTF0	GO:0043565	0.569
Q10GJ1	GO:0004842	0.653
Q10GJ1	GO:0005515	0.324
Q10GJ1	GO:0061630	0.574
Q177W0	GO:0004867	0.677
Q17NR1	GO:0005515	0.302
Q17NR1	GO:0008289	0.401
Q1D148	GO:0005515	0.535
Q1D148	GO:0016887	0.360
Q1I187	GO:0005515	0.314
Q1M0Y5	GO:0016209	0.332
Q1PA41	GO:0005515	0.350
Q22A67	GO:0003777	0.829
Q22A67	GO:0005515	0.653
Q22A67	GO:0008569	0.839
Q22HI5	GO:0005515	0.680
Q22MS1	GO:0005515	0.675
Q22MV2	GO:0005515	0.664
Q22R86	GO:0005515	0.804
Q22YU3	GO:0005515	0.663
Q23421	GO:0005515	0.769
Q23421	GO:0140490	0.618
Q239Y2	GO:0005509	0.321
Q239Y2	GO:0005515	0.634
Q23FU1	GO:0005515	0.755
Q240X9	GO:0003756	0.622
Q240X9	GO:0005515	0.301
Q240X9	GO:0008379	0.571
Q240X9	GO:0015035	0.847
Q240X9	GO:0015038	0.664
Q240X9	GO:0019153	0.424
Q24468	GO:0004674	0.317
Q24468	GO:0004713	0.418
Q24468	GO:0005515	0.510
Q24468	GO:0036122	0.458
Q24468	GO:0098821	0.502
Q24CE5	GO:0005515	0.725
Q24DI9	GO:0005515	0.719
Q25825	GO:0005515	0.365
Q26994	GO:0003755	0.987
Q26994	GO:0005515	0.440
Q2FXF4	GO:0003796	0.510
Q2FXP4	GO:0005515	0.902
Q2GPS4	GO:0016218	0.500
Q2GPS5	GO:0016218	0.810
Q2GPS5	GO:0016491	0.652
Q2GPS6	GO:0004497	0.342
Q2GPS6	GO:0016218	0.925
Q2GPS6	GO:0016491	0.328
Q2GPS6	GO:0045462	0.744
Q2GPS7	GO:0016218	0.985
Q2GPS8	GO:0001216	0.307
Q2GPS8	GO:0003700	0.310
Q2GPS9	GO:0004322	0.349
Q2GPS9	GO:0016218	0.666
Q2GPS9	GO:0016491	0.386
Q2GPS9	GO:0016682	0.312
Q2GPS9	GO:0052716	0.827
Q2GPT0	GO:0016844	0.360
Q2GPT1	GO:0016218	0.902
Q2GPT1	GO:0016491	0.461
Q2GPT2	GO:0016218	0.958
Q2GPT2	GO:0016491	0.484
Q2GPT2	GO:0016836	0.335
Q2GPT2	GO:0036382	0.394
Q2GPT2	GO:0045462	0.419
Q2GPT3	GO:0016218	0.419
Q2GPT3	GO:0140907	0.553
Q2GPT4	GO:0016218	0.797
Q2GPT5	GO:0015137	0.343
Q2GPT6	GO:0016218	0.964
Q2GPT6	GO:0016491	0.471
Q2GPT6	GO:0045462	0.548
Q2GPT8	GO:0000297	0.595
Q2HYY9	GO:0019855	0.609
Q2HYY9	GO:0090729	0.634
Q2MG95	GO:0005515	0.696
Q2PAY2	GO:0004672	0.325
Q2PAY2	GO:0004674	0.428
Q2PAY3	GO:0004674	0.317
Q2PAY3	GO:0005515	0.453
Q2RBS5	GO:0004362	0.461
Q2RBS5	GO:0016491	0.303
Q2RW95	GO:0051539	0.336
Q2RW96	GO:0005515	0.393
Q2RW98	GO:0005515	0.457
Q2RW98	GO:0090560	0.396
Q2TR58	GO:0008800	0.447
Q2TXQ1	GO:0008168	0.523
Q2TXQ1	GO:0008171	0.807
Q2TXQ1	GO:0016218	0.858
Q2TXQ1	GO:0047145	0.367
Q2TXQ1	GO:0047146	0.378
Q2TXQ9	GO:0008171	0.533
Q2TXQ9	GO:0016218	0.307
Q2YRP4	GO:0000976	0.467
Q2YRP4	GO:0001216	0.767
Q2YRP4	GO:0003677	0.371
Q2YRP4	GO:0003700	0.409
Q31P89	GO:0005515	0.694
Q381V1	GO:0005515	0.715
Q381X9	GO:0000287	0.402
Q381X9	GO:0005524	0.423
Q384J7	GO:0004672	0.502
Q384J7	GO:0004674	0.799
Q384J7	GO:0005515	0.650
Q386F1	GO:0005337	0.936
Q386F1	GO:0032217	0.600
Q386M3	GO:0005515	0.735
Q386M3	GO:0008017	0.325
Q388V7	GO:0004827	0.578
Q388V7	GO:0043906	0.393
Q389T1	GO:0005515	0.473
Q38CB5	GO:0002161	0.524
Q3HS86	GO:0005199	0.767
Q3HS86	GO:0005515	0.300
Q3J189	GO:0005515	0.331
Q3J189	GO:0020037	0.456
Q3Y316	GO:0051287	0.392
Q47720	GO:0000287	0.328
Q47720	GO:0008716	0.612
Q4D9P2	GO:0008469	0.473
Q4D9P2	GO:0035241	0.511
Q4D9P2	GO:0042054	0.518
Q4FKP8	GO:0008168	0.499
Q4FKP8	GO:0008757	0.442
Q4FKP8	GO:1990276	0.352
Q4GYX7	GO:0005515	0.548
Q4GZF2	GO:0008469	0.365
Q4GZF2	GO:0035241	0.507
Q4GZF2	GO:0042054	0.460
Q4GZF6	GO:0005515	0.849
Q4J8R0	GO:0004106	0.379
Q4J8R1	GO:0043138	0.419
Q4J8R2	GO:0000703	0.435
Q4J8R2	GO:0003905	0.631
Q4J8R2	GO:0008725	0.499
Q4J8R2	GO:0019104	0.457
Q4J9A9	GO:0005515	0.510
Q4JAB6	GO:0005515	0.717
Q4JAB7	GO:0005515	0.591
Q4JAB7	GO:0005524	0.384
Q4JAB7	GO:0016887	0.576
Q4JC83	GO:0005515	0.376
Q4Q1M7	GO:0004615	0.996
Q4V835	GO:0005515	0.629
Q4V835	GO:0016887	0.493
Q4V835	GO:0140658	0.615
Q4W5H0	GO:0005515	0.684
Q4WE63	GO:0000978	0.320
Q4WE63	GO:0000981	0.455
Q4WE63	GO:0001228	0.302
Q4WE63	GO:0003700	0.623
Q4WE63	GO:0005515	0.435
Q4WE63	GO:0043565	0.462
Q4WEK0	GO:0005199	0.411
Q4WF00	GO:0008061	0.347
Q4WF00	GO:0008810	0.375
Q4WK40	GO:0000978	0.345
Q4WK40	GO:0003700	0.339
Q4WK40	GO:0043565	0.312
Q4WUQ8	GO:0005515	0.383
Q4WWM8	GO:0005085	0.304
Q4WWM8	GO:0005515	0.506
Q4WXF4	GO:0004372	0.989
Q4WXF4	GO:0030170	0.440
Q4WY69	GO:0000978	0.429
Q4WY69	GO:0000981	0.361
Q4WY69	GO:0003700	0.451
Q4WY69	GO:0043565	0.365
Q4WYQ4	GO:0000978	0.355
Q4WYQ4	GO:0000981	0.383
Q4WYQ4	GO:0003700	0.374
Q4WYQ4	GO:0043565	0.320
Q4WZV3	GO:0052706	0.536
Q53AM4	GO:0005515	0.494
Q53IN4	GO:0005515	0.335
Q54RB8	GO:0005515	0.392
Q54RB8	GO:0016722	0.515
Q54RB8	GO:0020037	0.364
Q54WU1	GO:0005515	0.403
Q54WU1	GO:0016722	0.569
Q55C03	GO:0005515	0.358
Q55C03	GO:0016722	0.577
Q55C03	GO:0020037	0.380
Q57V03	GO:0000287	0.320
Q57V03	GO:0003972	0.546
Q57V03	GO:0005524	0.315
Q57XN4	GO:0003746	0.310
Q57XN4	GO:0005515	0.340
Q57YA3	GO:0005515	0.525
Q57YJ0	GO:0005515	0.792
Q57YS8	GO:0004672	0.497
Q57YS8	GO:0004674	0.559
Q57YS8	GO:0005515	0.628
Q57YS8	GO:0008545	0.445
Q57Z31	GO:0005515	0.461
Q57ZI5	GO:0005515	0.812
Q57ZI5	GO:0008017	0.313
Q57ZK6	GO:0005515	0.774
Q581Z0	GO:0008469	0.375
Q581Z0	GO:0008757	0.325
Q581Z0	GO:0016279	0.312
Q581Z0	GO:0035241	0.456
Q581Z0	GO:0042054	0.540
Q582T2	GO:0003972	0.741
Q582T2	GO:0004651	0.502
Q583E0	GO:0004672	0.390
Q583E0	GO:0004709	0.317
Q583E0	GO:0005515	0.731
Q583R7	GO:0000287	0.316
Q583R7	GO:0034432	0.634
Q584I8	GO:0004672	0.498
Q584I8	GO:0004674	0.531
Q584I8	GO:0005515	0.685
Q584I8	GO:0008545	0.304
Q586F4	GO:0005515	0.660
Q58T34	GO:0000287	0.307
Q58T34	GO:0047341	0.702
Q58T34	GO:0050201	0.888
Q59S64	GO:0004672	0.765
Q59S64	GO:0004674	0.912
Q59S64	GO:0004713	0.376
Q59S64	GO:0005515	0.524
Q59TS6	GO:0000978	0.339
Q59TS6	GO:0043565	0.545
Q5A3L9	GO:0000978	0.355
Q5A3L9	GO:0001216	0.408
Q5A3L9	GO:0003700	0.404
Q5A3L9	GO:0043565	0.598
Q5A786	GO:0003779	0.530
Q5A786	GO:0003785	0.969
Q5A786	GO:0005515	0.783
Q5A786	GO:0005546	0.367
Q5A786	GO:0032037	0.503
Q5A786	GO:0070064	0.719
Q5AF55	GO:0001216	0.495
Q5AF55	GO:0003700	0.402
Q5AF55	GO:0043565	0.639
Q5AHE5	GO:0000030	0.455
Q5ALM0	GO:0004073	0.995
Q5ANG4	GO:0000978	0.572
Q5ANG4	GO:0000981	0.400
Q5ANG4	GO:0003700	0.341
Q5ANG4	GO:0043565	0.437
Q5ANI0	GO:0001216	0.633
Q5ANI0	GO:0003700	0.433
Q5ANI0	GO:0043565	0.622
Q5ASR7	GO:0000978	0.498
Q5ASR7	GO:0001228	0.310
Q5AUU3	GO:0005515	0.428
Q5AV79	GO:0016218	0.841
Q5AV79	GO:0016788	0.824
Q5AY37	GO:0016218	0.763
Q5AY37	GO:0016788	0.343
Q5AY37	GO:0047746	0.376
Q5AY39	GO:0016218	0.992
Q5AY39	GO:0016491	0.376
Q5AY39	GO:1904091	0.572
Q5AY40	GO:0003700	0.342
Q5BEU0	GO:0090729	0.561
Q5BEU0	GO:0140320	0.421
Q5CT41	GO:0005515	0.796
Q5CW91	GO:0005471	0.664
Q5D8X4	GO:0005515	0.568
Q5D8X4	GO:0140571	0.320
Q5EP34	GO:0005515	0.707
Q5F676	GO:0004175	0.340
Q5F676	GO:0005515	0.372
Q5F6V8	GO:0003678	0.546
Q5F6V8	GO:0005515	0.520
Q5F6V8	GO:0016887	0.341
Q5F6V8	GO:0033679	0.426
Q5F6V8	GO:0043138	0.910
Q5F9Y4	GO:0005515	0.595
Q5JE51	GO:0003735	0.895
Q5JEV0	GO:0003735	0.824
Q5JFE2	GO:0005515	0.638
Q5JFH3	GO:0005515	0.480
Q5JGN5	GO:0003735	0.947
Q5JIV0	GO:0005515	0.406
Q5JJG6	GO:0003735	0.671
Q5SC46	GO:0005515	0.664
Q5SC47	GO:0005515	0.732
Q5SC49	GO:0005515	0.821
Q5SC51	GO:0005515	0.434
Q5SC53	GO:0005515	0.649
Q5SC54	GO:0005515	0.633
Q5SC57	GO:0005515	0.862
Q5SZ93	GO:0005436	0.334
Q5SZ93	GO:0015143	0.558
Q5U2T9	GO:0003755	0.396
Q5U2T9	GO:0005515	0.884
Q5U2T9	GO:0005528	0.848
Q5U2T9	GO:0031072	0.311
Q5U3T5	GO:0000978	0.387
Q5U3T5	GO:0001228	0.449
Q5U3T5	GO:0005515	0.819
Q63PD0	GO:0005515	0.728
Q63YU2	GO:0005515	0.417
Q63ZW6	GO:0005201	0.764
Q63ZW6	GO:0005515	0.766
Q63ZW6	GO:0008201	0.305
Q63ZW6	GO:0030020	0.925
Q63ZW6	GO:0048407	0.446
Q64845	GO:0005515	0.915
Q66ID3	GO:0003723	0.385
Q66ID3	GO:0005515	0.511
Q66ID3	GO:0070042	0.900
Q6CVH2	GO:0005515	0.871
Q6CVH2	GO:0030337	0.723
Q6FKR3	GO:0000978	0.430
Q6FKR3	GO:0000981	0.441
Q6FKR3	GO:0001228	0.376
Q6FKR3	GO:0003700	0.308
Q6FKR3	GO:0005515	0.530
Q6FKR3	GO:0043565	0.365
Q6FNA9	GO:0003919	0.737
Q6I6C7	GO:0003796	0.920
Q6I6C7	GO:0005515	0.311
Q6I6C7	GO:0008932	0.730
Q6I6C7	GO:0008933	0.771
Q6LX38	GO:0005515	0.743
Q6LXX7	GO:0005515	0.359
Q6LXX7	GO:0042802	0.304
Q6LZC0	GO:0005515	0.704
Q6LZM3	GO:0005515	0.630
Q6LZM4	GO:0005515	0.700
Q6M0N3	GO:0005515	0.752
Q6M0N4	GO:0005515	0.539
Q6M0N7	GO:0005515	0.677
Q6MWX1	GO:0005515	0.577
Q6MWX1	GO:0015155	0.785
Q6MWX1	GO:0015254	0.460
Q6MWX1	GO:0015267	0.409
Q6MWX1	GO:0015574	0.508
Q6NKR8	GO:0005515	0.815
Q6NSQ3	GO:0005515	0.802
Q6PHP4	GO:0005515	0.747
Q6TDU5	GO:0005515	0.650
Q6TDU5	GO:0016887	0.353
Q6TDU5	GO:0043139	0.363
Q6UXT6	GO:0004984	0.938
Q6UXT6	GO:0005515	0.370
Q6UXT6	GO:0005549	0.344
Q6XEC0	GO:0008800	0.569
Q6ZI01	GO:0005515	0.701
Q70KH6	GO:0004497	0.633
Q70KH6	GO:0005506	0.350
Q70KH6	GO:0009975	0.788
Q70KH6	GO:0016218	0.792
Q70KH6	GO:0016491	0.690
Q70KH6	GO:0016712	0.303
Q70KH6	GO:0016713	0.514
Q70KH6	GO:0020037	0.744
Q70KH6	GO:0031073	0.513
Q70KH6	GO:0036199	0.438
Q70KH6	GO:0070025	0.457
Q716G6	GO:0005515	0.816
Q716G6	GO:0042802	0.335
Q75LV6	GO:0004842	0.602
Q75LV6	GO:0005515	0.591
Q75LV6	GO:0061630	0.701
Q7CYC6	GO:0005515	0.836
Q7CYK9	GO:0005515	0.706
Q7DDD9	GO:0000976	0.437
Q7DDD9	GO:0001217	0.540
Q7DDD9	GO:0003677	0.461
Q7DDD9	GO:0005515	0.333
Q7K003	GO:0005515	0.839
Q7KN92	GO:0003831	0.583
Q7KN92	GO:0003945	0.426
Q7KN92	GO:0008378	0.380
Q7KN92	GO:0008455	0.517
Q7KN92	GO:0030145	0.430
Q7KN92	GO:0033842	0.420
Q7LXJ7	GO:0005515	0.535
Q7PPZ8	GO:0004252	0.548
Q7PRX9	GO:0004867	0.651
Q7PRX9	GO:0019958	0.594
Q7Q5J5	GO:0005515	0.617
Q7Q5J5	GO:0030246	0.312
Q7Q5J5	GO:0042802	0.353
Q7Q5J5	GO:0046871	0.385
Q7Q5J5	GO:0070492	0.354
Q7YXK5	GO:0019855	0.465
Q7YXK5	GO:0090729	0.530
Q7Z9L4	GO:0005199	0.728
Q7ZW18	GO:0005388	0.958
Q7ZW18	GO:0005391	0.474
Q7ZW18	GO:0005515	0.637
Q7ZW18	GO:0015085	0.407
Q7ZW18	GO:0030899	0.504
Q814Z4	GO:0008483	0.593
Q814Z4	GO:0030170	0.715
Q814Z4	GO:0080146	0.358
Q814Z5	GO:0000287	0.389
Q814Z5	GO:0004638	0.396
Q820A8	GO:0004672	0.349
Q820A8	GO:0005515	0.741
Q82ZE0	GO:0004722	0.917
Q82ZE0	GO:0005515	0.800
Q834T0	GO:0005515	0.919
Q836G2	GO:0005515	0.947
Q836G2	GO:0042802	0.497
Q83XP3	GO:0016757	0.311
Q83XP3	GO:0016758	0.509
Q83XP3	GO:0016881	0.368
Q86PT9	GO:0005549	0.467
Q86PT9	GO:0016209	0.559
Q8CWM9	GO:0005515	0.715
Q8CWM9	GO:0016887	0.543
Q8CWM9	GO:0043138	0.338
Q8CWM9	GO:0043139	0.518
Q8CWM9	GO:0061749	0.356
Q8CWN0	GO:0005515	0.666
Q8GY45	GO:0005515	0.597
Q8I266	GO:0004252	0.421
Q8I266	GO:0004383	0.585
Q8I266	GO:0008236	0.359
Q8I299	GO:0005515	0.406
Q8I397	GO:0005515	0.346
Q8I3M7	GO:0030552	0.355
Q8I415	GO:0005515	0.377
Q8I465	GO:0000146	0.771
Q8I465	GO:0003774	0.304
Q8I465	GO:0005515	0.480
Q8I465	GO:0051015	0.583
Q8I5Q6	GO:0004602	0.595
Q8I5Q6	GO:0008379	0.988
Q8I5Q6	GO:0051920	0.670
Q8I5Q6	GO:0140824	0.658
Q8IAM2	GO:0004602	0.607
Q8IAM2	GO:0008379	0.912
Q8IAM2	GO:0051920	0.508
Q8IAM2	GO:0140824	0.489
Q8II12	GO:0005515	0.501
Q8II87	GO:0008526	0.803
Q8III1	GO:0005515	0.614
Q8IJ32	GO:0003924	0.702
Q8IJ32	GO:0005515	0.692
Q8IJ32	GO:0005525	0.363
Q8IJ32	GO:1990606	0.448
Q8IJK2	GO:0005515	0.749
Q8IJM5	GO:0004615	0.996
Q8IK85	GO:0005515	0.370
Q8IKT4	GO:0005506	0.334
Q8IKT4	GO:0005515	0.334
Q8IKT4	GO:0051537	0.435
Q8IL48	GO:0005515	0.407
Q8IL48	GO:0043906	0.425
Q8IL80	GO:0004602	0.369
Q8IL80	GO:0005515	0.377
Q8IL80	GO:0008379	0.981
Q8IL80	GO:0051920	0.783
Q8IL80	GO:0140824	0.688
Q8ILY1	GO:0003678	0.691
Q8ILY1	GO:0061749	0.304
Q8KN66	GO:0003978	0.368
Q8KN66	GO:0008460	0.326
Q8L443	GO:0005515	0.603
Q8MVC4	GO:0004867	0.461
Q8MXG1	GO:0005515	0.572
Q8QV65	GO:0005515	0.433
Q8QV69	GO:0005515	0.771
Q8SBJ2	GO:0005515	0.314
Q8SBJ2	GO:0016799	0.848
Q8SYK4	GO:0005515	0.950
Q8TZM6	GO:0005515	0.610
Q8U0T4	GO:0003735	0.924
Q8U0V2	GO:0009055	0.309
Q8U3B0	GO:0005515	0.434
Q8U594	GO:0005515	0.809
Q8U5I9	GO:0005515	0.654
Q8UET8	GO:0005515	0.712
Q8VEZ1	GO:0004984	0.911
Q8VEZ1	GO:0005515	0.475
Q8W570	GO:0005515	0.834
Q8XAN6	GO:0004842	0.579
Q8XAN6	GO:0005515	0.827
Q8XAN6	GO:0061630	0.564
Q8ZL97	GO:0000976	0.579
Q8ZL97	GO:0001217	0.419
Q8ZL97	GO:0003677	0.333
Q8ZL97	GO:0005515	0.659
Q8ZL97	GO:0015643	0.334
Q8ZL97	GO:0097351	0.782
Q8ZL98	GO:0004521	0.355
Q8ZL98	GO:0005515	0.681
Q8ZL98	GO:0008080	0.496
Q8ZL98	GO:0008821	0.363
Q8ZL98	GO:0008999	0.509
Q8ZL98	GO:0016407	0.648
Q8ZL98	GO:0061733	0.815
Q8ZL98	GO:1990189	0.364
Q8ZR64	GO:0005515	0.371
Q8ZR64	GO:0071111	0.595
Q92234	GO:0032934	0.379
Q92234	GO:0046910	0.344
Q92PZ7	GO:0000976	0.516
Q92PZ7	GO:0001216	0.779
Q92PZ7	GO:0003677	0.389
Q92PZ7	GO:0003700	0.434
Q92ZP7	GO:0036382	0.749
Q92ZP7	GO:0052874	0.483
Q92ZP8	GO:0050660	0.386
Q92ZP8	GO:0051537	0.302
Q92ZP9	GO:0004497	0.544
Q92ZP9	GO:0016491	0.405
Q92ZP9	GO:0036200	0.540
Q92ZP9	GO:0047086	0.791
Q95ZD7	GO:0004615	0.996
Q963F7	GO:0004167	0.948
Q963F7	GO:0005126	0.356
Q963F7	GO:0005507	0.359
Q963F7	GO:0005515	0.345
Q963F7	GO:0033981	0.557
Q963F7	GO:0042802	0.310
Q963F7	GO:0050178	0.864
Q97Z82	GO:0005515	0.606
Q97ZH4	GO:0003735	0.966
Q97ZJ8	GO:0005515	0.319
Q97ZK4	GO:0005515	0.649
Q97ZR1	GO:0005515	0.605
Q980F7	GO:0003735	0.900
Q980J6	GO:0005515	0.557
Q980V0	GO:0005515	0.586
Q98500	GO:0004651	0.714
Q98500	GO:0005515	0.328
Q98500	GO:0099122	0.335
Q988D3	GO:0016218	0.473
Q988D3	GO:0140907	0.739
Q98TY6	GO:0005515	0.887
Q99YA0	GO:0005515	0.408
Q9AYZ3	GO:0005515	0.828
Q9BIM7	GO:0005515	0.387
Q9BJ36	GO:0005471	0.641
Q9C2X0	GO:0005199	0.836
Q9C2X0	GO:0008061	0.690
Q9C2X0	GO:0019863	0.414
Q9C2X0	GO:0030248	0.682
Q9C2X0	GO:0045735	0.398
Q9C7T1	GO:0005515	0.561
Q9CZP3	GO:0005515	0.880
Q9D5B7	GO:0005515	0.905
Q9DAE2	GO:0003697	0.303
Q9DAE2	GO:0003723	0.743
Q9DAE2	GO:0003729	0.413
Q9DAE2	GO:0005515	0.765
Q9DQA5	GO:0005515	0.822
Q9F7D7	GO:0008126	0.481
Q9F7D7	GO:0016787	0.386
Q9F7D7	GO:0034338	0.666
Q9F7D7	GO:0106435	0.552
Q9F7E3	GO:0008911	0.360
Q9F7E3	GO:0009013	0.711
Q9F7E4	GO:0004497	0.590
Q9F7E4	GO:0004499	0.422
Q9F7E4	GO:0050660	0.492
Q9F7E4	GO:0071949	0.301
Q9FD33	GO:0005506	0.447
Q9FD33	GO:0005515	0.372
Q9FD33	GO:0042802	0.390
Q9FD36	GO:0010181	0.644
Q9FD36	GO:0140616	0.414
Q9FKQ7	GO:0005515	0.726
Q9FRR2	GO:0005515	0.827
Q9GTP4	GO:0005337	0.934
Q9GTP4	GO:0032217	0.311
Q9GTP5	GO:0005337	0.915
Q9GTP5	GO:0015205	0.626
Q9GTP5	GO:0032217	0.520
Q9HSN1	GO:0005515	0.693
Q9J4L4	GO:0005515	0.563
Q9J4L7	GO:0005515	0.656
Q9JAE0	GO:0005515	0.652
Q9JN36	GO:0005515	0.331
Q9JN36	GO:0009046	0.350
Q9JXC6	GO:0005515	0.707
Q9K0P4	GO:0005515	0.564
Q9K163	GO:0004175	0.326
Q9K163	GO:0005515	0.366
Q9KJT3	GO:0005515	0.539
Q9KJT4	GO:0005515	0.711
Q9KN86	GO:0004175	0.359
Q9KN86	GO:0005515	0.379
Q9KU93	GO:0004175	0.457
Q9KU93	GO:0005515	0.414
Q9KUL5	GO:0004175	0.312
Q9KUL5	GO:0005515	0.469
Q9KZP3	GO:0003881	0.640
Q9KZP3	GO:0008444	0.901
Q9L391	GO:0016881	0.590
Q9L392	GO:0000287	0.628
Q9L392	GO:0003850	0.334
Q9L392	GO:0008801	0.468
Q9L392	GO:0016791	0.412
Q9L392	GO:0036424	0.461
Q9L392	GO:0043136	0.308
Q9L392	GO:0050084	0.499
Q9L392	GO:0050308	0.392
Q9L393	GO:0003855	0.380
Q9L393	GO:0003941	0.627
Q9L393	GO:0004349	0.324
Q9L393	GO:0004730	0.861
Q9L393	GO:0008721	0.385
Q9L393	GO:0042802	0.308
Q9LZE4	GO:0003919	0.528
Q9LZE4	GO:0005515	0.311
Q9LZE4	GO:0016783	0.542
Q9M1Q2	GO:0005515	0.857
Q9MBW4	GO:0003677	0.477
Q9MBW4	GO:0005515	0.761
Q9MBY2	GO:0005515	0.722
Q9MCT0	GO:0005515	0.866
Q9NBV4	GO:0005337	0.735
Q9P8T0	GO:0005199	0.405
Q9R2F4	GO:0008911	0.360
Q9R2F4	GO:0009013	0.686
Q9RHD7	GO:0003979	0.536
Q9RUM0	GO:0005515	0.634
Q9RVT2	GO:0005515	0.617
Q9SJV0	GO:0005515	0.812
Q9SKA8	GO:0005515	0.773
Q9SWW0	GO:0003729	0.559
Q9SWW0	GO:0005507	0.643
Q9SX57	GO:0005515	0.906
Q9T0K8	GO:0005515	0.816
Q9T0K8	GO:0008017	0.385
Q9U232	GO:0005515	0.742
Q9UVF9	GO:0031176	0.997
Q9VAM5	GO:0003682	0.321
Q9VAM5	GO:0003713	0.414
Q9VAM5	GO:0005515	0.878
Q9VAQ8	GO:0033842	0.412
Q9VAQ8	GO:0035248	0.328
Q9VGV8	GO:0005515	0.744
Q9VIA5	GO:0004984	0.612
Q9VIA5	GO:0033041	0.506
Q9VJ31	GO:0008898	0.717
Q9VQG9	GO:0005102	0.331
Q9VQG9	GO:0005515	0.484
Q9VQG9	GO:0008083	0.609
Q9VQG9	GO:0016015	0.558
Q9VQG9	GO:0048018	0.555
Q9VQK9	GO:0005515	0.380
Q9VQK9	GO:0016409	0.571
Q9VWS0	GO:0003713	0.352
Q9VWS0	GO:0005515	0.570
Q9VXM0	GO:0005515	0.537
Q9W365	GO:0005515	0.386
Q9WAF5	GO:0005515	0.424
Q9WYV6	GO:0004106	0.813
Q9ZPL5	GO:0003962	0.654
Q9ZPL5	GO:0030170	0.626
Q9ZPL5	GO:0047804	0.600
Q9ZUB7	GO:0005515	0.843
Q9ZVA7	GO:0005515	0.717
Q9ZW72	GO:0005515	0.839
R4H5E1	GO:0019871	0.979
R4H5E1	GO:0090729	0.991
R9UC06	GO:0005515	0.310
R9UC06	GO:0008289	0.341
R9UCX1	GO:0090729	0.314
R9UE59	GO:0090729	0.351
R9UE63	GO:0005515	0.330
R9UE65	GO:0005515	0.303
R9UFJ8	GO:0090729	0.425
S0ENW0	GO:0005515	0.335
S3DQQ9	GO:0000978	0.396
S3DQQ9	GO:0003700	0.556
S3DQQ9	GO:0043565	0.357
S8ESV1	GO:0005515	0.512
S8EUF0	GO:0004672	0.588
S8EUF0	GO:0004674	0.754
S8EUF0	GO:0005515	0.681
S8EV69	GO:0005515	0.868
S8EV69	GO:0008017	0.323
S8EYU3	GO:0003924	0.502
S8EYU3	GO:0005515	0.702
S8EYU3	GO:1990606	0.546
S8F0G9	GO:0000175	0.369
S8F0G9	GO:0003723	0.373
S8F0G9	GO:0003729	0.404
S8F0G9	GO:0005515	0.527
S8F0G9	GO:1990817	0.629
S8F258	GO:0003729	0.457
S8F258	GO:0005515	0.687
S8F3G6	GO:0005515	0.855
S8F527	GO:0003678	0.348
S8F527	GO:0003723	0.438
S8F527	GO:0003729	0.327
S8F527	GO:0004521	0.440
S8F527	GO:0004534	0.346
S8F527	GO:0004674	0.319
S8F527	GO:0005515	0.324
S8F527	GO:0050265	0.741
S8G033	GO:0005515	0.794
S8G6L4	GO:0005515	0.653
S8GH32	GO:0004674	0.313
S8GH32	GO:0005515	0.803
S8GI44	GO:0004672	0.690
S8GI44	GO:0004674	0.811
S8GI44	GO:0005515	0.790
T2BMW7	GO:0000978	0.562
T2BMW7	GO:0000981	0.411
T2BMW7	GO:0003700	0.533
T2BMW7	GO:0043565	0.403
U4PLN7	GO:0005515	0.870
U6KQJ2	GO:0005515	0.544
U6KS09	GO:0030248	0.571
V5H924	GO:0004869	0.931
V5H924	GO:0030414	0.479
V9GX91	GO:0005515	0.727
V9GX91	GO:0008017	0.429
V9LFM0	GO:0005509	0.896
V9TNS0	GO:0004575	0.406
V9TNS0	GO:0046558	0.312
V9TS54	GO:0031176	0.993
W1Q703	GO:0004751	0.348
W1Q703	GO:0005515	0.398
W1Q703	GO:0061799	0.591
W1QAK2	GO:0005515	0.574
W1QB31	GO:0005515	0.699
W1QDJ3	GO:0004746	0.323
W1QDU5	GO:0005515	0.514
W1QET1	GO:0004792	0.559
W1QET1	GO:0016783	0.372
W1QET1	GO:0042292	0.647
W1QGQ0	GO:0050464	0.761
W1QHP2	GO:0005515	0.593
W1QHP2	GO:0043495	0.404
W1QHP2	GO:0140474	0.507
W1QJK0	GO:0003870	0.394
W1QJK0	GO:0030170	0.393
W1QJK0	GO:0031071	0.962
W1QL91	GO:0005515	0.705
W6JLB7	GO:0004161	0.586
W6JLB7	GO:0004311	0.573
W6JLB7	GO:0004659	0.817
W6JLB7	GO:0010333	0.376
W6JLV4	GO:0004161	0.535
W6JLV4	GO:0004659	0.992
W6JPP9	GO:0004311	0.640
W6QKQ9	GO:0016491	0.364
W6QKQ9	GO:0016616	0.474
W6QN79	GO:0016218	0.982
W6QN79	GO:0016491	0.360
W6QN79	GO:1904091	0.613
W6QN83	GO:0016218	0.725
W6QTE8	GO:0004497	0.914
W6QTE8	GO:0004499	0.384
W6QTE8	GO:0016218	0.555
W6QTE8	GO:0016491	0.333
W6QTF2	GO:0003700	0.507
W6QTF2	GO:0043565	0.425
W6R6G5	GO:0004497	0.915
W6R6G5	GO:0016218	0.912
W6R6G5	GO:0016491	0.665
W6R6H0	GO:0016218	0.459
W6R6H0	GO:0016491	0.469
W6R6H0	GO:0045703	0.499
W6R6H0	GO:0047560	0.317
W7L9C2	GO:0016218	0.884
W7L9C2	GO:0016491	0.535
W7L9C2	GO:0016646	0.343
W7MMJ4	GO:0016887	0.321
W7MMJ4	GO:0090554	0.302
W7XJB1	GO:0005515	0.814
W8P1J0	GO:0008061	0.464
X0JZ91	GO:0005515	0.558
X1WBN4	GO:0005515	0.538
