A0A023PMT2	GO:0044179	0.602
A0A023PMT2	GO:0050829	0.830
A0A023PMT2	GO:0050830	0.850
A0A023PMT2	GO:0050832	0.393
A0A059U8Y9	GO:0002776	0.709
A0A059U8Y9	GO:0007218	0.686
A0A059U8Y9	GO:0050829	0.384
A0A059U8Y9	GO:0050830	0.314
A0A059WI14	GO:0019243	0.356
A0A059WI14	GO:0045454	0.327
A0A067N4H9	GO:0001907	0.474
A0A067N4H9	GO:0042243	0.452
A0A067N4P3	GO:0042243	0.538
A0A067N4P7	GO:0042243	0.358
A0A067N582	GO:0042243	0.587
A0A067N648	GO:0042243	0.788
A0A067N7P3	GO:0042243	0.366
A0A067NEJ5	GO:0001907	0.446
A0A067NEJ5	GO:0042243	0.715
A0A067NFU6	GO:0001907	0.474
A0A067NFU6	GO:0042243	0.339
A0A067NGV3	GO:0001907	0.320
A0A067NGV3	GO:0042243	0.826
A0A067NHE1	GO:0042243	0.814
A0A067NHW8	GO:0042243	0.891
A0A067NMT6	GO:0042243	0.659
A0A067NN74	GO:0001907	0.399
A0A067NN74	GO:0042243	0.851
A0A067NRJ8	GO:0042243	0.812
A0A067NRQ5	GO:0042243	0.662
A0A067P1E6	GO:0042243	0.772
A0A067P1K6	GO:0001907	0.337
A0A067P1K6	GO:0042243	0.738
A0A067P494	GO:0001907	0.501
A0A067P494	GO:0042243	0.638
A0A067P943	GO:0042243	0.692
A0A067PCX8	GO:0001907	0.342
A0A067PCX8	GO:0042243	0.705
A0A0A2IC94	GO:0042243	0.910
A0A0A2IC94	GO:0141145	0.320
A0A0A2J434	GO:0042243	0.522
A0A0A2JSZ6	GO:0042243	0.830
A0A0A2K6S6	GO:0048315	0.309
A0A0A8X0K1	GO:0019645	0.599
A0A0A8X338	GO:0019646	0.365
A0A0B5JC15	GO:0045493	0.673
A0A0D1BZL3	GO:0042243	0.926
A0A0D1DPX0	GO:0002777	0.863
A0A0E1RWJ5	GO:1900557	0.303
A0A0E1RWJ5	GO:1900584	0.350
A0A0E1RWL5	GO:0044550	0.371
A0A0E1RXK8	GO:1900812	0.325
A0A0E3D8N3	GO:0140873	0.386
A0A0F6B5X3	GO:0045892	0.488
A0A0F6B5X3	GO:0045927	0.346
A0A0F6B5X4	GO:0009432	0.537
A0A0F6B8D9	GO:0045892	0.375
A0A0F6BAH8	GO:0045927	0.538
A0A0F7TWX5	GO:0140873	0.429
A0A0F9X418	GO:1900560	0.362
A0A0F9X418	GO:2001310	0.310
A0A0G4KL96	GO:0045493	0.894
A0A0G4PJR9	GO:0042243	0.839
A0A0G4PJR9	GO:0141145	0.312
A0A0H2X5R2	GO:0034355	0.347
A0A0H3HZ79	GO:0009253	0.357
A0A0H3HZ79	GO:0015628	0.703
A0A0H3HZ79	GO:0043952	0.744
A0A0J9U5N0	GO:0045944	0.306
A0A0J9U922	GO:1900376	0.434
A0A0J9UHQ6	GO:0000128	0.428
A0A0J9UHQ6	GO:0030447	0.356
A0A0J9UHQ6	GO:0031505	0.696
A0A0J9UHQ6	GO:0044011	0.344
A0A0J9UJP6	GO:0042243	0.373
A0A0J9UPF5	GO:0048315	0.530
A0A0J9UPF5	GO:1900376	0.367
A0A0J9V2V7	GO:0075307	0.363
A0A0J9VT58	GO:1900376	0.358
A0A0J9VYS2	GO:1900376	0.373
A0A0J9W9G2	GO:1900376	0.373
A0A0J9WAS0	GO:1900376	0.369
A0A0J9WG94	GO:0006357	0.349
A0A0J9WQL2	GO:0006367	0.366
A0A0J9WVC0	GO:1900376	0.315
A0A0L1JEX1	GO:0140781	0.436
A0A0L1JEZ9	GO:0044550	0.374
A0A0L1JF11	GO:1902181	0.582
A0A0L8FVQ9	GO:1904731	0.415
A0A0M4JNZ0	GO:0007608	0.820
A0A0M4JNZ0	GO:0050911	0.941
A0A0M4JNZ6	GO:0007608	0.786
A0A0M4JNZ6	GO:0019236	0.685
A0A0M4JNZ6	GO:0042048	0.718
A0A0M4JNZ6	GO:0043695	0.341
A0A0M4JNZ6	GO:0050909	0.356
A0A0M4JNZ6	GO:0050911	0.847
A0A0M8MV11	GO:0140873	0.747
A0A0M8MW83	GO:1902181	0.367
A0A0M8MZA1	GO:0044550	0.346
A0A0M8MZA1	GO:0140873	0.460
A0A0M8MZA1	GO:1900809	0.453
A0A0M8MZA1	GO:1902181	0.453
A0A0M8N4S6	GO:1900560	0.393
A0A0M8N8I0	GO:2001310	0.322
A0A0M8N9N3	GO:0043386	0.435
A0A0M8N9N3	GO:2001310	0.504
A0A0M9VUG7	GO:0140873	0.381
A0A0M9VUG7	GO:1902181	0.418
A0A0M9VUP1	GO:0140873	0.337
A0A0M9VX54	GO:0044550	0.374
A0A0M9VX54	GO:1900560	0.304
A0A0M9VX54	GO:1902181	0.402
A0A0M9VX54	GO:2001310	0.313
A0A0M9VX70	GO:0043386	0.503
A0A0M9VX70	GO:2001310	0.368
A0A0M9VX85	GO:0010106	0.300
A0A0M9VX85	GO:0044550	0.608
A0A0M9VX85	GO:2001310	0.329
A0A0M9VXC7	GO:0043386	0.558
A0A0M9VXC7	GO:2001310	0.588
A0A0N7FMT9	GO:0002776	0.653
A0A0N7FMT9	GO:0007218	0.334
A0A0N7FMT9	GO:0044179	0.304
A0A0N7FMT9	GO:0050829	0.564
A0A0N7FMT9	GO:0050830	0.527
A0A0N7KBN8	GO:0006952	0.489
A0A0N7KBN8	GO:0044493	0.627
A0A0N7KBN8	GO:0050829	0.310
A0A0N7KBN8	GO:0050830	0.423
A0A0N7KBN8	GO:0051715	0.342
A0A0N9LWM6	GO:0002776	0.682
A0A0N9LWM6	GO:0007218	0.808
A0A0P0UTI6	GO:0045987	0.312
A0A0P0UTJ1	GO:0042742	0.305
A0A0P0UTJ1	GO:0050829	0.517
A0A0P0UTJ1	GO:0050830	0.557
A0A0Q9K529	GO:0009442	0.644
A0A0Q9K5G9	GO:0009401	0.538
A0A0Q9KFZ4	GO:0006097	0.461
A0A0Q9KFZ4	GO:0019629	0.901
A0A0U3AB61	GO:0009243	0.305
A0A0U3CEN8	GO:0015937	0.507
A0A0U3S9Q3	GO:0009809	0.715
A0A0U3S9Q3	GO:0009821	0.379
A0A0U3S9Q3	GO:0035834	0.558
A0A0U4AHM6	GO:0009809	0.861
A0A0U4BHM2	GO:0009809	0.753
A0A0U4BHM2	GO:0009821	0.381
A0A0U4BHM2	GO:0035834	0.605
A0A125YQJ0	GO:0006457	0.366
A0A125YQJ0	GO:0034975	0.307
A0A125YQJ0	GO:0036498	0.383
A0A125YQS6	GO:1903808	0.355
A0A125YR73	GO:0048072	0.365
A0A125YUW9	GO:0015786	0.321
A0A125YYB5	GO:0006370	0.965
A0A125YYB5	GO:0008033	0.424
A0A143ZXM2	GO:0044114	0.500
A0A143ZXM2	GO:0044409	0.317
A0A194VNL2	GO:0000196	0.335
A0A194VNL2	GO:0075018	0.413
A0A194VQN7	GO:0140722	0.389
A0A194VQT0	GO:0055085	0.354
A0A194VUA1	GO:1900584	0.323
A0A194VYT4	GO:1900584	0.383
A0A194VZB5	GO:0140722	0.402
A0A194W185	GO:0044550	0.411
A0A194W185	GO:1902181	0.388
A0A194W5I0	GO:0140722	0.376
A0A194W5I0	GO:1900584	0.317
A0A194WAB9	GO:0140781	0.302
A0A1D3JCW7	GO:0044409	0.367
A0A1D8PCF5	GO:0045944	0.384
A0A1D8PCM7	GO:0006357	0.473
A0A1D8PCM7	GO:0045944	0.377
A0A1D8PDI4	GO:0006357	0.497
A0A1D8PDI4	GO:0045944	0.543
A0A1D8PEH1	GO:0045944	0.309
A0A1D8PEJ0	GO:0035268	0.524
A0A1D8PG41	GO:0006357	0.373
A0A1D8PG41	GO:0045944	0.509
A0A1D8PGF3	GO:0006357	0.326
A0A1D8PGF3	GO:0045944	0.452
A0A1D8PGW8	GO:0030447	0.493
A0A1D8PHW6	GO:0006357	0.572
A0A1D8PHW6	GO:0045944	0.633
A0A1D8PHW6	GO:1900445	0.362
A0A1D8PJ72	GO:0030447	0.674
A0A1D8PJ72	GO:0036180	0.424
A0A1D8PJ72	GO:0045944	0.477
A0A1D8PJ72	GO:1900189	0.378
A0A1D8PJ72	GO:1900445	0.655
A0A1D8PJ96	GO:0030447	0.311
A0A1D8PJ96	GO:0045944	0.663
A0A1D8PJJ7	GO:0006357	0.427
A0A1D8PJJ7	GO:0045944	0.686
A0A1D8PJX7	GO:0006338	0.346
A0A1D8PJX7	GO:0030447	0.774
A0A1D8PJX7	GO:0036180	0.492
A0A1D8PJX7	GO:0045944	0.405
A0A1D8PJX7	GO:1900189	0.482
A0A1D8PJX7	GO:1900445	0.648
A0A1D8PKB5	GO:0006357	0.437
A0A1D8PKB5	GO:0030447	0.410
A0A1D8PKB5	GO:0045944	0.629
A0A1D8PKB5	GO:0071400	0.337
A0A1D8PKB5	GO:1900445	0.524
A0A1D8PKI7	GO:0030437	0.314
A0A1D8PL89	GO:0006357	0.374
A0A1D8PL89	GO:0009267	0.396
A0A1D8PL89	GO:0010811	0.311
A0A1D8PL89	GO:0030447	0.840
A0A1D8PL89	GO:0036170	0.393
A0A1D8PL89	GO:0036178	0.379
A0A1D8PL89	GO:0036180	0.544
A0A1D8PL89	GO:0036244	0.423
A0A1D8PL89	GO:0044011	0.423
A0A1D8PL89	GO:0044182	0.612
A0A1D8PL89	GO:0045944	0.521
A0A1D8PL89	GO:0071280	0.318
A0A1D8PL89	GO:1900429	0.373
A0A1D8PL89	GO:1900430	0.342
A0A1D8PL89	GO:1900436	0.616
A0A1D8PL89	GO:1900442	0.477
A0A1D8PL89	GO:1900445	0.796
A0A1D8PLA4	GO:0030447	0.804
A0A1D8PLA4	GO:0036170	0.330
A0A1D8PLA4	GO:0036180	0.628
A0A1D8PLA4	GO:0045944	0.439
A0A1D8PLA4	GO:1900436	0.441
A0A1D8PLA4	GO:1900442	0.562
A0A1D8PLA4	GO:1900445	0.922
A0A1D8PLH4	GO:0006357	0.419
A0A1D8PLH4	GO:0045944	0.461
A0A1D8PLH4	GO:1900445	0.501
A0A1D8PLI4	GO:0006357	0.547
A0A1D8PLI4	GO:0045944	0.585
A0A1D8PMB8	GO:0006015	0.367
A0A1D8PMB8	GO:0009088	0.610
A0A1D8PMB8	GO:0009090	0.847
A0A1D8PME2	GO:0006357	0.416
A0A1D8PME2	GO:0030447	0.338
A0A1D8PME2	GO:0045944	0.568
A0A1D8PME2	GO:1900445	0.510
A0A1D8PMM6	GO:0006493	0.306
A0A1D8PMM6	GO:0030447	0.415
A0A1D8PMM6	GO:0035268	0.863
A0A1D8PMM6	GO:0046354	0.878
A0A1D8PMQ3	GO:0035268	0.544
A0A1D8PMQ3	GO:0046354	0.494
A0A1D8PN93	GO:0006357	0.429
A0A1D8PN93	GO:0030447	0.576
A0A1D8PN93	GO:0036180	0.324
A0A1D8PN93	GO:0045944	0.620
A0A1D8PN93	GO:1900445	0.598
A0A1D8PNF7	GO:0045944	0.396
A0A1D8PNM8	GO:0006357	0.365
A0A1D8PNM8	GO:0030447	0.688
A0A1D8PNM8	GO:0036180	0.562
A0A1D8PNM8	GO:0045944	0.511
A0A1D8PNM8	GO:1900436	0.337
A0A1D8PNM8	GO:1900445	0.849
A0A1D8PNN1	GO:0045944	0.333
A0A1D8PPQ3	GO:0045944	0.362
A0A1D8PQ19	GO:0030447	0.311
A0A1D8PQ19	GO:0035268	0.629
A0A1D8PQ19	GO:0046354	0.608
A0A1D8PRB7	GO:0006357	0.474
A0A1D8PRB7	GO:0030447	0.471
A0A1D8PRB7	GO:0036180	0.374
A0A1D8PRB7	GO:0045944	0.634
A0A1D8PRB7	GO:1900445	0.655
A0A1D8PSC7	GO:0006357	0.512
A0A1D8PSC7	GO:0045944	0.644
A0A1D8PT64	GO:0006357	0.423
A0A1D8PT64	GO:0045944	0.493
A0A1D8PU45	GO:0006357	0.301
A0A1D8PU45	GO:0045944	0.553
A0A1D8PU45	GO:0071400	0.402
A0A1D8PU45	GO:1900445	0.364
A0A1D9PXD2	GO:0006357	0.343
A0A1D9PXD2	GO:0045944	0.345
A0A1D9PXD2	GO:1900376	0.569
A0A1D9PYE1	GO:0000905	0.346
A0A1D9PYE1	GO:0048315	0.679
A0A1D9PYE1	GO:0070787	0.820
A0A1D9PYE1	GO:0075307	0.419
A0A1D9PYE1	GO:1900376	0.423
A0A1D9QBH7	GO:0019594	0.345
A0A1D9QGL5	GO:0000905	0.420
A0A1D9QGL5	GO:0010914	0.305
A0A1D9QGL5	GO:0048315	0.855
A0A1D9QGL5	GO:0070787	0.900
A0A1D9QGL5	GO:0075307	0.349
A0A1D9QGL5	GO:1900376	0.882
A0A1D9QGL5	GO:1900691	0.301
A0A1F5L592	GO:1900560	0.315
A0A1I1P074	GO:0099048	0.646
A0A1I9QLC3	GO:0001907	0.481
A0A1I9QLC3	GO:0042243	0.839
A0A1I9QLC4	GO:0001907	0.479
A0A1I9QLC4	GO:0042243	0.859
A0A1I9QLC5	GO:0042243	0.906
A0A1I9QLC6	GO:0001907	0.411
A0A1I9QLC6	GO:0042243	0.824
A0A1I9QLC7	GO:0001907	0.392
A0A1I9QLC7	GO:0042243	0.821
A0A1I9QLC8	GO:0001907	0.403
A0A1I9QLC8	GO:0042243	0.714
A0A1I9QLC9	GO:0001907	0.475
A0A1I9QLC9	GO:0042243	0.805
A0A1I9QLD0	GO:0001907	0.527
A0A1I9QLD0	GO:0042243	0.695
A0A1I9QLD1	GO:0001907	0.374
A0A1I9QLD1	GO:0042243	0.858
A0A1L7NVA6	GO:0006777	0.788
A0A1L7NVA6	GO:0048072	0.363
A0A1L8F8I9	GO:0000724	0.312
A0A1L9X983	GO:1902181	0.480
A0A1L9X985	GO:1900809	0.308
A0A1L9X985	GO:2001310	0.418
A0A1L9X999	GO:1902181	0.581
A0A1L9X9G5	GO:0046416	0.440
A0A1L9X9H4	GO:0045493	0.672
A0A1Q5Q699	GO:1900560	0.320
A0A1S4F362	GO:0050907	0.318
A0A223GB52	GO:0009085	0.610
A0A223GB52	GO:0019878	0.468
A0A223GB52	GO:0043324	0.492
A0A223GB52	GO:0140614	0.638
A0A223GB52	GO:1900551	0.397
A0A223GB52	GO:1900809	0.407
A0A223GB52	GO:1900815	0.452
A0A223GB52	GO:1902086	0.424
A0A223GB52	GO:2001310	0.698
A0A223HDI5	GO:0019594	0.883
A0A223HDI5	GO:0051289	0.324
A0A224AHH8	GO:0045861	0.327
A0A261GVB1	GO:0042318	0.333
A0A261GVB1	GO:1900376	0.506
A0A2H0ZWD0	GO:0045944	0.499
A0A2H4SBS0	GO:0019731	0.314
A0A2H4SBS0	GO:0050830	0.420
A0A2H4SHM4	GO:0050830	0.311
A0A2H4SI69	GO:0042243	0.844
A0A2H4SKW2	GO:0001907	0.351
A0A2H4SKW2	GO:0042243	0.857
A0A2K3D179	GO:0034355	0.384
A0A2P1AAV1	GO:1990961	0.386
A0A2R8Y4L6	GO:0007189	0.332
A0A2R8Y4L6	GO:0007606	0.599
A0A2R8Y4L6	GO:0007608	0.301
A0A2R8YED5	GO:0007606	0.624
A0A2R8YED5	GO:0007608	0.608
A0A2R8YED5	GO:0050907	0.387
A0A2T3Z3L3	GO:0001907	0.315
A0A2T3Z3L3	GO:0042243	0.423
A0A2T3ZJV9	GO:0042243	0.489
A0A2Z5P0W7	GO:0009701	0.307
A0A2Z5P0W7	GO:0032259	0.871
A0A2Z5U367	GO:0140873	0.588
A0A2Z5U367	GO:1900809	0.515
A0A2Z5U367	GO:1902181	0.433
A0A2Z5U368	GO:0044550	0.481
A0A2Z5U3C2	GO:0140873	0.347
A0A2Z5U3C2	GO:1902181	0.345
A0A2Z5U6I9	GO:1902181	0.392
A0A2Z5UFJ1	GO:0043386	0.438
A0A2Z5UFJ1	GO:0044550	0.352
A0A2Z5UFJ1	GO:0045122	0.379
A0A2Z5UFJ1	GO:0140878	0.305
A0A2Z5UFJ1	GO:1900560	0.331
A0A2Z5UFJ1	GO:1902181	0.474
A0A2Z5UFJ1	GO:2001310	0.403
A0A2Z5UHX0	GO:1902181	0.539
A0A2Z6E8J2	GO:0140873	0.362
A0A2Z6E8J2	GO:1902181	0.375
A0A2Z6E8J6	GO:0140873	0.388
A0A2Z6E917	GO:0140873	0.666
A0A2Z6E9B9	GO:0044550	0.439
A0A2Z6E9B9	GO:0140872	0.325
A0A2Z6E9B9	GO:0140873	0.426
A0A2Z6E9B9	GO:1900809	0.406
A0A2Z6E9B9	GO:1902181	0.320
A0A2Z6E9C0	GO:0140873	0.330
A0A2Z6E9C0	GO:1902181	0.366
A0A364LYQ6	GO:0048315	0.324
A0A364LYQ6	GO:1900376	0.705
A0A364MYU4	GO:1900584	0.357
A0A384J6C4	GO:0006030	0.575
A0A384J6C4	GO:0009272	0.358
A0A384J6C4	GO:0031505	0.788
A0A384JA57	GO:0042243	0.693
A0A384JN58	GO:0031505	0.511
A0A384JXV5	GO:0045493	0.945
A0A384K116	GO:0006030	0.616
A0A384K116	GO:0009272	0.498
A0A384K116	GO:0031505	0.764
A0A384K474	GO:0045493	0.902
A0A384K474	GO:0052009	0.400
A0A384K4T0	GO:0009272	0.419
A0A384K4T0	GO:0031505	0.685
A0A384KFT0	GO:0042744	0.518
A0A384KFT0	GO:0045454	0.410
A0A385XI11	GO:0019655	0.332
A0A385XI11	GO:0019697	0.662
A0A385XI13	GO:0044550	0.586
A0A385XI13	GO:1900376	0.314
A0A3B3IT45	GO:0007606	0.833
A0A3B3IT45	GO:0007608	0.338
A0A3G1DJN1	GO:0007218	0.381
A0A3P8MJV5	GO:0050829	0.435
A0A3P8MJV5	GO:0050830	0.459
A0A3Q7EKL1	GO:0010093	0.578
A0A3Q7EKL1	GO:0010582	0.449
A0A3Q7GZ09	GO:0000911	0.505
A0A3Q7GZ09	GO:0060321	0.957
A0A3Q7JAD9	GO:0060321	0.910
A0A410UD22	GO:0006718	0.463
A0A423VH03	GO:0006357	0.331
A0A423VH03	GO:0045944	0.324
A0A423VH03	GO:0048315	0.342
A0A423VH03	GO:0070787	0.736
A0A423VH03	GO:1900376	0.617
A0A423VH03	GO:1900691	0.371
A0A423VM26	GO:0031505	0.373
A0A423VM26	GO:0044011	0.321
A0A423VRU0	GO:0006906	0.556
A0A423VRU0	GO:0030448	0.617
A0A423VUD1	GO:0048315	0.308
A0A423VYK3	GO:0031505	0.398
A0A423VYK3	GO:0140403	0.498
A0A423VZH2	GO:0075018	0.445
A0A423W697	GO:0048315	0.438
A0A423WHI6	GO:0006886	0.664
A0A423WHI6	GO:0006888	0.834
A0A423WHI6	GO:0006896	0.767
A0A423WHI6	GO:0006906	0.616
A0A423WHI6	GO:0042147	0.451
A0A423WHI6	GO:0048280	0.741
A0A429XCI2	GO:0009442	0.469
A0A436ZRG7	GO:0007186	0.647
A0A436ZRG7	GO:0007189	0.318
A0A436ZRG7	GO:0007602	0.362
A0A436ZRX2	GO:0007186	0.639
A0A436ZRX2	GO:0007189	0.416
A0A437A6S9	GO:0033246	0.410
A0A437A6S9	GO:0045460	0.345
A0A437A6S9	GO:1900376	0.772
A0A437A6S9	GO:1900691	0.354
A0A437AER2	GO:0007186	0.539
A0A437AER2	GO:0007189	0.339
A0A437AER2	GO:0050908	0.307
A0A437AFK1	GO:0048315	0.426
A0A455ZIM5	GO:1990591	0.545
A0A455ZJD4	GO:1902181	0.329
A0A455ZKR7	GO:0042318	0.735
A0A455ZLR3	GO:0140722	0.412
A0A455ZLR3	GO:1900560	0.401
A0A455ZLR3	GO:1900563	0.403
A0A455ZLR3	GO:1900809	0.482
A0A455ZLR3	GO:2001310	0.558
A0A455ZMR3	GO:0042318	0.869
A0A482PJF5	GO:0006511	0.521
A0A482PJF5	GO:0016567	0.651
A0A482PJY4	GO:0006511	0.559
A0A482PJY4	GO:0016567	0.434
A0A482PUS2	GO:0006511	0.530
A0A482PUS2	GO:0016567	0.342
A0A499W357	GO:0009243	0.322
A0A509AC44	GO:0006509	0.314
A0A509ADD7	GO:0020033	0.539
A0A509AL23	GO:0070583	0.306
A0A509ALL0	GO:0044409	0.307
A0A509AM03	GO:0006508	0.549
A0A509AM03	GO:0016485	0.834
A0A509AM03	GO:0042540	0.378
A0A565D475	GO:0071266	0.331
A0A5B8X6A1	GO:0042179	0.415
A0A5B8X6B5	GO:0009821	0.348
A0A5B8X6B5	GO:0035834	0.424
A0A5B8X6S2	GO:0009821	0.438
A0A5B8X6S2	GO:0035834	0.462
A0A5B8X7H4	GO:0009696	0.352
A0A5B8X7H4	GO:0009821	0.408
A0A5B8X840	GO:0009821	0.361
A0A5B8X840	GO:0035834	0.305
A0A5B8X8Z0	GO:0009809	0.693
A0A5B8X8Z0	GO:0035834	0.425
A0A5B8XAH0	GO:0009809	0.725
A0A5B8XAH0	GO:0035834	0.373
A0A5B8XB28	GO:0042179	0.305
A0A5B8XC60	GO:0009696	0.348
A0A5B8XC60	GO:0009821	0.355
A0A5C0SBK3	GO:0006097	0.335
A0A5C0SBK3	GO:0019629	0.519
A0A5C1J0Z8	GO:0045861	0.490
A0A5N6H279	GO:1900376	0.449
A0A5N6TQK6	GO:0044550	0.346
A0A5N6TQK6	GO:1900551	0.319
A0A5N6TQK6	GO:1900809	0.336
A0A5N6TQK8	GO:0043386	0.468
A0A5N6TQK8	GO:2001310	0.557
A0A5N6TQL1	GO:0044550	0.498
A0A5N6TQN5	GO:1902181	0.388
A0A5N6TQS7	GO:1900584	0.332
A0A5N6TQU3	GO:1990961	0.310
A0A6E8W6Y5	GO:0007218	0.451
A0A6G6VYL3	GO:0042243	0.854
A0A6M3YMB5	GO:0015628	0.453
A0A6P3DGX7	GO:0097009	0.828
A0A6P3DHB8	GO:0097009	0.752
A0A7J6K463	GO:0031123	0.425
A0A7J6K463	GO:0080156	0.370
A0A7J6K5A8	GO:0031123	0.351
A0A7J6K7N5	GO:0051013	0.567
A0A7J6K9S4	GO:0035082	0.353
A0A7J6KCX5	GO:0015786	0.480
A0A7J6KCX5	GO:0072334	0.339
A0A7J6KDB0	GO:0140404	0.520
A0A7M6W880	GO:0042435	0.357
A0A7R7ZUZ1	GO:0006506	0.338
A0A7T8F1J6	GO:0140873	0.366
A0A7T8F1L2	GO:1902181	0.364
A0A7T8F1L3	GO:0044550	0.387
A0A7T8F1M6	GO:0044550	0.477
A0A7T8F1M6	GO:0045122	0.493
A0A7T8J1Z8	GO:0043386	0.537
A0A7T8J1Z8	GO:0044550	0.405
A0A7T8J1Z8	GO:0045122	0.404
A0A7T8J1Z8	GO:1902181	0.469
A0A7T8J1Z8	GO:2001310	0.467
A0A7U2I117	GO:0075307	0.447
A0A8A5N547	GO:0001907	0.483
A0A8A5N547	GO:0042243	0.675
A0A8B0M5T9	GO:0042318	0.674
A0A8B0M5T9	GO:0044550	0.321
A0A8B0M616	GO:0043386	0.430
A0A8B0M616	GO:0044550	0.481
A0A8B0M616	GO:1900809	0.544
A0A8B0M616	GO:1902181	0.302
A0A8B0M616	GO:2001310	0.517
A0A8B0M9A0	GO:0044550	0.325
A0A8B0M9S9	GO:0006561	0.452
A0A8B0M9T7	GO:0006561	0.550
A0A8B0M9T7	GO:0055129	0.625
A0A8C2M425	GO:0006506	0.750
A0A8H7XMX0	GO:0045338	0.302
A0A8H7XMX0	GO:0051762	0.754
A0A8H7XP09	GO:0051762	0.437
A0A8H7XQ49	GO:0051762	0.330
A0A8H8CFI5	GO:0051762	0.372
A0A8I3NRY3	GO:0051056	0.422
A0A8I3PJ84	GO:0045109	0.435
A0A8I5ZM56	GO:0000226	0.393
A0A8I6G2K8	GO:0000122	0.404
A0A8I6G2K8	GO:0006325	0.300
A0A8I6G2K8	GO:0006338	0.307
A0A8I6G2K8	GO:0045944	0.308
A0A8J1LLF7	GO:0031054	0.648
A0A8J1LLF7	GO:0070922	0.392
A0A8U0WQF3	GO:0097009	0.850
A0A8U1C2Y4	GO:0097009	0.725
A0A974H8H3	GO:0030422	0.336
A0A974H8H3	GO:0031054	0.683
A0A974H8H3	GO:0070922	0.504
A0A974H8H3	GO:0098795	0.370
A0A974HZL0	GO:0000122	0.318
A0A9B0BQN9	GO:0097009	0.733
A0A9E8S4N7	GO:0042243	0.543
A0A9P4XUZ4	GO:0009164	0.794
A0A9P5BNK0	GO:0019915	0.406
A0A9P5BNK0	GO:0071786	0.354
A0A9P5CQV5	GO:0006370	0.388
A0A9P5CTI1	GO:0005995	0.519
A0A9W3N256	GO:0033696	0.447
A0A9W9TFU3	GO:1900378	0.331
A0A9W9TGP7	GO:0140781	0.523
A0AA51Z3S7	GO:0009821	0.668
A0AA51Z3S7	GO:0032259	0.848
A0AA51Z3S7	GO:0042444	0.799
A0AAA9T569	GO:0006855	0.399
A0AAA9T569	GO:0033344	0.321
A0AAA9T569	GO:0042908	0.476
A0AAA9T569	GO:0055085	0.334
A0AAA9T569	GO:0140115	0.332
A0AAD6IRE3	GO:0048315	0.453
A0AAD6J2M3	GO:0045493	0.880
A0AAD6J5F2	GO:0030245	0.544
A0AAD6J5F2	GO:0045493	0.422
A0AAD6NFV5	GO:0006635	0.343
A0AAD6NH75	GO:0006896	0.483
A0AAD6NH75	GO:0006897	0.322
A0AAD6NH75	GO:0006906	0.374
A0AAD6NH75	GO:0042147	0.377
A0AAD6NLP7	GO:0006635	0.692
A0AAD6NMG7	GO:0000909	0.524
A0AAD6NMG7	GO:0048315	0.539
A0AAD6NMH5	GO:0016052	0.534
A0AAD6NMH5	GO:0045493	0.571
A0AAD6NMH5	GO:0046355	0.599
A0AAD9S159	GO:0140873	0.364
A0AAD9S159	GO:1902181	0.437
A0AAD9S169	GO:0140873	0.454
A0AAD9S169	GO:1900560	0.353
A0AAD9S265	GO:0140873	0.737
A0AAD9S2F9	GO:1902181	0.307
A0AAN2H888	GO:0006312	0.355
A0AAN4PAE6	GO:0009800	0.757
A0AAN4PBA1	GO:1902181	0.433
A0AB32U2W5	GO:0001778	0.390
A0AB36VXQ9	GO:1903473	0.324
A0AB73RZI6	GO:0006357	0.305
A0AB73RZI6	GO:0045944	0.479
A0PCX2	GO:0045493	0.505
A0PCX2	GO:0052009	0.858
A0Q7V6	GO:0045881	0.554
A0QP93	GO:0015628	0.541
A0QP93	GO:0051701	0.301
A0QSG5	GO:0000027	0.318
A0QSG5	GO:0000028	0.449
A0QSG8	GO:0000027	0.641
A0QSG8	GO:0000028	0.475
A0QV03	GO:0000027	0.394
A0QV03	GO:0006412	0.469
A0QVQ9	GO:0045892	0.485
A0QVZ5	GO:0006352	0.344
A0QVZ5	GO:2000142	0.438
A0QW02	GO:0006352	0.413
A0QW02	GO:0009415	0.489
A0QW02	GO:2000142	0.339
A0R054	GO:0052167	0.367
A0R271	GO:1990961	0.340
A0R2N2	GO:0045892	0.415
A0R2N2	GO:0045893	0.336
A0R3E8	GO:0009247	0.599
A0R3E8	GO:0035269	0.653
A0R3E8	GO:0071769	0.622
A1CVQ3	GO:1900560	0.405
A1DBL3	GO:0050830	0.360
A1XCI9	GO:0070787	0.391
A1XCI9	GO:0070790	0.655
A1XCI9	GO:0080185	0.360
A1Z7L8	GO:0007476	0.304
A1Z8F4	GO:0007379	0.364
A1Z8F4	GO:0007400	0.353
A1Z8F4	GO:0007469	0.525
A1Z8F4	GO:0046665	0.635
A1Z8F4	GO:0048542	0.316
A2AQ92	GO:0006590	0.891
A2E926	GO:0035735	0.430
A2ECR2	GO:0005978	0.742
A2IA78	GO:0050829	0.319
A2IA78	GO:0050830	0.422
A2IA89	GO:0035893	0.495
A2IA90	GO:0035893	0.662
A2IA93	GO:0035893	0.489
A2IAB1	GO:0035738	0.332
A2IAB1	GO:0050830	0.442
A2IAB1	GO:0050832	0.419
A2IAB2	GO:0006952	0.342
A2IAB2	GO:0035738	0.452
A2IAB2	GO:0050830	0.498
A2IAB2	GO:0050832	0.375
A2IAD0	GO:0006952	0.504
A2IAD0	GO:0035738	0.321
A2IAD0	GO:0044493	0.697
A2IAD0	GO:0044562	0.550
A2IAD0	GO:0050830	0.327
A2IAD0	GO:0051715	0.462
A2QQU4	GO:0042318	0.813
A2QQU5	GO:0140781	0.592
A2QQU8	GO:0043386	0.690
A2QQU8	GO:1900378	0.690
A2QQV0	GO:0140781	0.410
A2QTS4	GO:0016052	0.686
A2QYT9	GO:0016052	0.667
A2XJR0	GO:0016567	0.481
A2XLF5	GO:0033617	0.438
A4D9K7	GO:0006357	0.342
A4D9K7	GO:0045944	0.372
A4FVI7	GO:0000398	0.858
A4LAR6	GO:0001907	0.452
A4LAR6	GO:0042243	0.752
A4XXY9	GO:0046417	0.484
A5GZY7	GO:0006457	0.349
A5GZY7	GO:0036498	0.383
A5K0H6	GO:0030437	0.420
A5K0H6	GO:0070124	0.758
A5K736	GO:0044409	0.318
A5K9W3	GO:0032218	0.566
A5YVV0	GO:0046693	0.400
A6TGC5	GO:0009432	0.372
A6THB2	GO:0008033	0.352
A6THB2	GO:0009432	0.487
A7E4L6	GO:0045490	0.955
A7E584	GO:0045490	0.445
A7E584	GO:0045493	0.326
A7EX74	GO:0043609	0.433
A7EXV2	GO:0016052	0.406
A7EXV2	GO:0045490	0.919
A7GKX7	GO:0009243	0.344
A8M6W6	GO:0044550	0.327
A8M6W6	GO:1902181	0.339
A8P9W4	GO:0042243	0.767
A8PA37	GO:0042243	0.454
A9CGX9	GO:0006355	0.315
A9CGX9	GO:0045892	0.302
A9CI74	GO:0006355	0.356
A9CI74	GO:0045893	0.500
B0R0B3	GO:0006096	0.305
B0XAA1	GO:0046352	0.354
B1MH83	GO:0051701	0.353
B1MH84	GO:0006355	0.393
B1MH84	GO:0045893	0.579
B7PCV3	GO:0050830	0.342
B7PCV3	GO:0140099	0.424
B7XFT1	GO:0042742	0.317
B7XFT1	GO:0044179	0.452
B7XFT1	GO:0050829	0.796
B7XFT1	GO:0050830	0.821
B7XFT1	GO:0050832	0.405
C0H519	GO:0016236	0.333
C0H519	GO:0034727	0.606
C0H519	GO:0044804	0.769
C0HMB6	GO:0010951	0.757
C0HMB6	GO:0044477	0.608
C0HMB8	GO:0006952	0.399
C0HMB8	GO:0044493	0.867
C0HMB9	GO:0006952	0.403
C0HMB9	GO:0044493	0.896
C0HMC0	GO:0006952	0.429
C0HMC0	GO:0044493	0.903
C0HMC1	GO:0006952	0.422
C0HMC1	GO:0044493	0.899
C0HMC2	GO:0006952	0.504
C0HMC2	GO:0044493	0.879
C0HMC5	GO:0006952	0.396
C0HMC5	GO:0044493	0.894
C0HMC6	GO:0006952	0.449
C0HMC6	GO:0044493	0.904
C0HME1	GO:0006952	0.403
C0HME1	GO:0044493	0.900
C0HME2	GO:0006952	0.478
C0HME2	GO:0044493	0.869
C0HME3	GO:0006952	0.419
C0HME3	GO:0044562	0.771
C0HME3	GO:0050830	0.426
C0HME3	GO:0051715	0.390
C0HME4	GO:0006952	0.361
C0HME4	GO:0044493	0.382
C0HME4	GO:0044562	0.883
C0HME5	GO:0030437	0.319
C0HME7	GO:0044478	0.682
C0HMF1	GO:0002181	0.310
C0HMF2	GO:0002227	0.521
C0HMF3	GO:0002227	0.485
C0HMF8	GO:1904731	0.441
C0HMG2	GO:0034120	0.525
C0HMG4	GO:0006952	0.481
C0HMG4	GO:0044493	0.439
C0HMG4	GO:0051715	0.713
C4JF72	GO:1900584	0.385
C4JF76	GO:0043386	0.322
C4JF76	GO:2001310	0.371
C4JF78	GO:0035837	0.377
C4JF78	GO:0044550	0.408
C4JF78	GO:0140782	0.453
C4JF81	GO:0044550	0.353
C4JF82	GO:1900809	0.346
C5MR76	GO:0002047	0.521
C6KSN4	GO:0010998	0.569
C6KSN4	GO:0044114	0.645
C9ZDC6	GO:0002047	0.388
D2VS83	GO:0051013	0.313
D2XUU4	GO:0050829	0.320
D2XUU4	GO:0050830	0.634
D2XUU5	GO:0050830	0.600
D2XUU6	GO:0050829	0.376
D2XUU6	GO:0050830	0.597
D2XUU8	GO:0050830	0.522
D2XUU9	GO:0050830	0.496
D2XUV0	GO:0050830	0.472
D2XUV1	GO:0050830	0.421
D3YXF5	GO:0006956	0.499
D3YXF5	GO:0160257	0.401
D5LWW7	GO:0010623	0.380
D5RFM4	GO:0006145	0.407
D5RFM4	GO:0009231	0.314
D5RFM4	GO:0019243	0.500
D8QCG9	GO:0042243	0.764
E0CZ42	GO:0001778	0.596
E0CZ42	GO:0033292	0.350
E0D202	GO:0010106	0.335
E0D209	GO:0006355	0.395
E0D209	GO:0045892	0.323
E0D209	GO:0045893	0.347
E0N688	GO:0015628	0.441
E0N688	GO:0036460	0.311
E2I9M6	GO:0008033	0.481
E4VP11	GO:0044179	0.613
E4VP11	GO:0050829	0.774
E4VP11	GO:0050830	0.777
E6Y8B9	GO:0016485	0.825
E6Y8B9	GO:0016540	0.349
E9DW54	GO:0006357	0.388
E9DW54	GO:0045944	0.399
E9DXX9	GO:0006357	0.386
E9DXX9	GO:0045893	0.317
E9DXX9	GO:0045944	0.376
E9E114	GO:1900378	0.647
E9EWQ4	GO:0005991	0.337
E9EWQ4	GO:0048315	0.516
E9EWQ4	GO:1900376	0.398
E9EXC4	GO:0060963	0.305
E9F0S1	GO:0000719	0.440
E9F591	GO:0043609	0.361
E9F591	GO:1900376	0.898
E9F8I5	GO:0006368	0.303
E9F970	GO:0032581	0.563
E9F970	GO:0071786	0.537
E9FBT2	GO:0042243	0.548
E9FDE9	GO:0042243	0.347
E9Q3G8	GO:0051292	0.310
E9QG33	GO:0060271	0.638
E9QG33	GO:1905349	0.329
E9QT94	GO:0042243	0.774
F0VAI6	GO:0006457	0.354
F0VAI6	GO:0034975	0.305
F0VAI6	GO:0036498	0.330
F1DQG5	GO:0006508	0.688
F2SL80	GO:1900378	0.878
F2SL82	GO:0044550	0.356
F2SL83	GO:0140783	0.342
F2SL86	GO:0140722	0.339
F4HWU0	GO:0009742	0.300
F5HM55	GO:0001516	0.326
F5HM55	GO:0007306	0.398
F5HM55	GO:0042744	0.461
F6K5S6	GO:0002776	0.802
F6K5S6	GO:0007218	0.692
F6K5S6	GO:0050829	0.415
F6K5S6	GO:0050830	0.307
F6K6F3	GO:0044493	0.442
F6K6F3	GO:0050830	0.435
G0RT93	GO:1903215	0.387
G0S1P8	GO:0034599	0.694
G0S1P8	GO:0045454	0.431
G0SCH6	GO:0000447	0.531
G0SE11	GO:0002098	0.659
G0SE11	GO:0002143	0.492
G0SE11	GO:0017183	0.653
G0SE11	GO:0032447	0.475
G0SE11	GO:0034227	0.819
G0SEG2	GO:0002181	0.775
G0SEG2	GO:0009955	0.445
G0SF39	GO:0006367	0.403
G0SF39	GO:0051123	0.659
G0SF80	GO:0006364	0.554
G0SHQ2	GO:0002181	0.800
G1XJN1	GO:0000296	0.343
G1XJN1	GO:2001317	0.350
G1XJZ0	GO:0007186	0.534
G1XJZ0	GO:0007189	0.330
G1XJZ0	GO:0050908	0.305
G2X0L1	GO:0045493	0.864
G2X4G1	GO:0045493	0.476
G2X5X8	GO:0045493	0.853
G2X8M4	GO:0045493	0.889
G4MSY9	GO:1900809	0.391
G4MYD3	GO:0045944	0.310
G4MZ21	GO:0009164	0.746
G4MZ21	GO:1900551	0.539
G4NB33	GO:0140727	0.372
G4NCK1	GO:0006357	0.399
G4NCK1	GO:0030447	0.432
G4NCK1	GO:0045944	0.441
G4NGN5	GO:0019243	0.617
G4NGN5	GO:0080028	0.340
G5EI58	GO:0006468	0.349
G7LCC3	GO:0009736	0.353
G7LCC3	GO:0048831	0.348
G8FPZ8	GO:0045493	0.538
G8FPZ8	GO:0052009	0.863
G9BWP3	GO:0042435	0.416
G9MJD8	GO:0045493	0.512
G9MJD8	GO:0052009	0.835
G9MK14	GO:0052009	0.307
G9MXR6	GO:0052009	0.609
G9NTJ1	GO:0052009	0.460
G9PB60	GO:0045493	0.499
G9PB60	GO:0052009	0.828
H2ELT1	GO:0007608	0.783
H2ELT1	GO:0019236	0.736
H2ELT1	GO:0042048	0.751
H2ELT1	GO:0043695	0.334
H2ELT1	GO:0050909	0.361
H2ELT1	GO:0050911	0.803
I1RDP9	GO:0050830	0.352
I1RDQ0	GO:0050830	0.354
I1RDQ0	GO:0140403	0.391
I1RJE5	GO:0000752	0.452
I1RJE5	GO:0031505	0.413
I1RQE2	GO:0048315	0.559
I1RQE2	GO:1900376	0.421
I1RV60	GO:0070787	0.384
I1RV60	GO:0070790	0.646
I1RV60	GO:0080185	0.375
I6L8L7	GO:0030587	0.392
I6YBQ3	GO:0006355	0.352
I6YBQ3	GO:0045892	0.503
I6YBQ3	GO:0045893	0.312
I7M008	GO:0003341	0.360
I7MD46	GO:0006909	0.361
I7MD46	GO:0030587	0.581
I7MD46	GO:0031589	0.390
J3KAR5	GO:0043386	0.380
J3KAR5	GO:2001310	0.398
J3KAR6	GO:1902181	0.387
J3KAS3	GO:0044550	0.345
J4KPV6	GO:0042243	0.852
J4KQN3	GO:0006511	0.686
J4KQN3	GO:0016567	0.489
J4UJ50	GO:0050830	0.374
J4UQI9	GO:0000727	0.342
J4VZG7	GO:1900378	0.785
J4W2A8	GO:0042243	0.664
J4WK53	GO:0000025	0.364
J4WK53	GO:0000719	0.410
J4WK53	GO:1900376	0.305
J4WLR8	GO:0045944	0.383
J4WLR8	GO:0070787	0.726
J4WLR8	GO:0075307	0.333
J4WLR8	GO:1900376	0.414
J5J1K4	GO:0048315	0.437
J5J1K4	GO:1900376	0.417
J5JC27	GO:0045944	0.312
J5JPV3	GO:1990542	0.778
J5JYA0	GO:1900376	0.390
J5JYQ1	GO:0075307	0.356
J5K1D5	GO:1900378	0.503
J9UD11	GO:0000296	0.303
J9UD11	GO:0015848	0.342
J9VG14	GO:0006357	0.482
J9VG14	GO:0045944	0.432
J9VG14	GO:1900376	0.326
J9VM54	GO:0098702	0.321
J9VUG5	GO:0006357	0.302
J9VWG0	GO:0006357	0.426
J9VWG0	GO:0045944	0.427
J9VWG0	GO:1900376	0.329
K5TWP9	GO:0033617	0.543
K9GHZ3	GO:0045493	0.874
K9IVI1	GO:0006099	0.587
L7F3F8	GO:0002047	0.395
L7N648	GO:0030254	0.308
L7N648	GO:0051701	0.300
M1C8A4	GO:0000911	0.538
M1C8A4	GO:0060321	0.943
M4MEY9	GO:0045493	0.314
M9MS50	GO:0006468	0.456
O06550	GO:0045892	0.370
O06550	GO:0045893	0.360
O06624	GO:0009372	0.318
O06624	GO:0085016	0.322
O13502	GO:0001907	0.401
O13502	GO:0042243	0.685
O13503	GO:0001907	0.513
O13503	GO:0042243	0.725
O17899	GO:0007186	0.423
O50330	GO:0009291	0.492
O50331	GO:0044315	0.467
O50333	GO:0044315	0.487
O50335	GO:0043107	0.427
O50336	GO:0015628	0.418
O50336	GO:0043107	0.681
O50336	GO:0043683	0.735
O50337	GO:0015628	0.364
O51799	GO:0002047	0.745
O60047	GO:0001907	0.361
O60047	GO:0042243	0.861
O60048	GO:0001907	0.496
O60048	GO:0042243	0.389
O62609	GO:0007419	0.384
O62609	GO:0007480	0.562
O62609	GO:0008587	0.339
O62609	GO:0014019	0.345
O62609	GO:0045893	0.318
O62609	GO:0045944	0.672
O76269	GO:0000296	0.335
O76343	GO:0000296	0.381
O93917	GO:0001907	0.346
O93917	GO:0042243	0.777
O94203	GO:0001907	0.589
O94217	GO:0042243	0.628
O96660	GO:0030509	0.567
O96660	GO:0045944	0.584
P0DRE1	GO:0007218	0.311
P0DRE2	GO:0045987	0.301
P0DRE4	GO:0007218	0.716
P0DRE5	GO:0007218	0.715
P0DRE6	GO:0007218	0.374
P0DRE8	GO:0007218	0.881
P0DRE9	GO:0007218	0.636
P0DRF0	GO:0007218	0.447
P0DRF3	GO:0007218	0.792
P0DRF4	GO:0045987	0.301
P0DRF7	GO:0007218	0.716
P0DRF8	GO:0007218	0.715
P0DRG5	GO:0007218	0.779
P0DRG6	GO:0007218	0.618
P0DRG6	GO:0045987	0.302
P0DRG8	GO:0045987	0.421
P0DRH0	GO:0007218	0.658
P0DRH1	GO:0007218	0.882
P0DRH2	GO:0045987	0.312
P0DRH3	GO:0002776	0.602
P0DRH3	GO:0007218	0.823
P0DRH4	GO:0002776	0.499
P0DRH4	GO:0007218	0.610
P0DRH4	GO:0050829	0.393
P0DRH4	GO:0050830	0.405
P0DRH5	GO:0002776	0.557
P0DRH5	GO:0007218	0.710
P0DRH5	GO:0050829	0.390
P0DRH5	GO:0050830	0.423
P0DRH6	GO:0002776	0.645
P0DRH6	GO:0007218	0.855
P0DRH6	GO:0050829	0.316
P0DRH7	GO:0006952	0.348
P0DRH7	GO:0050829	0.485
P0DRH7	GO:0050830	0.511
P0DRH7	GO:0050832	0.326
P0DRH8	GO:0006952	0.312
P0DRH8	GO:0044562	0.643
P0DRH9	GO:1905910	0.449
P0DRI0	GO:0040024	0.315
P0DRI0	GO:1905910	0.672
P0DRI1	GO:0008286	0.305
P0DRI1	GO:1905910	0.631
P0DRI2	GO:1905910	0.384
P0DRI3	GO:0050829	0.301
P0DRI3	GO:1905910	0.333
P0DRI4	GO:0006952	0.366
P0DRI4	GO:0044493	0.734
P0DRI4	GO:0051715	0.663
P0DRI7	GO:0097501	0.384
P0DRI7	GO:0120127	0.342
P0DRI9	GO:0006952	0.380
P0DRI9	GO:0035738	0.400
P0DRI9	GO:0042742	0.331
P0DRI9	GO:0050829	0.599
P0DRI9	GO:0050830	0.613
P0DRI9	GO:0050832	0.318
P0DRI9	GO:0051715	0.387
P0DRK5	GO:0140166	0.317
P0DRK8	GO:0140166	0.486
P0DRL0	GO:0007218	0.588
P0DRL1	GO:0006952	0.329
P0DRL1	GO:0050829	0.356
P0DRL1	GO:0050830	0.489
P0DRL2	GO:0006952	0.791
P0DRL2	GO:0051715	0.779
P0DRL3	GO:0006952	0.753
P0DRL3	GO:0051715	0.690
P0DRL5	GO:0006952	0.387
P0DRL5	GO:0097501	0.489
P0DRL5	GO:0120127	0.419
P0DRL6	GO:0006952	0.405
P0DRL6	GO:0035738	0.621
P0DRL6	GO:0044562	0.301
P0DRL6	GO:0050830	0.342
P0DRL6	GO:0051715	0.347
P0DRL6	GO:0097501	0.366
P0DRL7	GO:0006952	0.389
P0DRL7	GO:0044562	0.322
P0DRL7	GO:0050830	0.362
P0DRL8	GO:0006952	0.388
P0DRL8	GO:0035738	0.365
P0DRL8	GO:0050830	0.438
P0DRL9	GO:0006952	0.349
P0DRL9	GO:0050830	0.355
P0DRL9	GO:0097501	0.542
P0DRL9	GO:0120127	0.399
P0DRM0	GO:0006952	0.417
P0DRM0	GO:0050829	0.462
P0DRM0	GO:0050830	0.591
P0DRM0	GO:0051715	0.431
P0DRM0	GO:0097501	0.485
P0DRM0	GO:0120127	0.344
P0DRM1	GO:0006952	0.558
P0DRM1	GO:0050829	0.467
P0DRM1	GO:0050830	0.592
P0DRM1	GO:0050832	0.366
P0DRM1	GO:0051715	0.440
P0DRM2	GO:0006952	0.414
P0DRM2	GO:0044493	0.338
P0DRM2	GO:0050829	0.437
P0DRM2	GO:0050830	0.426
P0DRM3	GO:0050829	0.609
P0DRM3	GO:0050830	0.705
P0DRM4	GO:0044398	0.311
P0DXG5	GO:0045892	0.365
P0DXI7	GO:1901601	0.342
P0DXI9	GO:0006355	0.324
P0DXI9	GO:1902347	0.334
P0DXJ1	GO:0009809	0.377
P0DXJ1	GO:0035834	0.620
P0DXJ2	GO:0035835	0.402
P0DXJ3	GO:0009809	0.872
P0DXJ5	GO:0009627	0.410
P0DXK0	GO:0000911	0.438
P0DXK0	GO:0060321	0.909
P0DXK1	GO:0060321	0.527
P0DXK2	GO:0060321	0.773
P0DXK3	GO:0000911	0.468
P0DXK3	GO:0060321	0.920
P0DXU6	GO:0051701	0.306
P0DXV3	GO:1902181	0.473
P0DXV4	GO:0043386	0.328
P0DXV4	GO:1902181	0.531
P0DXV5	GO:0044550	0.378
P0DXV5	GO:0140722	0.398
P0DXV6	GO:0044550	0.315
P0DXV9	GO:0140781	0.599
P0DXW0	GO:0140722	0.307
P0DXW0	GO:0140873	0.957
P0DXW1	GO:0140873	0.966
P0DXW2	GO:0044550	0.377
P0DXW2	GO:0045122	0.379
P0DXW2	GO:1900815	0.382
P0DXW4	GO:0006952	0.472
P0DXW4	GO:0050829	0.419
P0DXW4	GO:0050830	0.610
P0DXW4	GO:0050832	0.397
P0DXW6	GO:0050829	0.308
P0DXW6	GO:0050830	0.512
P0DXW6	GO:0050832	0.312
P0DXW7	GO:0006952	0.422
P0DXW7	GO:0035738	0.486
P0DXW7	GO:0050829	0.372
P0DXW7	GO:0050830	0.535
P0DXW7	GO:0050832	0.312
P0DXW7	GO:0051715	0.339
P0DXW8	GO:0050830	0.412
P0DXX4	GO:0045927	0.538
P0DXX7	GO:0015628	0.591
P0DXY1	GO:1901848	0.312
P0DXY7	GO:0010447	0.432
P0DXY8	GO:1901848	0.471
P0DXZ3	GO:0006351	0.328
P0DXZ3	GO:0045892	0.340
P0DXZ4	GO:0044179	0.593
P0DXZ4	GO:0050829	0.717
P0DXZ4	GO:0050830	0.864
P0DXZ4	GO:0050832	0.397
P0DXZ5	GO:0006952	0.353
P0DXZ5	GO:0007218	0.325
P0DXZ5	GO:0035738	0.381
P0DXZ5	GO:0044179	0.390
P0DXZ5	GO:0050829	0.586
P0DXZ5	GO:0050830	0.705
P0DXZ5	GO:0050832	0.494
P0DXZ5	GO:0051715	0.386
P0DXZ6	GO:0044398	0.593
P0DXZ6	GO:0044521	0.563
P0DXZ6	GO:0044522	0.535
P0DXZ6	GO:0046470	0.438
P0DXZ7	GO:0006952	0.366
P0DXZ8	GO:0002776	0.542
P0DXZ8	GO:0007218	0.676
P0DXZ8	GO:0050829	0.490
P0DXZ8	GO:0050830	0.482
P0DXZ8	GO:0050832	0.319
P0DXZ9	GO:0002776	0.551
P0DXZ9	GO:0007218	0.628
P0DXZ9	GO:0060183	0.351
P0DY00	GO:0007218	0.371
P0DY00	GO:0044179	0.393
P0DY00	GO:0050829	0.615
P0DY00	GO:0050830	0.695
P0DY00	GO:0050832	0.363
P0DY01	GO:0002776	0.499
P0DY01	GO:0007218	0.751
P0DY02	GO:0002776	0.354
P0DY02	GO:0007218	0.460
P0DY02	GO:0044179	0.371
P0DY02	GO:0050829	0.568
P0DY02	GO:0050830	0.629
P0DY02	GO:0050832	0.353
P0DY03	GO:0002776	0.678
P0DY03	GO:0007218	0.437
P0DY03	GO:0050829	0.474
P0DY03	GO:0050830	0.493
P0DY04	GO:0050832	0.341
P0DY09	GO:0006097	0.316
P0DY09	GO:0019629	0.763
P0DY11	GO:1901848	0.425
P0DY15	GO:0044179	0.396
P0DY15	GO:0050829	0.628
P0DY15	GO:0050830	0.664
P0DY16	GO:0002776	0.374
P0DY16	GO:0044179	0.500
P0DY16	GO:0050829	0.707
P0DY16	GO:0050830	0.694
P0DY16	GO:0050832	0.354
P0DY17	GO:0002776	0.596
P0DY17	GO:0007218	0.454
P0DY17	GO:0050829	0.562
P0DY17	GO:0050830	0.629
P0DY17	GO:0050832	0.379
P0DY18	GO:0050829	0.498
P0DY18	GO:0050830	0.658
P0DY19	GO:0008286	0.346
P0DY19	GO:0030431	0.348
P0DY19	GO:0040024	0.364
P0DY19	GO:1905910	0.718
P0DY21	GO:0006952	0.348
P0DY21	GO:0035738	0.465
P0DY22	GO:0045493	0.318
P0DY23	GO:0140873	0.331
P0DY24	GO:0042742	0.307
P0DY24	GO:0050829	0.510
P0DY24	GO:0050830	0.553
P0DY25	GO:0006952	0.480
P0DY25	GO:0035738	0.529
P0DY25	GO:0050829	0.390
P0DY25	GO:0050830	0.537
P0DY25	GO:0050832	0.330
P0DY26	GO:0061844	0.345
P0DY27	GO:0061844	0.385
P0DY32	GO:0008610	0.385
P0DY32	GO:0071766	0.346
P0DY37	GO:0002047	0.545
P0DY38	GO:0006952	0.477
P0DY38	GO:0044493	0.683
P0DY39	GO:0050829	0.470
P0DY39	GO:0050830	0.468
P0DY42	GO:0035899	0.577
P0DY42	GO:0044398	0.620
P0DY42	GO:0044521	0.654
P0DY42	GO:0044522	0.615
P0DY43	GO:0006952	0.401
P0DY43	GO:0035738	0.421
P0DY43	GO:0042742	0.354
P0DY43	GO:0050829	0.643
P0DY43	GO:0050830	0.665
P0DY43	GO:0050832	0.403
P0DY44	GO:0050830	0.455
P0DY49	GO:0010447	0.341
P0DY52	GO:0044550	0.540
P0DY53	GO:0002047	0.475
P0DY53	GO:0019540	0.482
P0DY62	GO:1900560	0.397
P0DY83	GO:0007608	0.764
P0DY83	GO:0019236	0.373
P0DY83	GO:0050911	0.935
P0DYA9	GO:0006952	0.532
P0DYA9	GO:0035738	0.519
P0DYA9	GO:0097501	0.513
P0DYA9	GO:0120127	0.479
P0DYA9	GO:0140301	0.340
P0DYB0	GO:0006952	0.354
P0DYB0	GO:0035738	0.590
P0DYB0	GO:0050830	0.330
P0DYB1	GO:0050829	0.419
P0DYB1	GO:0050830	0.460
P0DYB2	GO:0006952	0.356
P0DYB2	GO:0035738	0.638
P0DYB2	GO:0050829	0.316
P0DYB2	GO:0050830	0.466
P0DYB2	GO:0050832	0.423
P0DYB3	GO:0050829	0.563
P0DYB3	GO:0050830	0.590
P0DYB3	GO:0050832	0.322
P0DYB4	GO:0006952	0.387
P0DYB4	GO:0035738	0.469
P0DYB4	GO:0050830	0.352
P71888	GO:0045892	0.375
P78601	GO:0001907	0.414
P78601	GO:0042243	0.500
P78602	GO:0001907	0.406
P78602	GO:0042243	0.658
P9WEE6	GO:0140873	0.951
P9WEE7	GO:0051762	0.557
P9WEF3	GO:0045122	0.342
P9WEF3	GO:0140781	0.315
P9WEF8	GO:0045122	0.436
P9WEG1	GO:1900584	0.413
P9WEG2	GO:0044550	0.386
P9WEG3	GO:0140873	0.374
P9WEG3	GO:1900809	0.454
P9WEG4	GO:0043386	0.642
P9WEG4	GO:0045122	0.313
P9WEG4	GO:0052562	0.473
P9WEG4	GO:2001310	0.646
P9WEG6	GO:0044550	0.563
P9WEG6	GO:0045122	0.716
P9WEG6	GO:0140781	0.398
P9WEG6	GO:1900815	0.390
P9WEG7	GO:0140722	0.317
P9WEG7	GO:0140873	0.942
Q00367	GO:0042243	0.569
Q00368	GO:0019915	0.377
Q00368	GO:0071786	0.319
Q05AL8	GO:0000122	0.312
Q05AL8	GO:0045893	0.406
Q05AL8	GO:0045944	0.536
Q080S8	GO:0006777	0.422
Q08CD9	GO:0051225	0.704
Q08CD9	GO:0090221	0.842
Q0CPG8	GO:0140873	0.505
Q0KKA0	GO:0030435	0.408
Q0R411	GO:0045493	0.512
Q0R411	GO:0052009	0.835
Q10GJ1	GO:0016567	0.568
Q17NR1	GO:0044179	0.682
Q17NR1	GO:0050829	0.841
Q17NR1	GO:0050830	0.868
Q17NR1	GO:0050832	0.375
Q17NR4	GO:0044179	0.708
Q17NR4	GO:0050829	0.861
Q17NR4	GO:0050830	0.873
Q17NR4	GO:0050832	0.416
Q1I187	GO:0042243	0.835
Q1I187	GO:0141145	0.310
Q1PA41	GO:0075109	0.487
Q22A67	GO:0060294	0.466
Q22HI5	GO:0030587	0.505
Q22HI5	GO:0031589	0.527
Q22HI5	GO:0098609	0.424
Q23421	GO:0007020	0.651
Q23421	GO:0051415	0.475
Q23421	GO:0090221	0.742
Q2GPS5	GO:0045122	0.325
Q2GPS6	GO:0044550	0.344
Q2GPS6	GO:0140735	0.344
Q2GPS6	GO:1900809	0.503
Q2GPS6	GO:2001310	0.370
Q2GPS7	GO:1900584	0.366
Q2GPS8	GO:0043386	0.352
Q2GPS8	GO:0044550	0.385
Q2GPS8	GO:1900378	0.845
Q2GPS9	GO:0140783	0.339
Q2GPT0	GO:0080037	0.402
Q2GPT1	GO:0140781	0.387
Q2GPT2	GO:1900809	0.524
Q2GPT3	GO:0044550	0.586
Q2GPT4	GO:0045493	0.447
Q2GPT6	GO:1900809	0.538
Q2GPT8	GO:1903710	0.454
Q2GPT8	GO:1903711	0.354
Q2HYY9	GO:0042742	0.320
Q2HYY9	GO:0044179	0.324
Q2HYY9	GO:0050829	0.761
Q2HYY9	GO:0050830	0.819
Q2HYY9	GO:0050832	0.336
Q2RW95	GO:0052837	0.375
Q2RW95	GO:1901848	0.348
Q2TXQ1	GO:0043386	0.535
Q2TXQ1	GO:1902181	0.365
Q2TXQ1	GO:2001310	0.431
Q2U3W7	GO:0042243	0.900
Q2U3W7	GO:0141145	0.353
Q2UF99	GO:0043386	0.368
Q2UF99	GO:2001310	0.379
Q2YRP4	GO:0006355	0.455
Q2YRP4	GO:0045893	0.563
Q381V1	GO:0090221	0.348
Q381X9	GO:0008033	0.444
Q38CB5	GO:0006432	0.683
Q38CB5	GO:0008033	0.764
Q38CB5	GO:0031119	0.317
Q3HS87	GO:0001907	0.367
Q3HS87	GO:0042243	0.695
Q4GYX7	GO:0046689	0.327
Q4J8R2	GO:0006285	0.397
Q4WBR8	GO:0042243	0.574
Q4WD22	GO:0006030	0.472
Q4WD22	GO:0031505	0.760
Q4WE63	GO:0048315	0.338
Q4WEK0	GO:0140403	0.406
Q4WF00	GO:0030245	0.555
Q4WK40	GO:1900378	0.489
Q4WMW2	GO:0006030	0.339
Q4WMW2	GO:0009272	0.328
Q4WMW2	GO:0031505	0.567
Q4WXE6	GO:0009272	0.394
Q4WXE6	GO:0016052	0.380
Q4WXE6	GO:0031505	0.633
Q4WXF4	GO:0019264	0.638
Q4X055	GO:0042243	0.390
Q53AM4	GO:0007611	0.353
Q53AM4	GO:0045026	0.365
Q54RB8	GO:0030587	0.554
Q54WU1	GO:0030587	0.585
Q55C03	GO:0006909	0.315
Q55C03	GO:0006971	0.314
Q55C03	GO:0030435	0.336
Q55C03	GO:0030587	0.662
Q55C03	GO:0031149	0.321
Q57XN4	GO:0006414	0.313
Q57YS8	GO:0002119	0.332
Q57YS8	GO:0007279	0.334
Q57YS8	GO:0008356	0.356
Q57YS8	GO:0045167	0.323
Q57ZI5	GO:0035720	0.527
Q57ZI5	GO:0035735	0.812
Q582T2	GO:0008033	0.775
Q584I8	GO:0002119	0.387
Q584I8	GO:0008356	0.345
Q59TS6	GO:0000122	0.333
Q5A3L9	GO:0006357	0.430
Q5A3L9	GO:0030447	0.583
Q5A3L9	GO:0036180	0.401
Q5A3L9	GO:0045944	0.612
Q5A3L9	GO:1900445	0.661
Q5A786	GO:0000281	0.357
Q5A786	GO:0007015	0.402
Q5A786	GO:0030036	0.319
Q5A786	GO:0030837	0.769
Q5A786	GO:0030838	0.547
Q5A786	GO:0032956	0.358
Q5A786	GO:0044396	0.480
Q5A786	GO:0045010	0.363
Q5A786	GO:0071689	0.617
Q5A786	GO:0090338	0.439
Q5A786	GO:1903475	0.643
Q5AF55	GO:0006357	0.407
Q5AF55	GO:0030447	0.516
Q5AF55	GO:0036180	0.374
Q5AF55	GO:0045944	0.487
Q5AF55	GO:1900445	0.801
Q5AHE5	GO:0030447	0.425
Q5AHE5	GO:0035268	0.537
Q5ALM0	GO:0009088	0.852
Q5ALM0	GO:0009090	0.350
Q5ALM0	GO:0019878	0.335
Q5ALM0	GO:0071266	0.697
Q5ANG4	GO:0006357	0.394
Q5ANG4	GO:0045944	0.429
Q5ANI0	GO:0030447	0.531
Q5ANI0	GO:1900445	0.583
Q5ASR7	GO:0030447	0.395
Q5AVZ1	GO:0042243	0.593
Q5AY37	GO:0043386	0.362
Q5AY37	GO:0044550	0.653
Q5AY37	GO:0046416	0.578
Q5AY37	GO:2001310	0.541
Q5AY40	GO:1900378	0.771
Q5AY42	GO:1900378	0.605
Q5AZ79	GO:0042243	0.863
Q5BC93	GO:0042243	0.846
Q5CT41	GO:0030435	0.322
Q5CW91	GO:0015886	0.347
Q5D8X4	GO:0140576	0.668
Q5F676	GO:0015628	0.524
Q5F676	GO:0036460	0.356
Q5JE51	GO:0002181	0.555
Q5JE51	GO:0032543	0.855
Q5JGN5	GO:0032543	0.965
Q5JIV0	GO:0032543	0.599
Q5JJG6	GO:0032543	0.684
Q5SC49	GO:0010623	0.384
Q5SC51	GO:0000768	0.965
Q5SC51	GO:0006949	0.404
Q5SC53	GO:0000768	0.323
Q5SC54	GO:0030437	0.307
Q5U2T9	GO:0006457	0.316
Q5U3T5	GO:0045893	0.353
Q5U3T5	GO:0045944	0.539
Q63J58	GO:0009253	0.380
Q63J58	GO:0015628	0.692
Q63J58	GO:0043952	0.725
Q66ID3	GO:0008033	0.421
Q6CVH2	GO:0006272	0.303
Q6CVH2	GO:0045739	0.387
Q6CVH2	GO:0070987	0.310
Q6FKR3	GO:0045944	0.393
Q6LXX7	GO:0043419	0.336
Q6MWX1	GO:0010961	0.431
Q6MWX1	GO:0015767	0.331
Q6MWX1	GO:0035435	0.594
Q6MWX1	GO:0039588	0.356
Q6MWX1	GO:0042783	0.470
Q6MWX1	GO:0051701	0.377
Q6MWX1	GO:0140321	0.514
Q6MWX1	GO:1903830	0.560
Q6MWX1	GO:1904981	0.414
Q6PHP4	GO:0000122	0.337
Q6UXT6	GO:0007606	0.446
Q6UXT6	GO:0007608	0.447
Q6UXT6	GO:0050907	0.473
Q6YF29	GO:0042243	0.352
Q6YF31	GO:0042243	0.908
Q6YF32	GO:0042243	0.843
Q75LV6	GO:0016567	0.464
Q75T84	GO:0001907	0.525
Q75T84	GO:0042243	0.736
Q7DDD9	GO:0045892	0.447
Q7K003	GO:0006338	0.380
Q7K003	GO:0045815	0.334
Q7KN92	GO:0006024	0.375
Q7KN92	GO:0006493	0.364
Q7KN92	GO:0015012	0.459
Q7KN92	GO:0042125	0.382
Q7KN92	GO:0045747	0.515
Q7KN92	GO:0050650	0.390
Q7KN92	GO:0120532	0.322
Q7S3P5	GO:0001907	0.367
Q7YXK5	GO:0042742	0.346
Q7YXK5	GO:0050829	0.758
Q7YXK5	GO:0050830	0.805
Q7YXK5	GO:0050832	0.327
Q7Z9L4	GO:0031505	0.534
Q7Z9L4	GO:0140403	0.522
Q7Z9L5	GO:0042243	0.500
Q7ZW18	GO:0034220	0.358
Q7ZW18	GO:1903515	0.544
Q7ZW18	GO:1903779	0.539
Q820A8	GO:0090529	0.380
Q83YH3	GO:0052167	0.351
Q86PT9	GO:0035899	0.723
Q8CWM9	GO:0000725	0.315
Q8I299	GO:0044409	0.326
Q8I397	GO:0010998	0.564
Q8I465	GO:0030587	0.422
Q8I465	GO:0031152	0.382
Q8I465	GO:0048870	0.322
Q8I465	GO:0120320	0.342
Q8I465	GO:1903665	0.314
Q8IDH9	GO:0010998	0.378
Q8III1	GO:1905198	0.429
Q8IJ32	GO:0090149	0.427
Q8IL80	GO:0042744	0.533
Q8IL80	GO:0045454	0.434
Q8ILY1	GO:0010998	0.486
Q8KN66	GO:0009103	0.303
Q8KN66	GO:0009243	0.396
Q8QV65	GO:0000768	0.957
Q8QV65	GO:0006949	0.378
Q8RI81	GO:0006145	0.382
Q8RI81	GO:0009231	0.387
Q8RI81	GO:0019243	0.358
Q8SBJ2	GO:1901135	0.412
Q8SYK4	GO:0001675	0.404
Q8U0T4	GO:0032543	0.972
Q8VEZ1	GO:0007606	0.364
Q8VEZ1	GO:0007608	0.418
Q8W570	GO:0036503	0.316
Q8X1N0	GO:0042243	0.575
Q8X1T7	GO:0001907	0.457
Q8X1T7	GO:0042243	0.801
Q8X1T8	GO:0001907	0.465
Q8X1T8	GO:0042243	0.623
Q8X1T9	GO:0001907	0.412
Q8X1T9	GO:0042243	0.780
Q8XAN6	GO:0006511	0.514
Q8XAN6	GO:0016567	0.322
Q8ZL97	GO:0045892	0.375
Q92PZ7	GO:0006355	0.372
Q92PZ7	GO:0045893	0.483
Q92ZP7	GO:1901848	0.331
Q92ZP8	GO:1901848	0.653
Q92ZP9	GO:0019380	0.449
Q92ZP9	GO:0031457	0.349
Q95ZD7	GO:0009298	0.365
Q963F7	GO:0010760	0.432
Q97ZH4	GO:0002181	0.532
Q980F7	GO:0032543	0.936
Q98500	GO:0006370	0.958
Q98500	GO:0008033	0.656
Q9AUD8	GO:0031408	0.317
Q9BJ36	GO:0006839	0.448
Q9BJ36	GO:0140021	0.398
Q9BJ36	GO:1990544	0.404
Q9CZP3	GO:0000122	0.342
Q9DAE2	GO:0000381	0.343
Q9DAE2	GO:0006376	0.387
Q9DAE2	GO:0048025	0.599
Q9DAE2	GO:0048026	0.366
Q9DQA5	GO:0010623	0.377
Q9F7D7	GO:0010447	0.307
Q9GTP5	GO:0000296	0.479
Q9HDD5	GO:0001907	0.425
Q9HDD5	GO:0042243	0.754
Q9K163	GO:0015628	0.468
Q9K163	GO:0036460	0.336
Q9KN86	GO:0015628	0.441
Q9KN86	GO:0036460	0.625
Q9KU93	GO:0015628	0.349
Q9KU93	GO:0036460	0.551
Q9KUL5	GO:0015628	0.395
Q9KUL5	GO:0036460	0.426
Q9L391	GO:0019290	0.313
Q9P8S9	GO:0001907	0.402
Q9P8S9	GO:0042243	0.601
Q9P8T0	GO:0001907	0.344
Q9P8T0	GO:0042243	0.672
Q9RHD7	GO:0009243	0.313
Q9SMW3	GO:0009809	0.366
Q9UVF9	GO:0045493	0.855
Q9VAM5	GO:0009047	0.421
Q9VAQ8	GO:0018991	0.366
Q9VBL5	GO:0036065	0.621
Q9VIA5	GO:0050907	0.539
Q9VIA5	GO:0050916	0.494
Q9VQG9	GO:0007313	0.609
Q9VQG9	GO:0007378	0.880
Q9VQG9	GO:0007474	0.332
Q9VQG9	GO:0007476	0.304
Q9VQG9	GO:0008586	0.582
Q9VQG9	GO:0035215	0.389
Q9VQG9	GO:0035222	0.454
Q9VQG9	GO:0045464	0.504
Q9VQG9	GO:0048636	0.435
Q9VQG9	GO:0060391	0.547
Q9VQG9	GO:2000736	0.656
Q9VQK4	GO:0006486	0.362
Q9VQK4	GO:0006688	0.321
Q9VQK4	GO:0036065	0.716
Q9VXM0	GO:0008347	0.316
Q9W365	GO:0050907	0.484
Q9WAF5	GO:0000768	0.941
Q9WAF5	GO:0006949	0.420
Q9Y7G9	GO:0001907	0.328
Q9Y7G9	GO:0042243	0.755
Q9Y7H0	GO:0042243	0.731
Q9Y8F0	GO:0001907	0.398
Q9Y8F0	GO:0042243	0.724
Q9ZPL5	GO:0019761	0.398
R4H5E1	GO:0006952	0.439
R4H5E1	GO:0044493	0.866
R9UC00	GO:0050830	0.408
R9UC04	GO:0050830	0.398
R9UC06	GO:0050830	0.501
R9UCX1	GO:0050830	0.586
R9UE59	GO:0050829	0.328
R9UE59	GO:0050830	0.626
R9UE63	GO:0050830	0.332
R9UE65	GO:0050830	0.498
R9UE68	GO:0050830	0.423
R9UFE0	GO:0050830	0.366
R9UFE4	GO:0050830	0.512
R9UFJ8	GO:0050829	0.327
R9UFJ8	GO:0050830	0.576
S3DQQ9	GO:0075307	0.341
S8ESV1	GO:0044571	0.300
S8EV69	GO:0000070	0.476
S8EV69	GO:0007059	0.315
S8EV69	GO:0008608	0.472
S8EV69	GO:0032053	0.410
S8EV69	GO:0035735	0.399
S8EV69	GO:0051225	0.328
S8EV69	GO:0051315	0.341
S8EV69	GO:0051383	0.536
S8EV69	GO:0090221	0.327
S8F0G9	GO:0031123	0.470
S8F0G9	GO:0032210	0.343
S8F0G9	GO:0043634	0.420
S8F0G9	GO:0071027	0.423
S8GH32	GO:0080156	0.445
T2BMW7	GO:0070787	0.713
T2BMW7	GO:1900376	0.394
T2BMW7	GO:1900691	0.432
U6KS09	GO:0042244	0.624
V5H924	GO:0045861	0.469
V9TS54	GO:0045493	0.749
W1Q703	GO:0006777	0.449
W1QAK2	GO:0007031	0.487
W1QAK2	GO:0032581	0.489
W1QAK2	GO:0061709	0.368
W1QAK2	GO:1900063	0.804
W1QB31	GO:0006777	0.371
W1QB31	GO:0032324	0.310
W1QDJ3	GO:0006777	0.554
W1QDU5	GO:1900063	0.476
W1QET1	GO:0006777	0.523
W1QET1	GO:0032447	0.584
W1QET1	GO:0034227	0.545
W1QGQ0	GO:0006777	0.574
W1QGQ0	GO:0032324	0.448
W1QHP2	GO:0007031	0.492
W1QL91	GO:0007031	0.593
W1QL91	GO:0032581	0.464
W1QL91	GO:1900063	0.567
W6JLB7	GO:0140873	0.671
W6JLV4	GO:0044550	0.410
W6JLV4	GO:0140873	0.479
W6JLV4	GO:1900809	0.631
W6JLV4	GO:1902181	0.575
W6JPP9	GO:0008299	0.333
W6JPP9	GO:0010142	0.638
W6JPP9	GO:0140873	0.670
W6QN83	GO:0045493	0.889
W6R6H4	GO:0009115	0.443
W7MMJ4	GO:1990961	0.388
W7N6P5	GO:1900378	0.920
X0JZ91	GO:0048315	0.341
X0JZ91	GO:0090334	0.324
X0JZ91	GO:1900376	0.482
