A0A059WI14	GO:0005506	0.310
A0A059WI14	GO:0008270	0.309
A0A059WI14	GO:0051537	0.448
A0A067NHW8	GO:0005199	0.304
A0A075D654	GO:0008170	0.482
A0A075D654	GO:0008171	0.311
A0A075D6M1	GO:0008170	0.536
A0A075D6M1	GO:0008171	0.317
A0A087WWS6	GO:0005126	0.340
A0A087WWS6	GO:0005132	0.437
A0A087WWS6	GO:0005502	0.342
A0A089LCJ8	GO:0004566	0.470
A0A0A2J9B3	GO:0000978	0.360
A0A0A2K253	GO:0005502	0.351
A0A0A8X338	GO:0009055	0.300
A0A0B4K7K9	GO:0005502	0.351
A0A0B4K7K9	GO:0005515	0.526
A0A0B5JC15	GO:0031176	0.380
A0A0D1C4X3	GO:0005502	0.349
A0A0D1C5X6	GO:0005502	0.300
A0A0D1CKI0	GO:0005199	0.469
A0A0D1DPX0	GO:0005199	0.342
A0A0D6DQE6	GO:0005502	0.339
A0A0E0S0W9	GO:0004674	0.541
A0A0E0S0W9	GO:0005502	0.306
A0A0E0S0W9	GO:0005515	0.453
A0A0E1RWJ5	GO:0016218	0.553
A0A0E1RXK8	GO:0004497	0.530
A0A0E1RXK8	GO:0004499	0.314
A0A0E1RXK8	GO:0016218	0.379
A0A0E3D8N3	GO:0004497	0.331
A0A0E3D8N3	GO:0016218	0.410
A0A0F6B281	GO:0004045	0.551
A0A0F6B5X3	GO:0005515	0.407
A0A0F6B5X3	GO:0097351	0.309
A0A0F6B8D8	GO:0005515	0.338
A0A0F6B8D8	GO:0061733	0.331
A0A0F6B8D9	GO:0005515	0.410
A0A0F6B8D9	GO:0097351	0.318
A0A0F6BAH8	GO:0005515	0.375
A0A0F6BAH9	GO:0005515	0.305
A0A0F7TWW9	GO:0004160	0.566
A0A0F7TZ11	GO:0004497	0.488
A0A0F7TZ11	GO:0016218	0.465
A0A0F7U0K0	GO:0004497	0.462
A0A0F9X418	GO:0016218	0.311
A0A0G4KL96	GO:0031176	0.465
A0A0H2X5R2	GO:0004516	0.581
A0A0H2X5R2	GO:0047280	0.576
A0A0H2XAU1	GO:0000976	0.307
A0A0H3DK98	GO:0005515	0.401
A0A0H3DN66	GO:0005515	0.455
A0A0H3HQS6	GO:0005515	0.391
A0A0H3KA40	GO:0005515	0.396
A0A0H3LMJ1	GO:0005515	0.314
A0A0H3LSV1	GO:0052621	0.355
A0A0H3LVU7	GO:0052621	0.418
A0A0J9U5N0	GO:0000978	0.415
A0A0J9U5N0	GO:0001228	0.337
A0A0J9U5N0	GO:0005502	0.301
A0A0J9U922	GO:0005502	0.314
A0A0J9U922	GO:0005515	0.319
A0A0J9UHQ6	GO:0005199	0.435
A0A0J9UVX2	GO:0004672	0.315
A0A0J9UVX2	GO:0004674	0.534
A0A0J9UVX2	GO:0005515	0.427
A0A0J9V2V7	GO:0005515	0.393
A0A0J9VT58	GO:0003700	0.335
A0A0J9VYS2	GO:0003700	0.331
A0A0J9W3S9	GO:0003700	0.311
A0A0J9W9G2	GO:0000978	0.312
A0A0J9W9G2	GO:0000981	0.301
A0A0J9W9G2	GO:0003700	0.344
A0A0J9WAS0	GO:0003700	0.339
A0A0J9WG94	GO:0005502	0.368
A0A0J9WP80	GO:0003700	0.316
A0A0J9WQL2	GO:0003724	0.480
A0A0J9WQL2	GO:0005515	0.426
A0A0J9WQL2	GO:0034458	0.398
A0A0J9WTU0	GO:0005515	0.393
A0A0J9WVC0	GO:0000978	0.304
A0A0J9WVC0	GO:0003700	0.329
A0A0L1JEW4	GO:0008398	0.594
A0A0L1JEX1	GO:0016218	0.443
A0A0L1JEZ9	GO:0004497	0.529
A0A0L1JF11	GO:1904091	0.515
A0A0L1JF88	GO:0008168	0.398
A0A0L1JF88	GO:0008171	0.340
A0A0L1JG62	GO:0016218	0.595
A0A0L1JG62	GO:1904091	0.398
A0A0L8FVQ9	GO:0005230	0.303
A0A0M4JNZ0	GO:0170020	0.380
A0A0M4JNZ6	GO:0004984	0.560
A0A0M4JNZ6	GO:0005549	0.303
A0A0M4JNZ6	GO:0170020	0.349
A0A0M8MW83	GO:0004497	0.479
A0A0M8MW83	GO:0016218	0.501
A0A0M8MZA1	GO:0004659	0.595
A0A0M8N026	GO:0004497	0.548
A0A0M8N026	GO:0016218	0.501
A0A0M8N026	GO:0016491	0.306
A0A0M8N4Y4	GO:0016218	0.588
A0A0M8N8C7	GO:0004497	0.468
A0A0M8N8C7	GO:0016218	0.456
A0A0M8N8I0	GO:0004364	0.565
A0A0M8N9N3	GO:0016846	0.332
A0A0M8N9Q3	GO:0005502	0.345
A0A0M8N9Q3	GO:0005515	0.402
A0A0M9VUG7	GO:0004497	0.494
A0A0M9VUG7	GO:0016218	0.538
A0A0M9VUP1	GO:0004161	0.329
A0A0M9VUP1	GO:0044687	0.313
A0A0M9VX54	GO:0008168	0.461
A0A0N0RTK4	GO:0004497	0.498
A0A0N7KBN8	GO:0090729	0.439
A0A0U3AB61	GO:0003979	0.317
A0A0U3CEN8	GO:0008761	0.541
A0A0U3S9Q3	GO:0004022	0.343
A0A0U3S9Q3	GO:0045551	0.551
A0A0U4AHM6	GO:0004022	0.413
A0A0U4AHM6	GO:0045551	0.590
A0A0U4BHM2	GO:0045551	0.554
A0A125YIC2	GO:0005388	0.521
A0A125YQJ0	GO:0003756	0.469
A0A125YQJ0	GO:0003810	0.319
A0A125YQJ0	GO:0005502	0.332
A0A125YS62	GO:0000340	0.308
A0A125YS62	GO:0005515	0.484
A0A125YY17	GO:0003924	0.465
A0A125YY17	GO:0005515	0.516
A0A125YY17	GO:0005525	0.380
A0A125YYB5	GO:0005502	0.342
A0A125YZ71	GO:0005384	0.418
A0A140GN71	GO:0046812	0.316
A0A143ZXM2	GO:0005502	0.348
A0A143ZXM2	GO:0005515	0.313
A0A162LR42	GO:0000978	0.425
A0A162LR42	GO:0001228	0.317
A0A162P542	GO:0016218	0.595
A0A162P542	GO:0016491	0.303
A0A162P542	GO:1904091	0.379
A0A162P552	GO:0004497	0.502
A0A162P552	GO:0016218	0.384
A0A162P552	GO:0016491	0.338
A0A172QE52	GO:0016218	0.595
A0A172QE52	GO:0016491	0.301
A0A172QE52	GO:1904091	0.393
A0A194VNL2	GO:0004708	0.395
A0A194VNL2	GO:0005515	0.404
A0A194VQN7	GO:0016218	0.379
A0A194VQN7	GO:1904091	0.534
A0A194VR61	GO:0016218	0.591
A0A194VR61	GO:1904091	0.447
A0A194VTS2	GO:0016405	0.393
A0A194VTS2	GO:0031956	0.313
A0A194VU23	GO:0004497	0.556
A0A194VU23	GO:0016218	0.514
A0A194VU23	GO:0016491	0.333
A0A194VUA1	GO:0016218	0.567
A0A194VXQ8	GO:0016218	0.570
A0A194VYT4	GO:0016218	0.582
A0A194VZB5	GO:0016218	0.386
A0A194VZB5	GO:1904091	0.397
A0A194W185	GO:0008168	0.410
A0A194W5I0	GO:0016218	0.586
A0A194W8T8	GO:0005515	0.403
A0A194WAB9	GO:0016218	0.595
A0A194WAB9	GO:0016491	0.316
A0A194WAB9	GO:1904091	0.321
A0A194WDG1	GO:0004674	0.369
A0A194WDG1	GO:0004707	0.441
A0A194WDG1	GO:0005502	0.334
A0A194WDG1	GO:0005515	0.457
A0A1B0GRQ3	GO:0005502	0.362
A0A1B0GRQ3	GO:0005515	0.551
A0A1B0GWI6	GO:0005502	0.398
A0A1B0GWI6	GO:0005515	0.565
A0A1B5KW97	GO:0004674	0.405
A0A1B5KW97	GO:0004707	0.489
A0A1B5KW97	GO:0005502	0.365
A0A1B5KW97	GO:0005515	0.471
A0A1D8PCM7	GO:0000978	0.428
A0A1D8PCM7	GO:0000981	0.372
A0A1D8PCM7	GO:0043565	0.301
A0A1D8PDI4	GO:0000978	0.476
A0A1D8PDI4	GO:0000981	0.403
A0A1D8PDI4	GO:0001228	0.310
A0A1D8PDI4	GO:0043565	0.422
A0A1D8PEH1	GO:0003700	0.348
A0A1D8PEH1	GO:0043565	0.334
A0A1D8PG41	GO:0000978	0.355
A0A1D8PG41	GO:0043565	0.404
A0A1D8PGF3	GO:0043565	0.405
A0A1D8PHW6	GO:0000978	0.429
A0A1D8PHW6	GO:0000981	0.363
A0A1D8PHW6	GO:0001228	0.315
A0A1D8PHW6	GO:0043565	0.420
A0A1D8PJ01	GO:0008553	0.575
A0A1D8PJ72	GO:0043565	0.381
A0A1D8PJ96	GO:0043565	0.392
A0A1D8PJJ7	GO:0043565	0.406
A0A1D8PJX7	GO:0043565	0.344
A0A1D8PKB4	GO:0004672	0.369
A0A1D8PKB4	GO:0004674	0.536
A0A1D8PKB4	GO:0005515	0.346
A0A1D8PKB5	GO:0043565	0.385
A0A1D8PKI7	GO:0005515	0.444
A0A1D8PL89	GO:0001216	0.363
A0A1D8PL89	GO:0003700	0.379
A0A1D8PL89	GO:0043565	0.406
A0A1D8PLA4	GO:0001216	0.334
A0A1D8PLA4	GO:0043565	0.415
A0A1D8PLH4	GO:0043565	0.383
A0A1D8PLI4	GO:0000978	0.418
A0A1D8PLI4	GO:0043565	0.387
A0A1D8PLT8	GO:0005515	0.378
A0A1D8PM93	GO:0005502	0.368
A0A1D8PM93	GO:0005515	0.475
A0A1D8PMB8	GO:0004072	0.587
A0A1D8PME2	GO:0000978	0.301
A0A1D8PME2	GO:0043565	0.437
A0A1D8PN93	GO:0043565	0.378
A0A1D8PNF7	GO:0000978	0.306
A0A1D8PNM8	GO:0043565	0.429
A0A1D8PRB7	GO:0043565	0.410
A0A1D8PRL9	GO:0000978	0.454
A0A1D8PRL9	GO:0000981	0.459
A0A1D8PRL9	GO:0043565	0.304
A0A1D8PSC7	GO:0000978	0.303
A0A1D8PSC7	GO:0005515	0.337
A0A1D8PSC7	GO:0043565	0.302
A0A1D8PT64	GO:0000978	0.321
A0A1D8PT64	GO:0043565	0.364
A0A1D8PU45	GO:0000978	0.364
A0A1D8PU45	GO:0043565	0.381
A0A1D9PXD2	GO:0003700	0.303
A0A1D9PXD2	GO:0005515	0.326
A0A1D9PYE1	GO:0003700	0.360
A0A1D9PYE1	GO:0005502	0.318
A0A1D9PYE1	GO:0005515	0.305
A0A1D9Q0B7	GO:0005502	0.313
A0A1D9Q0B7	GO:0030411	0.491
A0A1D9QGL5	GO:0003700	0.345
A0A1D9QMS2	GO:0004672	0.354
A0A1D9QMS2	GO:0004674	0.530
A0A1D9QMS2	GO:0005502	0.336
A0A1D9QMS2	GO:0005515	0.461
A0A1E1GEY0	GO:0005502	0.391
A0A1E1GEY0	GO:0005515	0.417
A0A1F5L592	GO:0016218	0.302
A0A1H1YBL2	GO:0030170	0.492
A0A1I1NU27	GO:0005502	0.302
A0A1I1NU27	GO:0005515	0.419
A0A1I1P2K9	GO:0005502	0.371
A0A1I1P2K9	GO:0005515	0.473
A0A1I9QLC9	GO:0005199	0.333
A0A1L8F8I9	GO:0005502	0.383
A0A1L8F8I9	GO:0005515	0.525
A0A1L9X983	GO:0004497	0.558
A0A1L9X983	GO:0016218	0.410
A0A1L9X986	GO:0005502	0.312
A0A1L9X996	GO:0005502	0.366
A0A1L9X996	GO:0005515	0.464
A0A1L9X999	GO:1904091	0.558
A0A1L9X9G5	GO:0008445	0.353
A0A1L9X9H4	GO:0030600	0.551
A0A1Q5Q699	GO:0005502	0.310
A0A1Q5Q699	GO:0016218	0.324
A0A1U8CC89	GO:0003919	0.452
A0A218P055	GO:0005515	0.357
A0A223GB52	GO:0005502	0.350
A0A223GB52	GO:0008897	0.593
A0A223GEB2	GO:0005078	0.303
A0A223GEB2	GO:0005515	0.484
A0A223HDH4	GO:0008926	0.588
A0A223HDI5	GO:0050085	0.591
A0A224AHH8	GO:0004869	0.557
A0A224AU14	GO:0020037	0.387
A0A261GRE4	GO:0004503	0.469
A0A261GVB1	GO:0004503	0.506
A0A287BIW9	GO:0005502	0.389
A0A287BIW9	GO:0005515	0.560
A0A2H0ZWD0	GO:0000978	0.522
A0A2H0ZWD0	GO:0000981	0.418
A0A2H0ZWD0	GO:0001228	0.425
A0A2H0ZWD0	GO:0003700	0.400
A0A2H0ZWD0	GO:0043565	0.390
A0A2H0ZYD3	GO:0005509	0.433
A0A2H0ZYD3	GO:0005515	0.420
A0A2H1K3G9	GO:0030170	0.478
A0A2H4S6M4	GO:0005199	0.545
A0A2K3D179	GO:0005502	0.349
A0A2P1AAV1	GO:0008559	0.464
A0A2R8Y4L6	GO:0004984	0.473
A0A2R8YED5	GO:0004984	0.491
A0A2T3YYV2	GO:0008061	0.336
A0A2T3ZJ73	GO:0005502	0.306
A0A2Z5P0W7	GO:0008171	0.469
A0A2Z5P2H9	GO:0004497	0.332
A0A2Z5U367	GO:0004659	0.593
A0A2Z5U368	GO:0004497	0.340
A0A2Z5U368	GO:0016218	0.399
A0A2Z5U3C2	GO:0004497	0.492
A0A2Z5U3C2	GO:0016218	0.479
A0A2Z5U507	GO:0051213	0.340
A0A2Z5U6I9	GO:0004497	0.572
A0A2Z5U6I9	GO:0016218	0.486
A0A2Z5U6I9	GO:0016491	0.323
A0A2Z5UFJ1	GO:0008171	0.466
A0A2Z5UFJ1	GO:0016218	0.375
A0A2Z5UHX0	GO:1904091	0.474
A0A2Z6E8J2	GO:0004497	0.485
A0A2Z6E8J2	GO:0016218	0.558
A0A2Z6E8J6	GO:0004497	0.497
A0A2Z6E914	GO:0016218	0.489
A0A2Z6E914	GO:0016491	0.341
A0A2Z6E9B9	GO:0004161	0.374
A0A2Z6E9B9	GO:0004659	0.481
A0A2Z6E9C0	GO:0004497	0.472
A0A2Z6E9C0	GO:0016218	0.510
A0A364LYQ6	GO:0000978	0.316
A0A364MYU4	GO:0016218	0.588
A0A384JXV5	GO:0031176	0.547
A0A384K474	GO:0031176	0.590
A0A384KFT0	GO:0005502	0.345
A0A384KFT0	GO:0008379	0.586
A0A384KFT0	GO:0051920	0.310
A0A384L0Y7	GO:0005502	0.362
A0A384L0Y7	GO:0005515	0.349
A0A385XI11	GO:0003939	0.383
A0A385XI11	GO:0046526	0.390
A0A385XI11	GO:0050019	0.492
A0A385XIL0	GO:0005502	0.321
A0A385XIL0	GO:0005515	0.356
A0A3F2YLV2	GO:0005509	0.510
A0A3Q1LFG5	GO:0005515	0.564
A0A3Q7EKL1	GO:0005502	0.380
A0A3Q7EKL1	GO:0005515	0.561
A0A3Q7GZ09	GO:0005502	0.365
A0A3Q7GZ09	GO:0005515	0.565
A0A3Q7JAD9	GO:0005502	0.388
A0A3Q7JAD9	GO:0005515	0.550
A0A3S6I186	GO:0004869	0.535
A0A410UD22	GO:0004497	0.380
A0A423V942	GO:0005515	0.392
A0A423VH03	GO:0003700	0.335
A0A423VRU0	GO:0005484	0.467
A0A423VRU0	GO:0005515	0.430
A0A423VUD1	GO:0003700	0.351
A0A423VUD1	GO:0005515	0.323
A0A423VWI2	GO:0008061	0.363
A0A423VZH2	GO:0004708	0.501
A0A423VZH2	GO:0005515	0.444
A0A423W697	GO:0005515	0.440
A0A423WA64	GO:0004674	0.350
A0A423WA64	GO:0004707	0.492
A0A423WA64	GO:0005502	0.319
A0A423WA64	GO:0005515	0.474
A0A423WHI6	GO:0005484	0.471
A0A423WHI6	GO:0005515	0.514
A0A429XC68	GO:0004397	0.359
A0A436ZRG7	GO:0003924	0.500
A0A436ZRG7	GO:0005515	0.432
A0A436ZRX2	GO:0003924	0.470
A0A436ZRX2	GO:0005515	0.486
A0A437A7U4	GO:0004867	0.389
A0A437A7U4	GO:0008061	0.490
A0A437A7U4	GO:0019958	0.328
A0A437AER2	GO:0003924	0.435
A0A437AER2	GO:0005515	0.495
A0A437AFK1	GO:0005502	0.303
A0A437AFK1	GO:0005515	0.390
A0A455LJ99	GO:0000978	0.368
A0A455LJ99	GO:0000981	0.306
A0A455LJ99	GO:0003700	0.323
A0A455ZIK8	GO:0004497	0.504
A0A455ZJD4	GO:1904091	0.556
A0A455ZM03	GO:0004497	0.384
A0A455ZM03	GO:0016218	0.437
A0A455ZM03	GO:0016491	0.301
A0A482PJF5	GO:0004842	0.419
A0A482PJF5	GO:0005502	0.393
A0A482PJF5	GO:0005515	0.480
A0A482PJF5	GO:0061630	0.357
A0A482PJY4	GO:0004842	0.356
A0A482PJY4	GO:0005515	0.498
A0A482PJY4	GO:0061630	0.344
A0A482PUS2	GO:0004842	0.342
A0A482PUS2	GO:0005515	0.473
A0A494C1I1	GO:0005502	0.400
A0A494C1I1	GO:0005515	0.516
A0A499W357	GO:0030170	0.494
A0A4S4DBB3	GO:0004351	0.504
A0A4S4DBB3	GO:0030170	0.307
A0A4S4ESS1	GO:0004351	0.488
A0A4S4ESS1	GO:0030170	0.326
A0A509AE98	GO:0005515	0.417
A0A509AG11	GO:0005515	0.486
A0A509ALL0	GO:0005515	0.309
A0A509AM03	GO:0004252	0.462
A0A509AM18	GO:0008517	0.511
A0A509ARF0	GO:0005502	0.334
A0A565D474	GO:0004351	0.567
A0A565D475	GO:0004351	0.553
A0A5B8X6A1	GO:0016899	0.381
A0A5B8X6A1	GO:0045551	0.307
A0A5B8X6A1	GO:0050268	0.420
A0A5B8X6A1	GO:0050328	0.382
A0A5B8X6B5	GO:0106435	0.467
A0A5B8X6S2	GO:0106435	0.419
A0A5B8X7E6	GO:0016899	0.345
A0A5B8X7E6	GO:0045551	0.349
A0A5B8X7E6	GO:0050268	0.457
A0A5B8X7E6	GO:0050328	0.428
A0A5B8X7H4	GO:0016788	0.525
A0A5B8X7H4	GO:0080030	0.546
A0A5B8X7H4	GO:0080031	0.403
A0A5B8X7H4	GO:0080032	0.509
A0A5B8X840	GO:0016788	0.499
A0A5B8X840	GO:0080030	0.524
A0A5B8X840	GO:0080031	0.330
A0A5B8X840	GO:0080032	0.462
A0A5B8X8Z0	GO:0004022	0.307
A0A5B8X8Z0	GO:0045551	0.477
A0A5B8XAH0	GO:0004022	0.327
A0A5B8XAH0	GO:0045551	0.464
A0A5B8XB28	GO:0016899	0.359
A0A5B8XB28	GO:0050268	0.413
A0A5B8XB28	GO:0050328	0.382
A0A5B8XC60	GO:0016788	0.524
A0A5B8XC60	GO:0080030	0.538
A0A5B8XC60	GO:0080031	0.440
A0A5B8XC60	GO:0080032	0.526
A0A5B9G902	GO:0000978	0.481
A0A5B9G902	GO:0000981	0.426
A0A5B9G902	GO:0001228	0.362
A0A5B9G902	GO:0003700	0.355
A0A5B9G902	GO:0005502	0.300
A0A5B9GBF0	GO:0004674	0.387
A0A5B9GBF0	GO:0004707	0.504
A0A5B9GBF0	GO:0005502	0.353
A0A5B9GBF0	GO:0005515	0.487
A0A5C1J0Z8	GO:0004869	0.582
A0A5C1J0Z8	GO:0005502	0.374
A0A5N6H279	GO:0005515	0.358
A0A5N6TQK8	GO:0004793	0.311
A0A5N6TQL1	GO:0140907	0.589
A0A5N6TQN5	GO:1904091	0.445
A0A5N6TQS7	GO:0016218	0.562
A0A6M3YMB5	GO:0005515	0.446
A0A6P3DGX7	GO:0045735	0.572
A0A6P3DHB8	GO:0045735	0.589
A0A6V8GY66	GO:0051377	0.419
A0A6V8H007	GO:0004497	0.464
A0A6V8H007	GO:0016218	0.351
A0A7H1MHA3	GO:0005502	0.339
A0A7H1MHA3	GO:0046812	0.308
A0A7J6JXE5	GO:0005515	0.362
A0A7J6JYH3	GO:0005515	0.368
A0A7J6K0L7	GO:0005502	0.331
A0A7J6K0L7	GO:0005515	0.300
A0A7J6K144	GO:0005502	0.374
A0A7J6K144	GO:0005515	0.313
A0A7J6K452	GO:0005509	0.364
A0A7J6K463	GO:0005515	0.331
A0A7J6K5A8	GO:0005502	0.367
A0A7J6K5A8	GO:0005515	0.507
A0A7J6K7N5	GO:0005502	0.393
A0A7J6K7N5	GO:0005515	0.466
A0A7J6K805	GO:0005502	0.323
A0A7J6K805	GO:0005515	0.438
A0A7J6K9S4	GO:0005502	0.369
A0A7J6K9S4	GO:0005515	0.436
A0A7J6KCX5	GO:0005460	0.368
A0A7J6KEV6	GO:0005502	0.314
A0A7J6KEV6	GO:0005515	0.500
A0A7J6KF92	GO:0005502	0.398
A0A7J6KF92	GO:0005515	0.475
A0A7M4EAX1	GO:0005509	0.507
A0A7M6W5F9	GO:0106417	0.434
A0A7M6W880	GO:0004167	0.310
A0A7M6W880	GO:0106417	0.546
A0A7R7WPS5	GO:0016218	0.384
A0A7R7WPZ6	GO:0016218	0.596
A0A7R7WPZ6	GO:0016491	0.303
A0A7R7WPZ6	GO:1904091	0.408
A0A7R7ZUZ1	GO:0051377	0.475
A0A7T8F1I4	GO:0004497	0.508
A0A7T8F1I4	GO:0016218	0.453
A0A7T8F1I4	GO:0016491	0.340
A0A7T8F1J7	GO:0051213	0.460
A0A7T8F1L2	GO:0004497	0.576
A0A7T8F1L2	GO:0016218	0.492
A0A7T8F1L2	GO:0016491	0.317
A0A7T8J1U7	GO:0004043	0.345
A0A7T8J1U7	GO:0004044	0.586
A0A7T8J1Z8	GO:0008171	0.382
A0A7T8J1Z8	GO:0016218	0.385
A0A7U2EUY6	GO:0000978	0.560
A0A7U2EUY6	GO:0000981	0.314
A0A7U2EUY6	GO:0001228	0.376
A0A7U2EUY6	GO:0003700	0.335
A0A7U2I117	GO:0005502	0.317
A0A7U2QXW1	GO:0000978	0.442
A0A7U2QXW1	GO:0000981	0.341
A0A7U2QXW1	GO:0003700	0.346
A0A7U2QYM2	GO:0004402	0.529
A0A7U2QYM2	GO:0005515	0.496
A0A7U2QYM2	GO:0010484	0.559
A0A7U2QYM2	GO:0016407	0.430
A0A7U2QYM2	GO:0043992	0.358
A0A7U2QYM2	GO:0061733	0.483
A0A8B0M616	GO:0016218	0.417
A0A8B0M728	GO:1904091	0.551
A0A8B0M7B9	GO:1904091	0.424
A0A8B0M9R9	GO:0004497	0.483
A0A8B0M9R9	GO:0016218	0.477
A0A8B0M9R9	GO:0016491	0.339
A0A8B0M9T7	GO:0004735	0.406
A0A8B0M9X4	GO:1904091	0.562
A0A8B0M9Z0	GO:0016218	0.596
A0A8B0M9Z0	GO:0016491	0.322
A0A8B0M9Z0	GO:1904091	0.452
A0A8C2M425	GO:0004376	0.379
A0A8D0I1K1	GO:0003723	0.427
A0A8D0I1K1	GO:0005502	0.372
A0A8D0I1K1	GO:0005515	0.504
A0A8H7XMX0	GO:0010334	0.421
A0A8H7XP09	GO:0010334	0.417
A0A8H7XQ49	GO:0010334	0.345
A0A8H8CFI5	GO:0010334	0.346
A0A8I3NRY3	GO:0005085	0.437
A0A8I3NRY3	GO:0005096	0.307
A0A8I3NRY3	GO:0005502	0.328
A0A8I3NRY3	GO:0005515	0.488
A0A8I3PJ84	GO:0005200	0.350
A0A8I3PJ84	GO:0005502	0.379
A0A8I3PJ84	GO:0005515	0.531
A0A8I3PMN2	GO:0005502	0.313
A0A8I3PMN2	GO:0005515	0.556
A0A8I5ZM56	GO:0005502	0.371
A0A8I5ZM56	GO:0005515	0.500
A0A8I5ZM56	GO:0008017	0.316
A0A8I5ZT12	GO:0005502	0.367
A0A8I5ZT12	GO:0005515	0.493
A0A8I6ASZ5	GO:0005502	0.357
A0A8I6ASZ5	GO:0005515	0.552
A0A8I6G2K8	GO:0003682	0.332
A0A8I6G2K8	GO:0003713	0.334
A0A8I6G2K8	GO:0003714	0.346
A0A8I6G2K8	GO:0005515	0.422
A0A8I6G2K8	GO:0032452	0.547
A0A8I6G2K8	GO:0032453	0.582
A0A8I6G2K8	GO:0043426	0.505
A0A8I6G2K8	GO:0061752	0.375
A0A8I6G2K8	GO:0106222	0.401
A0A8I6G2K8	GO:0140297	0.317
A0A8I6G2K8	GO:0140457	0.457
A0A8I6G2K8	GO:0140682	0.596
A0A8I6G2K8	GO:0140684	0.365
A0A8J1LLF7	GO:0003724	0.357
A0A8J1LLF7	GO:0004525	0.367
A0A8J1LLF7	GO:0005515	0.465
A0A8J1LLF7	GO:0070883	0.397
A0A8M1PLI9	GO:0004029	0.356
A0A8M9P821	GO:0005502	0.318
A0A8M9P821	GO:0005515	0.513
A0A8U0WQ84	GO:0106417	0.521
A0A8U0WQF3	GO:0045735	0.579
A0A8U1C100	GO:0106417	0.466
A0A8U1C2Y4	GO:0045735	0.590
A0A974H8H3	GO:0003724	0.308
A0A974H8H3	GO:0004525	0.375
A0A974H8H3	GO:0005502	0.301
A0A974H8H3	GO:0005515	0.456
A0A974H8H3	GO:0070883	0.412
A0A974HZL0	GO:0005502	0.375
A0A974HZL0	GO:0005515	0.453
A0A9B0BQN9	GO:0045735	0.591
A0A9B2JT35	GO:0045735	0.571
A0A9P4XUZ4	GO:0035515	0.314
A0A9P4XUZ4	GO:0035516	0.453
A0A9P4XV22	GO:0000978	0.409
A0A9P4XV22	GO:0000981	0.343
A0A9P4XWM4	GO:0003729	0.452
A0A9P5CQV5	GO:0009007	0.320
A0A9P5CTI1	GO:0003993	0.541
A0A9W3HR36	GO:0005502	0.324
A0A9W3HR36	GO:0005515	0.398
A0A9W3HR52	GO:0005502	0.357
A0A9W3HR52	GO:0005515	0.520
A0A9W3HR60	GO:0005502	0.326
A0A9W3HR60	GO:0005515	0.449
A0A9W3HR61	GO:0005502	0.384
A0A9W3HR61	GO:0005515	0.531
A0A9W3N256	GO:0005502	0.349
A0A9W3N256	GO:0005515	0.337
A0A9W3N2X3	GO:0005502	0.369
A0A9W3N2X3	GO:0005515	0.455
A0A9W9TFE0	GO:0016218	0.595
A0A9W9TFE0	GO:0016491	0.342
A0A9W9TFE0	GO:1904091	0.518
A0A9W9TFI6	GO:0004497	0.513
A0A9W9TFI6	GO:0016218	0.465
A0A9W9TFI6	GO:0016491	0.322
A0A9W9TGP7	GO:0016218	0.554
A0AA41T7Z4	GO:0005502	0.339
A0AA41T7Z4	GO:0005515	0.493
A0AA51Z3S7	GO:0008171	0.357
A0AAA9T569	GO:0008559	0.427
A0AAA9T569	GO:0015216	0.331
A0AAA9T569	GO:0015420	0.315
A0AAA9T569	GO:0015431	0.458
A0AAA9T569	GO:0015432	0.462
A0AAA9T569	GO:0015562	0.372
A0AAA9T569	GO:0042626	0.515
A0AAA9T569	GO:0042910	0.338
A0AAA9T569	GO:0043225	0.501
A0AAA9T569	GO:0140359	0.544
A0AAD6IRE3	GO:0000978	0.400
A0AAD6IRE3	GO:0000981	0.321
A0AAD6IRE3	GO:0001228	0.319
A0AAD6IRE3	GO:0003700	0.423
A0AAD6IRE3	GO:0043565	0.304
A0AAD6ITA8	GO:0003985	0.385
A0AAD6ITA8	GO:0003988	0.535
A0AAD6IYT8	GO:0016985	0.310
A0AAD6IZ24	GO:0005515	0.302
A0AAD6J2M3	GO:0031176	0.431
A0AAD6J456	GO:0004568	0.390
A0AAD6NH75	GO:0005484	0.404
A0AAD6NH75	GO:0005502	0.320
A0AAD6NH75	GO:0005515	0.451
A0AAD6NLP7	GO:0003985	0.491
A0AAD6NLP7	GO:0003988	0.575
A0AAD6NMG7	GO:0000978	0.305
A0AAD6NMG7	GO:0003700	0.376
A0AAD6NMH5	GO:0016985	0.577
A0AAD9S159	GO:0004497	0.478
A0AAD9S159	GO:0016218	0.468
A0AAD9S169	GO:0004497	0.450
A0AAD9S2F9	GO:0004497	0.443
A0AAD9S2F9	GO:0016218	0.404
A0AAE9G628	GO:0005502	0.350
A0AAE9G628	GO:0005515	0.469
A0AAN2H6H5	GO:0005515	0.447
A0AAN2H7H4	GO:0005502	0.301
A0AAN2H7H4	GO:0005515	0.525
A0AAN2H888	GO:0005515	0.488
A0AAN2L0I3	GO:0005515	0.465
A0AAN4PAE6	GO:0045548	0.547
A0AAN4PB13	GO:1904091	0.557
A0AAN4PBA1	GO:0004497	0.496
A0AAN4PBA1	GO:0016218	0.450
A0AAU7VAB8	GO:0005125	0.540
A0AAU7VAE8	GO:0005515	0.398
A0AB32TH67	GO:0005125	0.510
A0AB32U2W5	GO:0005502	0.351
A0AB32U2W5	GO:0005515	0.407
A0AB36VXQ9	GO:0004722	0.470
A0AB36VXQ9	GO:0004723	0.585
A0AB36VXQ9	GO:0005515	0.387
A0AB36VXQ9	GO:0033192	0.439
A0AB73RZI6	GO:0000978	0.451
A0AB73RZI6	GO:0000981	0.378
A0AB73RZI6	GO:0001228	0.301
A0AB73RZI6	GO:0003700	0.452
A0AB73RZI6	GO:0043565	0.412
A0PCY0	GO:0008061	0.451
A0Q7V5	GO:0000156	0.379
A0Q7V5	GO:0005515	0.346
A0Q7V6	GO:0000155	0.484
A0Q7V6	GO:0004673	0.310
A0QP93	GO:0005502	0.342
A0QP93	GO:0005515	0.306
A0QSG5	GO:0003735	0.429
A0QSG5	GO:0005502	0.307
A0QSG8	GO:0003735	0.500
A0QT90	GO:0000703	0.561
A0QT90	GO:0003906	0.440
A0QT90	GO:0004844	0.317
A0QT90	GO:0005502	0.379
A0QT90	GO:0008534	0.468
A0QT90	GO:0019104	0.483
A0QT91	GO:0005515	0.330
A0QT91	GO:0016887	0.331
A0QT91	GO:0033679	0.522
A0QTR3	GO:0005502	0.324
A0QUE0	GO:0005502	0.319
A0QUE0	GO:0005515	0.419
A0QV03	GO:0003730	0.390
A0QV03	GO:0003735	0.541
A0QVZ5	GO:0005502	0.335
A0QVZ5	GO:0005515	0.414
A0QVZ5	GO:0016987	0.592
A0QW02	GO:0005502	0.340
A0QW02	GO:0005515	0.425
A0QW02	GO:0016987	0.585
A0QW02	GO:0043175	0.311
A0R054	GO:0005502	0.334
A0R054	GO:0005515	0.497
A0R0H1	GO:0008658	0.580
A0R0H1	GO:0009002	0.360
A0R271	GO:0015343	0.310
A0R271	GO:0015562	0.476
A0R272	GO:0015562	0.435
A0R3D2	GO:0005515	0.390
A0R5I3	GO:0008658	0.578
A1CVQ3	GO:0016218	0.326
A1DBL3	GO:0090729	0.370
A1L293	GO:0008962	0.338
A1Z7L8	GO:0005515	0.341
A1Z7L8	GO:0036122	0.390
A1Z7L8	GO:0098821	0.328
A1Z8F4	GO:0000978	0.401
A1Z8F4	GO:0001227	0.357
A2AFS9	GO:0005502	0.396
A2AFS9	GO:0005515	0.556
A2AQ92	GO:0016174	0.520
A2E926	GO:0005515	0.393
A2ECR2	GO:0003844	0.578
A2F4M9	GO:0004134	0.351
A2F4M9	GO:0004135	0.474
A2IAB1	GO:0000772	0.338
A2IAB1	GO:0090729	0.515
A2IAB2	GO:0090729	0.490
A2IAD0	GO:0090729	0.434
A2IAD2	GO:0090729	0.444
A2QQU4	GO:0016216	0.486
A2QQU4	GO:0016706	0.412
A2QQU5	GO:0016218	0.520
A2QQU9	GO:0004497	0.452
A2QQU9	GO:0016218	0.311
A2QQV0	GO:0016218	0.594
A2QQV0	GO:0016491	0.352
A2QQV0	GO:1904091	0.464
A2XJR0	GO:0004842	0.410
A2XJR0	GO:0005515	0.400
A2XJR0	GO:0061630	0.439
A2XLF5	GO:0005502	0.373
A4D9K7	GO:0000978	0.475
A4D9K7	GO:0000981	0.376
A4D9K7	GO:0001228	0.431
A4D9K7	GO:0003700	0.324
A4D9K7	GO:0005502	0.304
A4D9Q8	GO:0005502	0.325
A4D9Q8	GO:0005515	0.306
A4FVI7	GO:0005502	0.374
A4FVI7	GO:0005515	0.527
A4QNW2	GO:0005502	0.394
A4QNW2	GO:0005515	0.540
A4VE64	GO:0005515	0.442
A4VEB3	GO:0005502	0.379
A4VEB3	GO:0005515	0.504
A4X5N0	GO:0005502	0.331
A4XXY8	GO:0050660	0.345
A4XXZ0	GO:0005502	0.301
A5GZY7	GO:0003756	0.454
A5GZY7	GO:0003810	0.319
A5GZY7	GO:0005502	0.347
A5K264	GO:0004107	0.468
A5K264	GO:0005502	0.394
A5K736	GO:0005502	0.349
A5K736	GO:0046789	0.424
A6IBC5	GO:0005502	0.395
A6IBC5	GO:0005515	0.536
A6JNN4	GO:0005502	0.391
A6JNN4	GO:0005515	0.453
A6T5N0	GO:0005502	0.306
A6T5N0	GO:0005515	0.504
A6TGC5	GO:0005515	0.375
A6TGC5	GO:0043138	0.309
A6TGW7	GO:0003697	0.499
A6TGW7	GO:0005515	0.453
A6THB2	GO:0003697	0.428
A6THB2	GO:0005502	0.332
A6THB2	GO:0005515	0.462
A7E4L6	GO:0030570	0.536
A7E835	GO:0005515	0.315
A7EX74	GO:0003700	0.348
A7EXV2	GO:0004650	0.569
A7MJV9	GO:0005502	0.312
A7MJV9	GO:0005515	0.507
A8M6W1	GO:0004497	0.331
A8M6W1	GO:0020037	0.325
A8M6W6	GO:0004659	0.526
A8M6W6	GO:0005502	0.365
A9BHL2	GO:0051287	0.330
A9CGX9	GO:0000976	0.302
A9CGX9	GO:0003700	0.384
A9CI74	GO:0001216	0.349
A9CI74	GO:0003700	0.356
A9CIJ6	GO:0005502	0.315
A9CIJ6	GO:0005515	0.342
B0R0B3	GO:0004614	0.576
B1ATY8	GO:0005515	0.484
B1MDC3	GO:0008658	0.410
B1MDE5	GO:0005515	0.410
B1MH83	GO:0000155	0.583
B1MH83	GO:0000287	0.324
B1MH83	GO:0004672	0.332
B1MH83	GO:0004673	0.361
B1MH83	GO:0019825	0.347
B1MH83	GO:0019826	0.492
B1MH83	GO:0030145	0.308
B1MH83	GO:0070025	0.572
B1MH83	GO:0070026	0.481
B1MH84	GO:0000156	0.383
B1WBA5	GO:0003676	0.311
B1WBA5	GO:0003886	0.410
B1WBA5	GO:0005502	0.339
B1WBA5	GO:0005515	0.440
B1WBA5	GO:0042054	0.310
B1WBA5	GO:0042393	0.325
B2HG54	GO:0020037	0.430
B2HG54	GO:0031073	0.320
B4ER92	GO:0004315	0.422
B4ER95	GO:0004315	0.336
B4ER96	GO:0004315	0.356
B7PCV3	GO:0004867	0.433
B8BNY7	GO:0005515	0.324
B8BNY8	GO:0005502	0.372
B8BNY8	GO:0005515	0.443
C0H519	GO:0005515	0.365
C0H519	GO:0019776	0.329
C0HMB8	GO:0019871	0.585
C0HMB8	GO:0090729	0.542
C0HMB9	GO:0019871	0.587
C0HMB9	GO:0090729	0.539
C0HMC0	GO:0019871	0.593
C0HMC0	GO:0090729	0.562
C0HMC1	GO:0019871	0.591
C0HMC1	GO:0090729	0.561
C0HMC2	GO:0019871	0.588
C0HMC2	GO:0090729	0.556
C0HMC5	GO:0019871	0.583
C0HMC5	GO:0090729	0.536
C0HMC6	GO:0019871	0.591
C0HMC6	GO:0090729	0.530
C0HMD1	GO:0005502	0.322
C0HMD6	GO:0005502	0.389
C0HMD6	GO:0005515	0.580
C0HMD7	GO:0005515	0.546
C0HME0	GO:0005515	0.535
C0HME1	GO:0019871	0.583
C0HME1	GO:0090729	0.537
C0HME2	GO:0019871	0.588
C0HME2	GO:0090729	0.542
C0HME3	GO:0019870	0.519
C0HME3	GO:0090729	0.344
C0HME4	GO:0019870	0.554
C0HME4	GO:0090729	0.453
C0HME5	GO:0005515	0.371
C0HME6	GO:0005502	0.379
C0HME6	GO:0005515	0.570
C0HME8	GO:0005515	0.504
C0HMF0	GO:0005502	0.339
C0HMF0	GO:0005515	0.453
C0HMF1	GO:0005515	0.498
C0HMF2	GO:0005515	0.452
C0HMF3	GO:0005515	0.461
C0HMF4	GO:0005502	0.301
C0HMF4	GO:0005515	0.452
C0HMG2	GO:0005534	0.551
C0HMG4	GO:0019871	0.389
C0HMG4	GO:0090729	0.452
C0JJ97	GO:0005515	0.517
C3W5S0	GO:0005515	0.436
C4JF72	GO:0016218	0.567
C4JF73	GO:0005515	0.353
C4JF75	GO:1904091	0.432
C4JF76	GO:0004793	0.333
C4JF76	GO:0030170	0.324
C4M9S3	GO:0005515	0.510
C7M8J5	GO:0004122	0.422
C7M8J5	GO:0004124	0.594
C7M8J5	GO:0030170	0.458
C7M8J6	GO:0008483	0.361
C7M8J6	GO:0030170	0.436
C9ZDC6	GO:0020037	0.347
D1A230	GO:0005502	0.301
D2VS83	GO:0005515	0.412
D2VS83	GO:0008551	0.365
D2VS83	GO:0008568	0.405
D3YXF5	GO:0005515	0.388
D3ZNV2	GO:0005502	0.332
D3ZNV2	GO:0005515	0.565
D4A4P4	GO:0003919	0.444
D4GU28	GO:0005502	0.301
D4GU28	GO:0005515	0.496
D4GVA7	GO:0005502	0.345
D4GVA7	GO:0005515	0.424
D4GVA8	GO:0005515	0.396
D4GW82	GO:0005502	0.380
D4GW82	GO:0005515	0.325
D4GZV0	GO:0005502	0.385
D4GZV0	GO:0005515	0.416
D5AKX4	GO:0005502	0.355
D5AKX5	GO:0005502	0.347
D5AKX5	GO:0005515	0.341
D5DTX2	GO:0005515	0.490
D5DTX2	GO:0042802	0.306
D5LWW7	GO:0005515	0.524
D6RQ66	GO:0005515	0.438
E0CZ22	GO:0005515	0.494
E0CZ42	GO:0005502	0.373
E0CZ42	GO:0005509	0.364
E0CZ42	GO:0005515	0.419
E0D203	GO:0004315	0.313
E0D207	GO:0020037	0.421
E0D208	GO:0008170	0.413
E0D208	GO:0009975	0.324
E0D209	GO:0005502	0.355
E0D209	GO:0005515	0.317
E1BFX5	GO:0005515	0.433
E2I9M6	GO:0004521	0.332
E2I9M6	GO:0005515	0.340
E6Y8B9	GO:0004222	0.309
E6Y8B9	GO:0004252	0.542
E9DW54	GO:0005515	0.413
E9DXX9	GO:0005515	0.338
E9DZB1	GO:0090729	0.324
E9E114	GO:0000978	0.320
E9E114	GO:0000981	0.323
E9ENZ6	GO:0005502	0.346
E9ENZ6	GO:0005515	0.451
E9EV02	GO:0005502	0.342
E9EV02	GO:0005515	0.444
E9EWQ4	GO:0005515	0.311
E9EXC4	GO:0005515	0.386
E9EYW7	GO:0003904	0.308
E9F0C5	GO:0000978	0.523
E9F0C5	GO:0001228	0.405
E9F0C5	GO:0003700	0.309
E9F8I5	GO:0003724	0.413
E9F8I5	GO:0005515	0.384
E9F8I5	GO:0034458	0.355
E9Q368	GO:0005515	0.494
E9Q3D4	GO:0047834	0.499
E9Q3G8	GO:0005502	0.346
E9Q3G8	GO:0005515	0.493
E9Q3G8	GO:0017056	0.373
E9QG33	GO:0005502	0.326
E9QG33	GO:0005515	0.506
F0NF15	GO:0005515	0.399
F0VAI6	GO:0003756	0.469
F1DQG5	GO:0017171	0.495
F2RC64	GO:0005515	0.379
F2SL79	GO:0016218	0.392
F2SL80	GO:0000978	0.353
F2SL82	GO:0008171	0.497
F2SL82	GO:0016218	0.345
F2SL83	GO:0052716	0.461
F2SL85	GO:0016218	0.341
F2SL86	GO:0004497	0.500
F2SL86	GO:0016218	0.336
F2SL87	GO:0016218	0.561
F2YGR7	GO:0005515	0.357
F4HWU0	GO:0005515	0.530
F4JCB3	GO:0005502	0.349
F4JCB3	GO:0005515	0.512
F5HM55	GO:0004601	0.587
F6K6F3	GO:0019871	0.513
F6K6F3	GO:0090729	0.416
F6Q2R9	GO:0005502	0.333
F6Q2R9	GO:0005534	0.319
F8L5E7	GO:0005502	0.383
F8L650	GO:0005515	0.386
F8L6R0	GO:0005502	0.376
F8L6R0	GO:0005515	0.351
F8L8I6	GO:0004843	0.445
F8L9T9	GO:0005502	0.320
F8U970	GO:0010489	0.375
F8U970	GO:0010490	0.391
F8U970	GO:0050577	0.506
F8U972	GO:0010489	0.388
F8U972	GO:0010490	0.403
F8U972	GO:0050577	0.480
F8V2V0	GO:0005515	0.526
G0RT93	GO:0004721	0.318
G0RT93	GO:0004722	0.562
G0RT93	GO:0005515	0.323
G0S1P8	GO:0008379	0.578
G0S5S6	GO:0005502	0.313
G0S5S6	GO:0005515	0.387
G0SCH6	GO:0005515	0.313
G0SE11	GO:0005515	0.464
G0SE11	GO:0097163	0.504
G0SEG2	GO:0003729	0.352
G0SEG2	GO:0003735	0.530
G0SEG2	GO:0008097	0.359
G0SF39	GO:0005515	0.486
G0SF39	GO:0016251	0.394
G0SF80	GO:0005515	0.407
G0SHQ2	GO:0003735	0.585
G1X456	GO:0004674	0.452
G1X456	GO:0005515	0.352
G1X9A9	GO:0000978	0.543
G1X9A9	GO:0001228	0.337
G1X9A9	GO:0005502	0.317
G1XJZ0	GO:0003924	0.424
G1XJZ0	GO:0005515	0.493
G1XJZ4	GO:0004674	0.412
G1XJZ4	GO:0004707	0.475
G1XJZ4	GO:0005502	0.338
G1XJZ4	GO:0005515	0.495
G2QA95	GO:0004497	0.519
G2QA95	GO:0016218	0.302
G2QA95	GO:0016491	0.306
G2X0L1	GO:0031176	0.565
G2X4G1	GO:0031176	0.453
G2X5X8	GO:0031176	0.563
G2X8M4	GO:0031176	0.447
G3G8W7	GO:0005502	0.356
G3G8W7	GO:0005515	0.321
G4MRQ6	GO:0003729	0.419
G4MYB0	GO:0004672	0.332
G4MYB0	GO:0004674	0.534
G4MYB0	GO:0005502	0.352
G4MYB0	GO:0005515	0.406
G4MYD3	GO:0000978	0.499
G4MYD3	GO:0001228	0.309
G4MYD3	GO:0003700	0.339
G4MYD3	GO:0043565	0.308
G4MZ21	GO:0035515	0.350
G4MZ21	GO:0035516	0.421
G4NB33	GO:0005502	0.353
G4NB33	GO:0005515	0.419
G4NBR8	GO:0000978	0.537
G4NBR8	GO:0001228	0.425
G4NBR8	GO:0003700	0.335
G4NCK1	GO:0005502	0.316
G4NCK1	GO:0005515	0.427
G4NCP4	GO:0004165	0.480
G4TS85	GO:0001406	0.417
G5EI58	GO:0004674	0.539
G5EI58	GO:0005502	0.340
G5EI58	GO:0005515	0.453
G5EI71	GO:0005515	0.414
G7LCC3	GO:0000155	0.421
G7LCC3	GO:0004668	0.372
G7LCC3	GO:0004673	0.583
G7LCC3	GO:0009884	0.477
G9BWP3	GO:0004167	0.396
G9BWP3	GO:0106417	0.519
G9MJD8	GO:0008061	0.316
G9MK14	GO:0008061	0.453
G9MK14	GO:0090729	0.306
G9MNI0	GO:0008061	0.474
G9MQI4	GO:0004674	0.336
G9MQI4	GO:0004707	0.481
G9MQI4	GO:0005502	0.327
G9MQI4	GO:0005515	0.467
G9MXR6	GO:0008061	0.357
G9NTJ1	GO:0008061	0.408
G9PB60	GO:0008061	0.312
H2ELT1	GO:0004984	0.540
H2ELT1	GO:0170020	0.375
H9C180	GO:0005515	0.365
I1RDP9	GO:0008061	0.385
I1RDQ0	GO:0005199	0.309
I1RJE5	GO:0005199	0.516
I1RQE2	GO:0005515	0.352
I1S050	GO:0004672	0.324
I1S050	GO:0004674	0.536
I1S050	GO:0005515	0.423
I3L3L1	GO:0005502	0.367
I3L3L1	GO:0005515	0.553
I6Y1I5	GO:0005515	0.377
I6YBQ3	GO:0000976	0.400
I6YCP0	GO:0005515	0.370
I6YGX2	GO:0008658	0.569
I7M008	GO:0005502	0.347
I7M008	GO:0005515	0.506
I7M6H4	GO:0005502	0.358
I7M6H4	GO:0005515	0.362
I7M9J2	GO:0003777	0.472
I7M9J2	GO:0005515	0.420
I7M9J2	GO:0008569	0.518
I7MCM8	GO:0005515	0.493
I7MD46	GO:0005515	0.325
I7MHB1	GO:0005502	0.310
I7MHB1	GO:0005515	0.521
J3KAR6	GO:0004497	0.479
J3KAR6	GO:0016218	0.468
J3KAR6	GO:0016491	0.329
J3KAS2	GO:1904091	0.460
J4KQ31	GO:0003724	0.393
J4KQ31	GO:0005515	0.369
J4KQ31	GO:0034458	0.339
J4KQN3	GO:0004842	0.526
J4KQN3	GO:0005515	0.434
J4KQN3	GO:0061631	0.567
J4KQS2	GO:0003904	0.329
J4UPH3	GO:1904091	0.524
J4UQI9	GO:0005502	0.363
J4UQI9	GO:0005515	0.461
J4UVD7	GO:0000978	0.390
J4UVD7	GO:0000981	0.301
J4UVD7	GO:0001228	0.335
J4UVD7	GO:0003700	0.347
J4VWR6	GO:1904091	0.508
J4VYF0	GO:0005502	0.340
J4VYF0	GO:0005515	0.440
J4W1I9	GO:1904091	0.558
J4WLR8	GO:0003700	0.396
J4WLR8	GO:0043565	0.325
J4WMI6	GO:0005199	0.536
J4WMI6	GO:0030248	0.311
J5J335	GO:0016218	0.593
J5J335	GO:0016491	0.340
J5J335	GO:1904091	0.510
J5J666	GO:0005502	0.342
J5J666	GO:0005515	0.460
J5JC27	GO:0003700	0.335
J5JM47	GO:0000978	0.333
J5JM47	GO:0003700	0.385
J5JM47	GO:0043565	0.325
J5JPV3	GO:0005244	0.367
J5JPV3	GO:0008308	0.521
J5JPV3	GO:0015288	0.372
J5JS29	GO:0005502	0.327
J5JS29	GO:0005515	0.318
J5JYA0	GO:0005515	0.302
J5JYQ1	GO:0005515	0.366
J5K1D5	GO:0000978	0.318
J5K1D5	GO:0000981	0.307
J9UD11	GO:0005337	0.457
J9VDC2	GO:0004252	0.453
J9VED5	GO:0004672	0.371
J9VED5	GO:0004674	0.528
J9VED5	GO:0005515	0.417
J9VG14	GO:0005515	0.307
J9VJ62	GO:0000978	0.431
J9VJ62	GO:0000981	0.324
J9VPP4	GO:0090729	0.312
J9VPP8	GO:0005515	0.300
J9VUG5	GO:0000978	0.379
J9VUG5	GO:0000981	0.357
J9VUG5	GO:0003700	0.320
J9VWG0	GO:0000978	0.330
J9VWG0	GO:0000981	0.350
J9VWG0	GO:0003700	0.344
J9VWG0	GO:0043565	0.300
J9W0U6	GO:0008061	0.326
K4H1X2	GO:0000978	0.665
K4H1X2	GO:0000981	0.337
K4H1X2	GO:0001228	0.505
K4H1X2	GO:0003700	0.360
K4H1X2	GO:0005502	0.309
K5TWP9	GO:0005515	0.331
K9GHZ3	GO:0031176	0.594
K9IVI1	GO:0004591	0.583
K9IVI1	GO:0005515	0.392
L0T2H7	GO:0005515	0.379
L7N648	GO:0005502	0.349
L7N648	GO:0005515	0.522
M1C8A4	GO:0005502	0.386
M1C8A4	GO:0005515	0.566
M2T5U2	GO:0000156	0.330
M3B4Q3	GO:0005502	0.364
M9MS50	GO:0004672	0.326
M9MS50	GO:0004674	0.447
M9MS50	GO:0005502	0.336
M9MS50	GO:0005515	0.369
O05910	GO:0005515	0.385
O06624	GO:0005515	0.369
O13503	GO:0005199	0.325
O17899	GO:0005515	0.319
O24769	GO:0002953	0.392
O49338	GO:0005515	0.528
O50328	GO:0005515	0.398
O50329	GO:0005515	0.423
O50330	GO:0005515	0.409
O50331	GO:0005515	0.409
O50333	GO:0005515	0.406
O50334	GO:0005515	0.373
O50335	GO:0005502	0.330
O50335	GO:0005515	0.498
O50336	GO:0005515	0.450
O50337	GO:0005502	0.375
O50337	GO:0005515	0.498
O51624	GO:0005515	0.314
O53718	GO:0005502	0.307
O53718	GO:0005515	0.526
O62609	GO:0005502	0.368
O62609	GO:0005515	0.480
O64191	GO:0005515	0.449
O64602	GO:0005502	0.370
O64602	GO:0005515	0.535
O76269	GO:0005337	0.533
O76343	GO:0005337	0.504
O96161	GO:0051537	0.328
O96660	GO:0000978	0.355
O96660	GO:0001228	0.319
O96660	GO:0005502	0.346
O96660	GO:0005515	0.491
O96795	GO:0004582	0.310
P0DRG9	GO:0008191	0.321
P0DRH2	GO:0008191	0.342
P0DRH3	GO:0005502	0.303
P0DRH4	GO:0071855	0.334
P0DRH7	GO:0090729	0.402
P0DRH8	GO:0004867	0.396
P0DRI3	GO:0090729	0.315
P0DRI4	GO:0019871	0.506
P0DRI4	GO:0090729	0.550
P0DRI5	GO:0005502	0.390
P0DRI5	GO:0005515	0.549
P0DRI8	GO:0005502	0.367
P0DRJ9	GO:0008191	0.466
P0DRK0	GO:0008191	0.351
P0DRK1	GO:0008191	0.469
P0DRK5	GO:0008191	0.413
P0DRK6	GO:0008191	0.370
P0DRK7	GO:0008191	0.346
P0DRK8	GO:0008191	0.381
P0DRL1	GO:0090729	0.418
P0DRL2	GO:0090729	0.401
P0DRL3	GO:0090729	0.435
P0DRL4	GO:0030550	0.337
P0DRL4	GO:0090729	0.335
P0DRL5	GO:0090729	0.392
P0DRL6	GO:0019870	0.383
P0DRL6	GO:0019871	0.305
P0DRL6	GO:0090729	0.454
P0DRL7	GO:0019870	0.473
P0DRL7	GO:0090729	0.493
P0DRL8	GO:0019870	0.332
P0DRL8	GO:0090729	0.486
P0DRL9	GO:0019870	0.411
P0DRL9	GO:0090729	0.556
P0DRM0	GO:0019855	0.340
P0DRM0	GO:0019870	0.348
P0DRM0	GO:0019871	0.473
P0DRM0	GO:0090729	0.517
P0DRM1	GO:0019855	0.434
P0DRM1	GO:0019870	0.335
P0DRM1	GO:0090729	0.453
P0DRM2	GO:0005502	0.339
P0DXG6	GO:0010181	0.410
P0DXG7	GO:0005502	0.379
P0DXI9	GO:0005515	0.523
P0DXJ1	GO:0004022	0.408
P0DXJ1	GO:0045551	0.421
P0DXJ2	GO:0004497	0.339
P0DXJ3	GO:0004022	0.416
P0DXJ3	GO:0045551	0.589
P0DXJ4	GO:0016788	0.327
P0DXJ5	GO:0016298	0.346
P0DXJ5	GO:0050525	0.406
P0DXK0	GO:0005502	0.386
P0DXK0	GO:0005515	0.559
P0DXK1	GO:0005502	0.367
P0DXK1	GO:0005515	0.560
P0DXK2	GO:0005502	0.385
P0DXK2	GO:0005515	0.552
P0DXK3	GO:0005502	0.381
P0DXK3	GO:0005515	0.557
P0DXN8	GO:0005515	0.340
P0DXN9	GO:0005502	0.310
P0DXN9	GO:0005515	0.501
P0DXO0	GO:0005502	0.374
P0DXO0	GO:0005515	0.540
P0DXO1	GO:0005502	0.376
P0DXO1	GO:0005515	0.547
P0DXO4	GO:0005502	0.319
P0DXO4	GO:0005515	0.375
P0DXO5	GO:0005515	0.412
P0DXO6	GO:0005502	0.307
P0DXO6	GO:0005515	0.417
P0DXO7	GO:0005502	0.336
P0DXO7	GO:0005515	0.456
P0DXO8	GO:0005502	0.383
P0DXO8	GO:0005515	0.535
P0DXU4	GO:0015562	0.328
P0DXU8	GO:0015562	0.338
P0DXU9	GO:0008398	0.593
P0DXV0	GO:0008398	0.590
P0DXV1	GO:0008168	0.310
P0DXV1	GO:0008170	0.328
P0DXV1	GO:0008171	0.402
P0DXV2	GO:0008168	0.372
P0DXV2	GO:0008170	0.350
P0DXV2	GO:0008171	0.437
P0DXV2	GO:0008757	0.319
P0DXV3	GO:1904091	0.539
P0DXV4	GO:1904091	0.522
P0DXV5	GO:0004497	0.512
P0DXV5	GO:0016218	0.316
P0DXV6	GO:0004497	0.508
P0DXV7	GO:0016218	0.594
P0DXV7	GO:1904091	0.352
P0DXV8	GO:0016218	0.594
P0DXV8	GO:1904091	0.427
P0DXV9	GO:0016218	0.512
P0DXW2	GO:0016218	0.336
P0DXW3	GO:0005502	0.382
P0DXW4	GO:0090729	0.531
P0DXW5	GO:0004867	0.380
P0DXW6	GO:0090729	0.315
P0DXW7	GO:0090729	0.471
P0DXW8	GO:0090729	0.522
P0DXX0	GO:0004867	0.385
P0DXX4	GO:0005515	0.375
P0DXX5	GO:0005515	0.301
P0DXX6	GO:0005515	0.502
P0DXX7	GO:0005515	0.479
P0DXX8	GO:0005502	0.373
P0DXX8	GO:0005515	0.427
P0DXY0	GO:0005515	0.434
P0DXY2	GO:0005515	0.387
P0DXY3	GO:0000257	0.594
P0DXY3	GO:0080061	0.330
P0DXY3	GO:0080109	0.362
P0DXY5	GO:0005502	0.356
P0DXY5	GO:0005515	0.408
P0DXY6	GO:0005502	0.381
P0DXY6	GO:0005515	0.415
P0DXZ0	GO:0004021	0.351
P0DXZ3	GO:0003700	0.323
P0DXZ4	GO:0090729	0.485
P0DXZ5	GO:0090729	0.485
P0DXZ6	GO:0047498	0.365
P0DXZ9	GO:0005502	0.339
P0DY00	GO:0005502	0.310
P0DY06	GO:0047444	0.314
P0DY13	GO:0005515	0.372
P0DY14	GO:0005502	0.393
P0DY15	GO:0005515	0.311
P0DY21	GO:0004867	0.338
P0DY22	GO:0016218	0.490
P0DY23	GO:0000247	0.314
P0DY24	GO:0090729	0.317
P0DY25	GO:0090729	0.456
P0DY26	GO:0005502	0.364
P0DY26	GO:0005515	0.308
P0DY27	GO:0005502	0.332
P0DY27	GO:0005515	0.325
P0DY31	GO:0004822	0.326
P0DY32	GO:0016878	0.503
P0DY33	GO:0016747	0.306
P0DY33	GO:0034069	0.349
P0DY36	GO:0000036	0.367
P0DY36	GO:0005502	0.309
P0DY36	GO:0005515	0.317
P0DY37	GO:0004034	0.422
P0DY37	GO:0005502	0.325
P0DY38	GO:0090729	0.505
P0DY40	GO:0004867	0.396
P0DY42	GO:0004623	0.440
P0DY42	GO:0047498	0.459
P0DY42	GO:0090729	0.313
P0DY43	GO:0090729	0.421
P0DY47	GO:0000036	0.330
P0DY47	GO:0005515	0.318
P0DY49	GO:0005506	0.315
P0DY53	GO:0005506	0.343
P0DY54	GO:0016218	0.325
P0DY57	GO:0005502	0.326
P0DY57	GO:0005515	0.532
P0DY58	GO:0005502	0.328
P0DY58	GO:0005515	0.538
P0DY62	GO:0005502	0.366
P0DY83	GO:0004984	0.357
P0DY83	GO:0170020	0.427
P0DY89	GO:0005502	0.352
P0DY89	GO:0005515	0.389
P0DY90	GO:0003735	0.337
P0DY99	GO:0005502	0.381
P0DYA9	GO:0019870	0.432
P0DYA9	GO:0090729	0.417
P0DYB0	GO:0090729	0.385
P0DYB1	GO:0090729	0.387
P0DYB2	GO:0090729	0.452
P0DYB3	GO:0090729	0.366
P0DYB4	GO:0090729	0.410
P72798	GO:0005515	0.353
P73010	GO:0005515	0.401
P73010	GO:0008320	0.307
P73435	GO:0005515	0.422
P73435	GO:0008320	0.371
P79922	GO:0003886	0.413
P79922	GO:0005502	0.304
P79922	GO:0005515	0.423
P79922	GO:0042393	0.330
P9WEE5	GO:0005515	0.436
P9WEE7	GO:0010333	0.326
P9WEE7	GO:0010334	0.304
P9WEE8	GO:0004497	0.492
P9WEE8	GO:0016218	0.466
P9WEE8	GO:0016491	0.351
P9WEE9	GO:0004497	0.413
P9WEE9	GO:0016218	0.385
P9WEF1	GO:0004497	0.461
P9WEF1	GO:0016218	0.466
P9WEF4	GO:0004497	0.424
P9WEF4	GO:0016218	0.301
P9WEF9	GO:0003700	0.391
P9WEF9	GO:0005502	0.357
P9WEF9	GO:0043565	0.367
P9WEG0	GO:0004497	0.510
P9WEG0	GO:0016218	0.309
P9WEG1	GO:0016218	0.579
P9WEG2	GO:0016218	0.396
P9WEG3	GO:0004659	0.588
P9WEG4	GO:0008171	0.453
P9WEG4	GO:0016218	0.419
P9WEG5	GO:0004497	0.387
P9WEG6	GO:0016218	0.371
P9WEJ2	GO:0005502	0.375
P9WEJ2	GO:0005515	0.413
P9WEJ3	GO:0005502	0.313
P9WEJ3	GO:0005515	0.408
P9WEJ4	GO:0005515	0.352
P9WEJ5	GO:0005515	0.460
Q01491	GO:0003729	0.310
Q01491	GO:0005502	0.302
Q05AL8	GO:0000978	0.308
Q05AL8	GO:0001228	0.325
Q05AL8	GO:0005515	0.438
Q08CD9	GO:0005502	0.306
Q08CD9	GO:0005515	0.575
Q0CPG6	GO:0004497	0.488
Q0CPG6	GO:0016218	0.503
Q0CPG7	GO:0004497	0.480
Q0CPG9	GO:0004160	0.561
Q0KKA0	GO:0005199	0.582
Q0R411	GO:0008061	0.316
Q0S4Q9	GO:0050660	0.322
Q0URD7	GO:0000978	0.390
Q0URD7	GO:0000981	0.334
Q0URD7	GO:0001228	0.322
Q0URD7	GO:0003700	0.371
Q0URD7	GO:0005502	0.326
Q0URD7	GO:0043565	0.307
Q0UTF0	GO:0000978	0.360
Q0UTF0	GO:0001228	0.329
Q0UTF0	GO:0003700	0.337
Q0UTF0	GO:0005502	0.309
Q0UTF0	GO:0043565	0.343
Q10GJ1	GO:0004842	0.341
Q10GJ1	GO:0005515	0.312
Q10GJ1	GO:0061630	0.312
Q177W0	GO:0004867	0.401
Q177W0	GO:0005502	0.325
Q1D148	GO:0005515	0.368
Q22A67	GO:0003777	0.505
Q22A67	GO:0005515	0.438
Q22A67	GO:0008569	0.471
Q22HI5	GO:0005515	0.368
Q22MS1	GO:0005515	0.386
Q22MV2	GO:0005515	0.450
Q22R86	GO:0005502	0.306
Q22R86	GO:0005515	0.480
Q22YU3	GO:0005515	0.365
Q23421	GO:0005502	0.317
Q23421	GO:0005515	0.474
Q239Y2	GO:0005502	0.316
Q239Y2	GO:0005515	0.356
Q23FU1	GO:0005502	0.388
Q23FU1	GO:0005515	0.447
Q240X9	GO:0015035	0.446
Q240X9	GO:0015038	0.359
Q24468	GO:0005515	0.325
Q24468	GO:0098821	0.330
Q24CE5	GO:0005502	0.321
Q24CE5	GO:0005515	0.428
Q24DI9	GO:0005502	0.357
Q24DI9	GO:0005515	0.419
Q26994	GO:0003755	0.584
Q26994	GO:0005502	0.347
Q2FXP4	GO:0005502	0.331
Q2FXP4	GO:0005515	0.495
Q2GPS5	GO:0016218	0.377
Q2GPS5	GO:0016491	0.301
Q2GPS6	GO:0016218	0.328
Q2GPS6	GO:0045462	0.364
Q2GPS7	GO:0016218	0.571
Q2GPS8	GO:0005502	0.382
Q2GPS9	GO:0052716	0.517
Q2GPT1	GO:0016218	0.464
Q2GPT2	GO:0016218	0.337
Q2GPT4	GO:0016218	0.469
Q2GPT6	GO:0016218	0.421
Q2GPT8	GO:0000297	0.394
Q2MG95	GO:0005502	0.353
Q2MG95	GO:0005515	0.432
Q2PAY3	GO:0005515	0.328
Q2RW98	GO:0005515	0.337
Q2TR58	GO:0008800	0.375
Q2TXQ1	GO:0008168	0.310
Q2TXQ1	GO:0008171	0.519
Q2TXQ1	GO:0016218	0.301
Q2TXQ9	GO:0008171	0.429
Q2YRP4	GO:0000976	0.336
Q2YRP4	GO:0001216	0.401
Q2YRP4	GO:0003700	0.337
Q31P89	GO:0005502	0.331
Q31P89	GO:0005515	0.438
Q381V1	GO:0005515	0.466
Q384J7	GO:0004674	0.476
Q384J7	GO:0005515	0.406
Q386F1	GO:0005337	0.504
Q386M3	GO:0005515	0.462
Q388V7	GO:0004827	0.451
Q389T1	GO:0005515	0.364
Q38CB5	GO:0005502	0.306
Q3HS86	GO:0005199	0.482
Q4GYX7	GO:0005515	0.386
Q4GZF6	GO:0005502	0.339
Q4GZF6	GO:0005515	0.511
Q4J8R0	GO:0005502	0.310
Q4J8R2	GO:0000703	0.335
Q4J8R2	GO:0008725	0.345
Q4JAB6	GO:0005502	0.305
Q4JAB6	GO:0005515	0.371
Q4JAB7	GO:0005515	0.409
Q4Q1M7	GO:0004615	0.596
Q4V835	GO:0005515	0.428
Q4V835	GO:0140658	0.334
Q4W5H0	GO:0005515	0.426
Q4WC31	GO:0005502	0.306
Q4WE63	GO:0000981	0.332
Q4WE63	GO:0003700	0.390
Q4WE63	GO:0005502	0.302
Q4WE63	GO:0043565	0.336
Q4WUQ8	GO:0005515	0.325
Q4WWM8	GO:0005502	0.346
Q4WWM8	GO:0005515	0.326
Q4WXF4	GO:0004372	0.595
Q4WXF4	GO:0030170	0.380
Q4WY69	GO:0000978	0.330
Q4WY69	GO:0000981	0.301
Q53AM4	GO:0005502	0.350
Q57V03	GO:0005502	0.359
Q57XN4	GO:0005502	0.347
Q57YA3	GO:0005515	0.365
Q57YJ0	GO:0005515	0.447
Q57YS8	GO:0004674	0.317
Q57YS8	GO:0005502	0.332
Q57YS8	GO:0005515	0.388
Q57Z31	GO:0005502	0.302
Q57Z31	GO:0005515	0.339
Q57ZI5	GO:0005502	0.305
Q57ZI5	GO:0005515	0.496
Q57ZK6	GO:0005502	0.364
Q57ZK6	GO:0005515	0.477
Q582T2	GO:0005502	0.399
Q583E0	GO:0005502	0.312
Q583E0	GO:0005515	0.470
Q583R7	GO:0005502	0.361
Q584I8	GO:0004674	0.309
Q584I8	GO:0005502	0.336
Q584I8	GO:0005515	0.407
Q586F4	GO:0005502	0.394
Q586F4	GO:0005515	0.457
Q58T34	GO:0050201	0.450
Q59S64	GO:0004672	0.354
Q59S64	GO:0004674	0.539
Q59S64	GO:0005502	0.370
Q59S64	GO:0005515	0.362
Q59TS6	GO:0043565	0.323
Q5A3L9	GO:0043565	0.397
Q5A786	GO:0003779	0.327
Q5A786	GO:0003785	0.565
Q5A786	GO:0005502	0.356
Q5A786	GO:0005515	0.474
Q5A786	GO:0005546	0.306
Q5A786	GO:0070064	0.442
Q5AF55	GO:0043565	0.408
Q5ALM0	GO:0004073	0.595
Q5ANG4	GO:0000978	0.399
Q5ANG4	GO:0000981	0.315
Q5ANI0	GO:0043565	0.353
Q5ASR7	GO:0005502	0.377
Q5AUU3	GO:0005515	0.317
Q5AY39	GO:0016218	0.596
Q5AY39	GO:0016491	0.324
Q5AY39	GO:1904091	0.396
Q5CT41	GO:0005515	0.433
Q5CW91	GO:0005471	0.424
Q5D8X4	GO:0005515	0.328
Q5D8X4	GO:0140571	0.359
Q5EP34	GO:0005515	0.412
Q5F6V8	GO:0005515	0.330
Q5F6V8	GO:0043138	0.371
Q5F9Y4	GO:0005515	0.387
Q5JE51	GO:0003735	0.555
Q5JEV0	GO:0003735	0.502
Q5JFE2	GO:0005515	0.342
Q5JFH3	GO:0003735	0.321
Q5JGN5	GO:0003735	0.531
Q5JGN5	GO:0005502	0.331
Q5JIV0	GO:0005515	0.325
Q5JJG6	GO:0003735	0.443
Q5SC46	GO:0005515	0.418
Q5SC47	GO:0005515	0.447
Q5SC49	GO:0005515	0.522
Q5SC53	GO:0005515	0.387
Q5SC54	GO:0005515	0.364
Q5SC57	GO:0005515	0.522
Q5SZ93	GO:0005436	0.308
Q5U2T9	GO:0005502	0.394
Q5U2T9	GO:0005515	0.526
Q5U2T9	GO:0005528	0.462
Q5U3T5	GO:0000978	0.301
Q5U3T5	GO:0001228	0.361
Q5U3T5	GO:0005502	0.329
Q5U3T5	GO:0005515	0.449
Q63PD0	GO:0005515	0.391
Q63ZW6	GO:0005201	0.483
Q63ZW6	GO:0005515	0.446
Q63ZW6	GO:0030020	0.562
Q63ZW6	GO:0048407	0.305
Q64845	GO:0005502	0.304
Q64845	GO:0005515	0.560
Q66ID3	GO:0005502	0.390
Q66ID3	GO:0005515	0.311
Q66ID3	GO:0070042	0.459
Q6CVH2	GO:0005502	0.375
Q6CVH2	GO:0005515	0.498
Q6CVH2	GO:0030337	0.449
Q6FKR3	GO:0000981	0.312
Q6FKR3	GO:0005515	0.321
Q6FNA9	GO:0003919	0.317
Q6I6C7	GO:0003796	0.364
Q6LX38	GO:0005515	0.448
Q6LZC0	GO:0005515	0.391
Q6LZM3	GO:0005515	0.396
Q6LZM4	GO:0005515	0.408
Q6M0N3	GO:0005515	0.433
Q6M0N4	GO:0005515	0.312
Q6M0N7	GO:0005515	0.393
Q6MWX1	GO:0005515	0.412
Q6MWX1	GO:0015155	0.472
Q6NKR8	GO:0005502	0.379
Q6NKR8	GO:0005515	0.510
Q6NSQ3	GO:0005502	0.399
Q6NSQ3	GO:0005515	0.498
Q6PHP4	GO:0005502	0.357
Q6PHP4	GO:0005515	0.455
Q6TDU5	GO:0005515	0.444
Q6UXT6	GO:0004984	0.533
Q6XEC0	GO:0008800	0.435
Q6ZI01	GO:0005502	0.387
Q6ZI01	GO:0005515	0.407
Q70KH6	GO:0020037	0.447
Q716G6	GO:0005515	0.459
Q75LV6	GO:0004842	0.407
Q75LV6	GO:0005515	0.402
Q75LV6	GO:0061630	0.437
Q7CYC6	GO:0005502	0.382
Q7CYC6	GO:0005515	0.389
Q7CYK9	GO:0005515	0.366
Q7K003	GO:0005502	0.360
Q7K003	GO:0005515	0.503
Q7KN92	GO:0003831	0.329
Q7PRX9	GO:0005502	0.363
Q7Q5J5	GO:0005515	0.312
Q7Z9L4	GO:0005199	0.460
Q7Z9L4	GO:0005502	0.332
Q7ZW18	GO:0005388	0.565
Q7ZW18	GO:0005515	0.340
Q7ZW18	GO:0030899	0.317
Q814Z4	GO:0008483	0.396
Q814Z4	GO:0030170	0.410
Q820A8	GO:0005515	0.454
Q82ZE0	GO:0004722	0.332
Q82ZE0	GO:0005515	0.451
Q834T0	GO:0005515	0.546
Q836G2	GO:0005502	0.322
Q836G2	GO:0005515	0.557
Q83YH3	GO:0005502	0.344
Q8CWM9	GO:0005515	0.416
Q8CWN0	GO:0005515	0.374
Q8GY45	GO:0005515	0.406
Q8I266	GO:0005502	0.339
Q8I465	GO:0000146	0.469
Q8I465	GO:0051015	0.398
Q8I5Q6	GO:0008379	0.514
Q8IAM2	GO:0008379	0.430
Q8II12	GO:0005515	0.305
Q8III1	GO:0005515	0.407
Q8IJ32	GO:0003924	0.429
Q8IJ32	GO:0005502	0.311
Q8IJ32	GO:0005515	0.382
Q8IJK2	GO:0005515	0.491
Q8IJM5	GO:0004615	0.595
Q8IK85	GO:0005502	0.302
Q8IKT4	GO:0051537	0.317
Q8IL48	GO:0005502	0.335
Q8IL80	GO:0008379	0.590
Q8IL80	GO:0051920	0.326
Q8IL80	GO:0140824	0.331
Q8L443	GO:0005502	0.360
Q8L443	GO:0005515	0.396
Q8MXG1	GO:0005515	0.375
Q8QV69	GO:0005515	0.463
Q8SYK4	GO:0005502	0.353
Q8SYK4	GO:0005515	0.571
Q8TZM6	GO:0005515	0.341
Q8U0T4	GO:0003735	0.505
Q8U594	GO:0005515	0.422
Q8U5I9	GO:0005515	0.341
Q8UET8	GO:0005515	0.362
Q8VEZ1	GO:0004984	0.536
Q8W570	GO:0005502	0.374
Q8W570	GO:0005515	0.515
Q8XAN6	GO:0004842	0.321
Q8XAN6	GO:0005515	0.486
Q8ZL97	GO:0005515	0.410
Q8ZL97	GO:0097351	0.318
Q8ZL98	GO:0005515	0.338
Q8ZL98	GO:0061733	0.331
Q8ZR64	GO:0005502	0.365
Q92PZ7	GO:0000976	0.304
Q92PZ7	GO:0001216	0.402
Q92PZ7	GO:0003700	0.345
Q92ZP7	GO:0036382	0.396
Q92ZP9	GO:0036200	0.381
Q92ZP9	GO:0047086	0.321
Q95ZD7	GO:0004615	0.597
Q963F7	GO:0004167	0.342
Q963F7	GO:0050178	0.379
Q97ZH4	GO:0003735	0.535
Q97ZK4	GO:0005515	0.347
Q980F7	GO:0003735	0.506
Q980J6	GO:0005515	0.341
Q980V0	GO:0005515	0.331
Q98TY6	GO:0005502	0.358
Q98TY6	GO:0005515	0.533
Q99YA0	GO:0005502	0.343
Q9AYZ3	GO:0005502	0.365
Q9AYZ3	GO:0005515	0.476
Q9BIM7	GO:0005502	0.313
Q9BIM7	GO:0005515	0.303
Q9BJ36	GO:0005471	0.459
Q9C2X0	GO:0005199	0.458
Q9C7T1	GO:0005502	0.384
Q9C7T1	GO:0005515	0.360
Q9CZP3	GO:0005502	0.327
Q9CZP3	GO:0005515	0.550
Q9D5B7	GO:0005515	0.500
Q9DAE2	GO:0003723	0.376
Q9DAE2	GO:0005502	0.365
Q9DAE2	GO:0005515	0.469
Q9DQA5	GO:0005515	0.522
Q9F7D7	GO:0034338	0.386
Q9F7D7	GO:0106435	0.322
Q9F7E4	GO:0004497	0.447
Q9FD36	GO:0010181	0.477
Q9FKQ7	GO:0005515	0.472
Q9FRR2	GO:0005502	0.384
Q9FRR2	GO:0005515	0.510
Q9GTP4	GO:0005337	0.532
Q9GTP5	GO:0005337	0.477
Q9HSN1	GO:0005515	0.463
Q9J4L4	GO:0005515	0.337
Q9J4L7	GO:0005515	0.426
Q9JAE0	GO:0005515	0.385
Q9JXC6	GO:0005515	0.407
Q9K0P4	GO:0005515	0.360
Q9KJT3	GO:0005515	0.385
Q9KJT4	GO:0000156	0.348
Q9KJT4	GO:0005515	0.428
Q9KU93	GO:0004175	0.322
Q9KZP3	GO:0008444	0.531
Q9L392	GO:0000287	0.402
Q9L392	GO:0050308	0.316
Q9L393	GO:0004730	0.531
Q9M1Q2	GO:0005515	0.519
Q9MBW4	GO:0005502	0.309
Q9MBW4	GO:0005515	0.418
Q9MBY2	GO:0005502	0.385
Q9MBY2	GO:0005515	0.443
Q9MCT0	GO:0005502	0.370
Q9MCT0	GO:0005515	0.511
Q9NBV4	GO:0005337	0.344
Q9P8T0	GO:0005199	0.342
Q9P8T0	GO:0005502	0.344
Q9RUM0	GO:0005515	0.402
Q9RVT2	GO:0005515	0.376
Q9SJV0	GO:0005515	0.505
Q9SKA8	GO:0005502	0.393
Q9SKA8	GO:0005515	0.498
Q9SX57	GO:0005515	0.543
Q9T0K8	GO:0005502	0.351
Q9T0K8	GO:0005515	0.519
Q9U232	GO:0005515	0.444
Q9UVF9	GO:0031176	0.565
Q9VAM5	GO:0005502	0.304
Q9VAM5	GO:0005515	0.516
Q9VGV8	GO:0005502	0.376
Q9VGV8	GO:0005515	0.475
Q9VIA5	GO:0004984	0.361
Q9VJ31	GO:0008898	0.503
Q9VQG9	GO:0005515	0.312
Q9VQG9	GO:0008083	0.406
Q9VWS0	GO:0005502	0.361
Q9VWS0	GO:0005515	0.380
Q9VXM0	GO:0005515	0.389
Q9W365	GO:0005515	0.304
Q9WYV6	GO:0005502	0.388
Q9ZPL5	GO:0030170	0.327
Q9ZUB7	GO:0005502	0.378
Q9ZUB7	GO:0005515	0.517
Q9ZVA7	GO:0005515	0.435
Q9ZW72	GO:0005515	0.517
R4H5E1	GO:0019871	0.574
R4H5E1	GO:0090729	0.546
R9UE68	GO:0005502	0.388
S3DQQ9	GO:0000978	0.366
S3DQQ9	GO:0003700	0.351
S8ESV1	GO:0005502	0.333
S8ESV1	GO:0005515	0.358
S8EUF0	GO:0004674	0.410
S8EUF0	GO:0005515	0.430
S8EV69	GO:0005502	0.395
S8EV69	GO:0005515	0.539
S8EYU3	GO:0003923	0.373
S8EYU3	GO:0003924	0.348
S8EYU3	GO:0005502	0.321
S8EYU3	GO:0005515	0.450
S8F0G9	GO:0005502	0.387
S8F0G9	GO:0005515	0.396
S8F258	GO:0005502	0.386
S8F258	GO:0005515	0.472
S8F3G6	GO:0005502	0.386
S8F3G6	GO:0005515	0.506
S8F527	GO:0005515	0.334
S8G033	GO:0005502	0.396
S8G033	GO:0005515	0.481
S8G6L4	GO:0005502	0.338
S8G6L4	GO:0005515	0.446
S8GH32	GO:0005502	0.375
S8GH32	GO:0005515	0.492
S8GI44	GO:0004674	0.381
S8GI44	GO:0005502	0.310
S8GI44	GO:0005515	0.481
T2BMW7	GO:0005502	0.306
U4PLN7	GO:0005502	0.316
U4PLN7	GO:0005515	0.520
U6KQJ2	GO:0005515	0.400
U6KS09	GO:0030248	0.319
V5H924	GO:0004869	0.567
V5H924	GO:0005502	0.359
V9GX91	GO:0005515	0.470
V9LFM0	GO:0005509	0.519
V9TS54	GO:0031176	0.459
W1QAK2	GO:0005515	0.332
W1QB31	GO:0005515	0.351
W1QET1	GO:0016783	0.352
W1QET1	GO:0042292	0.436
W1QHP2	GO:0005515	0.356
W1QJK0	GO:0031071	0.584
W1QL91	GO:0005515	0.409
W6JLV4	GO:0004161	0.330
W6JLV4	GO:0004659	0.595
W6QN79	GO:0016218	0.593
W6QN79	GO:1904091	0.404
W6QN83	GO:0016218	0.336
W6QTE8	GO:0004497	0.541
W6QTE8	GO:0016218	0.368
W6QTF2	GO:0001228	0.373
W6QTF2	GO:0003700	0.313
W6QTF2	GO:0005502	0.335
W6R6G5	GO:0004497	0.547
W6R6G5	GO:0016218	0.466
W6R6G5	GO:0016491	0.365
W7L9C2	GO:0016218	0.437
W7XJB1	GO:0005502	0.324
W7XJB1	GO:0005515	0.487
X0JZ91	GO:0005515	0.361
X1WBN4	GO:0005502	0.379
X1WBN4	GO:0005515	0.384
