A0A023PMT2	GO:0005576	0.948
A0A059U8Y9	GO:0005576	0.945
A0A059WI14	GO:0005829	0.662
A0A067N4H9	GO:0005576	0.725
A0A067N4P3	GO:0005576	0.759
A0A067N4P3	GO:0031160	0.343
A0A067N4P7	GO:0005576	0.813
A0A067N582	GO:0005576	0.780
A0A067N582	GO:0020002	0.450
A0A067N648	GO:0005576	0.638
A0A067N648	GO:0020002	0.657
A0A067N7P3	GO:0005576	0.808
A0A067N7P3	GO:0005615	0.415
A0A067N7P3	GO:0020002	0.342
A0A067NEJ5	GO:0005576	0.665
A0A067NEJ5	GO:0020002	0.485
A0A067NFU6	GO:0005576	0.762
A0A067NFU6	GO:0031160	0.434
A0A067NGV3	GO:0005576	0.583
A0A067NGV3	GO:0020002	0.486
A0A067NHE1	GO:0005576	0.607
A0A067NHE1	GO:0020002	0.687
A0A067NHW8	GO:0005576	0.574
A0A067NHW8	GO:0020002	0.418
A0A067NHW8	GO:0031160	0.454
A0A067NMT6	GO:0005576	0.674
A0A067NMT6	GO:0020002	0.359
A0A067NN74	GO:0005576	0.523
A0A067NRJ8	GO:0005576	0.738
A0A067NRQ5	GO:0005576	0.774
A0A067NRQ5	GO:0020002	0.334
A0A067NRQ5	GO:0031160	0.483
A0A067P0I9	GO:0005576	0.698
A0A067P0I9	GO:0005615	0.333
A0A067P1E6	GO:0005576	0.700
A0A067P1E6	GO:0020002	0.340
A0A067P1K6	GO:0005576	0.643
A0A067P1K6	GO:0020002	0.421
A0A067P494	GO:0005576	0.692
A0A067P943	GO:0005576	0.609
A0A067PCX8	GO:0005576	0.633
A0A067PCX8	GO:0020002	0.544
A0A075D654	GO:0005886	0.417
A0A075D6M1	GO:0005829	0.348
A0A077Y877	GO:0005886	0.567
A0A087WWS6	GO:0005576	0.587
A0A087WWS6	GO:0005615	0.328
A0A089LCJ8	GO:0005829	0.614
A0A089MMR2	GO:0005829	0.652
A0A0A2IC94	GO:0005576	0.709
A0A0A2IC94	GO:0031160	0.735
A0A0A2J434	GO:0005576	0.598
A0A0A2J434	GO:0020002	0.347
A0A0A2J9B3	GO:0000785	0.554
A0A0A2J9B3	GO:0005634	0.792
A0A0A2J9B3	GO:0005737	0.319
A0A0A2JK41	GO:0005576	0.769
A0A0A2JK41	GO:0005615	0.339
A0A0A2JSZ6	GO:0005576	0.521
A0A0A2JSZ6	GO:0031160	0.647
A0A0A2K253	GO:0005576	0.551
A0A0A2K6S6	GO:0000785	0.315
A0A0A2K6S6	GO:0005634	0.737
A0A0A2K6S6	GO:0005737	0.411
A0A0A2K7M3	GO:0005576	0.540
A0A0A2K7M3	GO:0005615	0.313
A0A0A2KI06	GO:0005576	0.584
A0A0A2KI06	GO:0009277	0.421
A0A0A8X338	GO:0005886	0.774
A0A0A8X5N4	GO:0045271	0.428
A0A0B4K7K9	GO:0030057	0.394
A0A0B4K7K9	GO:0048786	0.316
A0A0B4K7K9	GO:0098831	0.544
A0A0B5JC15	GO:0005576	0.637
A0A0B5JC15	GO:0005615	0.459
A0A0C3D4E3	GO:0005576	0.889
A0A0D1BZL3	GO:0005576	0.732
A0A0D1BZL3	GO:0031160	0.378
A0A0D1C4X3	GO:0005634	0.384
A0A0D1C4X3	GO:0005829	0.337
A0A0D1C5X6	GO:0005576	0.599
A0A0D1C5X6	GO:0005615	0.369
A0A0D1CKI0	GO:0005576	0.486
A0A0D1CKI0	GO:0009277	0.530
A0A0D1CKI0	GO:0030446	0.549
A0A0D1DPX0	GO:0005576	0.749
A0A0D1E951	GO:0005576	0.432
A0A0E0S0W9	GO:0005634	0.394
A0A0E0S0W9	GO:0005737	0.481
A0A0E0S0W9	GO:0005829	0.389
A0A0E1RWL5	GO:0005829	0.429
A0A0E1RXK8	GO:0005783	0.335
A0A0E1RXK8	GO:0005886	0.317
A0A0E3D8N3	GO:0005783	0.307
A0A0F4YI33	GO:0005634	0.424
A0A0F4YI33	GO:0005829	0.367
A0A0F6B281	GO:0005829	0.706
A0A0F6B5X3	GO:0032993	0.366
A0A0F6B5X3	GO:0110001	0.989
A0A0F6B5X4	GO:0005829	0.378
A0A0F6B8D8	GO:0005829	0.448
A0A0F6B8D9	GO:0005829	0.381
A0A0F6B8D9	GO:0032993	0.396
A0A0F6B8D9	GO:0110001	0.983
A0A0F6BAH8	GO:0032993	0.371
A0A0F6BAH8	GO:0110001	0.962
A0A0F6BAH9	GO:0005829	0.419
A0A0F6NRE2	GO:0005576	0.585
A0A0F6NRE2	GO:0009274	0.390
A0A0F7TWW9	GO:0005739	0.661
A0A0F7TWX5	GO:0005886	0.325
A0A0F7TZ11	GO:0005783	0.608
A0A0F7TZ11	GO:0005789	0.330
A0A0F7U0K0	GO:0005783	0.708
A0A0F9X418	GO:0005634	0.349
A0A0F9X418	GO:0005829	0.634
A0A0G4KL96	GO:0005576	0.648
A0A0G4KL96	GO:0005615	0.352
A0A0G4PJR9	GO:0005576	0.602
A0A0G4PJR9	GO:0031160	0.728
A0A0H2X5R2	GO:0005829	0.538
A0A0H2X6L3	GO:0005829	0.565
A0A0H2X6L3	GO:0005886	0.563
A0A0H2XAU1	GO:0032993	0.525
A0A0H3DN66	GO:0005634	0.343
A0A0H3HFP3	GO:0030288	0.805
A0A0H3HFP3	GO:0042597	0.332
A0A0H3HQS6	GO:0005886	0.877
A0A0H3HW87	GO:0005886	0.957
A0A0H3HYU6	GO:0005886	0.545
A0A0H3HYU6	GO:0009274	0.407
A0A0H3HYU6	GO:0032993	0.479
A0A0H3HZ79	GO:0005576	0.415
A0A0H3KA40	GO:0005886	0.884
A0A0H3LMJ1	GO:0005886	0.663
A0A0H3LSV1	GO:0005886	0.424
A0A0H3LVU7	GO:0005886	0.854
A0A0J9U5N0	GO:0005634	0.897
A0A0J9U922	GO:0000785	0.456
A0A0J9U922	GO:0005634	0.906
A0A0J9UHQ6	GO:0005576	0.525
A0A0J9UHQ6	GO:0009277	0.731
A0A0J9UHQ6	GO:0030446	0.485
A0A0J9UJP6	GO:0005576	0.627
A0A0J9UJP6	GO:0005615	0.313
A0A0J9UPF5	GO:0000785	0.344
A0A0J9UPF5	GO:0005634	0.826
A0A0J9UVX2	GO:0005634	0.350
A0A0J9UVX2	GO:0005737	0.474
A0A0J9UVX2	GO:0005829	0.329
A0A0J9UVX2	GO:0005886	0.316
A0A0J9V2V7	GO:0005634	0.651
A0A0J9V2V7	GO:0033698	0.598
A0A0J9V2V7	GO:0036396	0.733
A0A0J9V2V7	GO:0070210	0.411
A0A0J9VT58	GO:0005634	0.844
A0A0J9VYS2	GO:0005634	0.856
A0A0J9W3S9	GO:0005634	0.827
A0A0J9W9G2	GO:0005634	0.855
A0A0J9WAS0	GO:0005634	0.843
A0A0J9WG94	GO:0005634	0.791
A0A0J9WP80	GO:0005634	0.802
A0A0J9WQL2	GO:0005634	0.592
A0A0J9WQL2	GO:0005681	0.313
A0A0J9WQL2	GO:0005829	0.316
A0A0J9WTU0	GO:0005634	0.542
A0A0J9WTU0	GO:0005829	0.313
A0A0J9WTU0	GO:0033698	0.317
A0A0J9WVC0	GO:0005634	0.846
A0A0K3AWP8	GO:0140268	0.748
A0A0L1JEW4	GO:0005783	0.691
A0A0L1JEW4	GO:0005789	0.452
A0A0L1JEX1	GO:0005829	0.461
A0A0L1JF11	GO:0005829	0.353
A0A0L1JF88	GO:0005886	0.670
A0A0L1JF88	GO:0009274	0.344
A0A0L8FVQ9	GO:0005886	0.520
A0A0M4JNZ0	GO:0005886	0.542
A0A0M4JNZ6	GO:0005886	0.569
A0A0M8MV11	GO:0005783	0.410
A0A0M8MW83	GO:0005783	0.450
A0A0M8MZA1	GO:0005634	0.479
A0A0M8MZA1	GO:0005829	0.430
A0A0M8N026	GO:0005783	0.429
A0A0M8N4S6	GO:0005829	0.588
A0A0M8N4Y4	GO:0005835	0.302
A0A0M8N8C7	GO:0005783	0.402
A0A0M8N8I0	GO:0005829	0.612
A0A0M8N9N3	GO:0005634	0.389
A0A0M8N9Q3	GO:0005634	0.341
A0A0M8N9Q3	GO:0005829	0.583
A0A0M8N9Y5	GO:0000325	0.301
A0A0M8N9Y5	GO:0005886	0.608
A0A0M9VUG7	GO:0005783	0.479
A0A0M9VUI4	GO:0005634	0.489
A0A0M9VUI4	GO:0005737	0.300
A0A0M9VUI4	GO:0005829	0.319
A0A0M9VUJ4	GO:0005739	0.456
A0A0M9VUP1	GO:0005829	0.345
A0A0M9VX54	GO:0005634	0.428
A0A0M9VX54	GO:0005829	0.493
A0A0M9VXC7	GO:0005634	0.312
A0A0M9VXC7	GO:0005829	0.575
A0A0N0RTK4	GO:0005829	0.312
A0A0N7FMT9	GO:0005576	0.944
A0A0N7KBN8	GO:0005576	0.902
A0A0N9LWM6	GO:0005576	0.898
A0A0P0UTI6	GO:0005576	0.784
A0A0P0UTJ1	GO:0005576	0.810
A0A0P0UTJ1	GO:0005615	0.528
A0A0P0UTQ7	GO:0005576	0.923
A0A0Q9K4R6	GO:0005829	0.391
A0A0Q9K529	GO:0005829	0.455
A0A0Q9K5G9	GO:0005829	0.621
A0A0Q9KFZ4	GO:0005829	0.605
A0A0U3AB61	GO:0005829	0.494
A0A0U3S9Q3	GO:0005829	0.692
A0A0U4AHM6	GO:0005829	0.706
A0A0U4BHM2	GO:0005829	0.662
A0A125YIC2	GO:0005886	0.457
A0A125YQJ0	GO:0005783	0.456
A0A125YQJ0	GO:0005788	0.356
A0A125YQS6	GO:0005886	0.628
A0A125YS62	GO:0005634	0.391
A0A125YS62	GO:0005737	0.457
A0A125YS62	GO:0005829	0.389
A0A125YUW9	GO:0005886	0.389
A0A125YWU9	GO:0005886	0.581
A0A125YY17	GO:0005794	0.336
A0A125YY17	GO:0005886	0.477
A0A125YY17	GO:0055037	0.351
A0A125YY17	GO:0055038	0.377
A0A125YYB5	GO:0005634	0.513
A0A125YYB5	GO:0005654	0.393
A0A125YYB5	GO:0005739	0.665
A0A140GN71	GO:0005615	0.368
A0A140GN71	GO:0020009	0.333
A0A140GN71	GO:0044174	0.350
A0A161YAH9	GO:0005829	0.385
A0A162LR42	GO:0005634	0.772
A0A162LR42	GO:0005737	0.327
A0A162LR42	GO:0005829	0.311
A0A162P542	GO:0005739	0.316
A0A162P542	GO:0005829	0.316
A0A162P552	GO:0005783	0.460
A0A166ACJ5	GO:0005634	0.386
A0A166ACJ5	GO:0005737	0.465
A0A166ACJ5	GO:0005829	0.530
A0A172QE52	GO:0005739	0.308
A0A194VNL2	GO:0005634	0.378
A0A194VNL2	GO:0005737	0.500
A0A194VNL2	GO:0005829	0.454
A0A194VQ39	GO:0005886	0.841
A0A194VQN7	GO:0005829	0.372
A0A194VQT0	GO:0005886	0.791
A0A194VR61	GO:0005829	0.301
A0A194VTS2	GO:0005777	0.372
A0A194VTS2	GO:0005829	0.379
A0A194VU23	GO:0005783	0.484
A0A194VUA1	GO:0005835	0.609
A0A194VXQ8	GO:0005829	0.345
A0A194VXQ8	GO:0005835	0.459
A0A194VZB5	GO:0005829	0.478
A0A194W185	GO:0005634	0.460
A0A194W185	GO:0005829	0.400
A0A194W8T8	GO:0005737	0.384
A0A194W8T8	GO:0005886	0.400
A0A194W8T8	GO:0032153	0.380
A0A194W8T8	GO:0035840	0.397
A0A194WDG1	GO:0005634	0.599
A0A194WDG1	GO:0005654	0.396
A0A194WDG1	GO:0005737	0.520
A0A194WDG1	GO:0005829	0.503
A0A1B0GRQ3	GO:0005634	0.324
A0A1B0GRQ3	GO:0005829	0.308
A0A1B5KW97	GO:0005634	0.582
A0A1B5KW97	GO:0005654	0.339
A0A1B5KW97	GO:0005737	0.488
A0A1B5KW97	GO:0005829	0.571
A0A1C3NEV1	GO:0005886	0.800
A0A1D8PCF5	GO:0005634	0.343
A0A1D8PCF5	GO:0005737	0.443
A0A1D8PCF5	GO:0019005	0.452
A0A1D8PCM7	GO:0005634	0.738
A0A1D8PCT5	GO:0005783	0.314
A0A1D8PCT7	GO:0005783	0.321
A0A1D8PDI4	GO:0005634	0.835
A0A1D8PE43	GO:0005634	0.854
A0A1D8PEH1	GO:0005634	0.923
A0A1D8PEJ0	GO:0005783	0.378
A0A1D8PG41	GO:0005634	0.699
A0A1D8PG41	GO:0005737	0.395
A0A1D8PGF3	GO:0005634	0.788
A0A1D8PGW8	GO:0005783	0.350
A0A1D8PHW6	GO:0005634	0.645
A0A1D8PHW6	GO:0005737	0.342
A0A1D8PI22	GO:0005737	0.332
A0A1D8PI22	GO:0005739	0.312
A0A1D8PI22	GO:0005783	0.421
A0A1D8PJ01	GO:0005886	0.818
A0A1D8PJ72	GO:0005634	0.415
A0A1D8PJ96	GO:0005634	0.729
A0A1D8PJ96	GO:0005737	0.395
A0A1D8PJJ7	GO:0005634	0.514
A0A1D8PJJ7	GO:0005737	0.366
A0A1D8PJX7	GO:0005634	0.338
A0A1D8PKB4	GO:0005634	0.500
A0A1D8PKB4	GO:0005737	0.511
A0A1D8PKB4	GO:0005934	0.374
A0A1D8PKB4	GO:0005935	0.548
A0A1D8PKB5	GO:0005634	0.590
A0A1D8PKI7	GO:0005634	0.507
A0A1D8PKI7	GO:0005737	0.362
A0A1D8PL89	GO:0005634	0.792
A0A1D8PLA4	GO:0005634	0.521
A0A1D8PLA4	GO:0005737	0.339
A0A1D8PLH4	GO:0005634	0.745
A0A1D8PLI4	GO:0005634	0.672
A0A1D8PLT8	GO:0005634	0.552
A0A1D8PLT8	GO:0005737	0.601
A0A1D8PM93	GO:0000932	0.810
A0A1D8PM93	GO:0005634	0.355
A0A1D8PM93	GO:0005737	0.565
A0A1D8PMB8	GO:0005737	0.386
A0A1D8PMB8	GO:0005829	0.618
A0A1D8PME2	GO:0005634	0.490
A0A1D8PME2	GO:0005737	0.366
A0A1D8PMM6	GO:0005783	0.393
A0A1D8PMQ3	GO:0005783	0.444
A0A1D8PN93	GO:0005634	0.443
A0A1D8PN93	GO:0005737	0.430
A0A1D8PNF7	GO:0005634	0.663
A0A1D8PNM8	GO:0005634	0.583
A0A1D8PNM8	GO:0005737	0.371
A0A1D8PNN1	GO:0005634	0.451
A0A1D8PPQ3	GO:0005634	0.570
A0A1D8PPQ3	GO:0005737	0.301
A0A1D8PQ19	GO:0005783	0.334
A0A1D8PRB7	GO:0005634	0.596
A0A1D8PRL9	GO:0005634	0.853
A0A1D8PRL9	GO:0005829	0.354
A0A1D8PSC7	GO:0005634	0.700
A0A1D8PSC7	GO:0005737	0.345
A0A1D8PT64	GO:0005634	0.493
A0A1D8PU45	GO:0005634	0.715
A0A1D9PXD2	GO:0005634	0.854
A0A1D9PYE1	GO:0000785	0.503
A0A1D9PYE1	GO:0005634	0.854
A0A1D9PYE1	GO:0005737	0.359
A0A1D9Q0B7	GO:0005634	0.347
A0A1D9Q0B7	GO:0005737	0.360
A0A1D9Q0B7	GO:0005829	0.672
A0A1D9QBH7	GO:0005634	0.301
A0A1D9QBH7	GO:0005829	0.448
A0A1D9QGL5	GO:0000785	0.391
A0A1D9QGL5	GO:0005634	0.871
A0A1D9QGL5	GO:0005737	0.378
A0A1D9QMS2	GO:0005634	0.308
A0A1D9QMS2	GO:0005737	0.430
A0A1D9QMS2	GO:0005829	0.460
A0A1D9QMS2	GO:0031588	0.680
A0A1E1GEY0	GO:0005576	0.303
A0A1E1GEY0	GO:0005615	0.346
A0A1E1GEY0	GO:0005886	0.321
A0A1E3M8P2	GO:0005737	0.363
A0A1E3M8P2	GO:0005829	0.585
A0A1F5L592	GO:0005829	0.664
A0A1H1YBL2	GO:0005886	0.750
A0A1H1YBL2	GO:0009274	0.391
A0A1I1NU16	GO:0005886	0.619
A0A1I1NU16	GO:0009274	0.347
A0A1I1NU27	GO:0005829	0.581
A0A1I1P074	GO:0005829	0.364
A0A1I1P074	GO:0005886	0.451
A0A1I1P2K9	GO:0005737	0.311
A0A1I1P2K9	GO:0005829	0.387
A0A1I9QLC3	GO:0005576	0.589
A0A1I9QLC3	GO:0020002	0.342
A0A1I9QLC4	GO:0005576	0.592
A0A1I9QLC4	GO:0020002	0.338
A0A1I9QLC5	GO:0005576	0.649
A0A1I9QLC5	GO:0020002	0.462
A0A1I9QLC5	GO:0031160	0.328
A0A1I9QLC6	GO:0005576	0.544
A0A1I9QLC6	GO:0020002	0.348
A0A1I9QLC7	GO:0005576	0.554
A0A1I9QLC7	GO:0020002	0.370
A0A1I9QLC8	GO:0005576	0.576
A0A1I9QLC8	GO:0020002	0.527
A0A1I9QLC9	GO:0005576	0.522
A0A1I9QLC9	GO:0009277	0.367
A0A1I9QLD0	GO:0005576	0.592
A0A1I9QLD1	GO:0005576	0.650
A0A1I9QLD1	GO:0020002	0.351
A0A1L7NVA6	GO:0005739	0.844
A0A1L7NVA6	GO:0005759	0.416
A0A1L8F8I9	GO:0005634	0.392
A0A1L8F8I9	GO:0005654	0.419
A0A1L9X983	GO:0005783	0.573
A0A1L9X985	GO:0005829	0.431
A0A1L9X986	GO:0005634	0.634
A0A1L9X996	GO:0005634	0.469
A0A1L9X996	GO:0005737	0.307
A0A1L9X9G5	GO:0005829	0.496
A0A1L9X9H4	GO:0005576	0.541
A0A1Q5Q699	GO:0005634	0.325
A0A1Q5Q699	GO:0005737	0.301
A0A1Q5Q699	GO:0005829	0.633
A0A1S4F362	GO:0005886	0.620
A0A1S4FD88	GO:0005886	0.586
A0A1U8CC89	GO:0005737	0.340
A0A1U8CC89	GO:0005829	0.734
A0A1V6KBG7	GO:0005829	0.479
A0A1V6KBG7	GO:0005886	0.549
A0A1V6KBG7	GO:0009274	0.417
A0A218P055	GO:0005634	0.413
A0A218P055	GO:0005665	0.413
A0A218P055	GO:0005666	0.583
A0A218P055	GO:0005736	0.308
A0A218P055	GO:0005829	0.461
A0A219TTW8	GO:0005576	0.795
A0A223GEB2	GO:0005634	0.313
A0A223GEB2	GO:0005737	0.355
A0A223GEB2	GO:0005829	0.489
A0A223GEB2	GO:0015935	0.314
A0A223GEB2	GO:0031932	0.324
A0A223GEB2	GO:1990630	0.343
A0A223HDH4	GO:0005737	0.478
A0A223HDH4	GO:0005829	0.711
A0A223HDI2	GO:0005829	0.429
A0A223HDI5	GO:0005829	0.641
A0A224AHH8	GO:0005576	0.373
A0A224AHH8	GO:0005615	0.830
A0A224AU14	GO:0005886	0.683
A0A224AU14	GO:0009274	0.463
A0A224AUB0	GO:0005886	0.868
A0A224AUB0	GO:0009274	0.356
A0A261GRE4	GO:0005576	0.410
A0A261GVB1	GO:0005829	0.367
A0A286YEU6	GO:0005886	0.937
A0A287BIW9	GO:0005813	0.433
A0A287BIW9	GO:0005814	0.313
A0A2G0QDP0	GO:0005829	0.392
A0A2G0QDP0	GO:0005886	0.380
A0A2H0ZWD0	GO:0000785	0.308
A0A2H0ZWD0	GO:0005634	0.850
A0A2H0ZWD0	GO:0005737	0.505
A0A2H0ZYD3	GO:0005829	0.356
A0A2H0ZYD3	GO:0005886	0.361
A0A2H0ZYD3	GO:0005955	0.490
A0A2H1K3G9	GO:0005829	0.319
A0A2H1K3G9	GO:0005886	0.698
A0A2H1K3G9	GO:0009274	0.351
A0A2H4S6M4	GO:0005576	0.567
A0A2H4S6M4	GO:0009277	0.460
A0A2H4S6M4	GO:0030446	0.878
A0A2H4SBS0	GO:0005576	0.779
A0A2H4SBS0	GO:0005615	0.380
A0A2H4SHM4	GO:0005576	0.811
A0A2H4SI69	GO:0005576	0.794
A0A2H4SI69	GO:0031160	0.691
A0A2H4SKW2	GO:0005576	0.687
A0A2H4SKW2	GO:0005615	0.310
A0A2H4SKW2	GO:0031160	0.636
A0A2K3D179	GO:0005829	0.523
A0A2P1AAV1	GO:0005886	0.671
A0A2P5I554	GO:0005634	0.533
A0A2P5I554	GO:0005737	0.308
A0A2P5I554	GO:0005829	0.461
A0A2R8Y4L6	GO:0005886	0.943
A0A2R8YED5	GO:0005886	0.935
A0A2T1AE85	GO:0005829	0.812
A0A2T3YYV2	GO:0005576	0.692
A0A2T3YYV2	GO:0031160	0.430
A0A2T3Z3L3	GO:0005576	0.695
A0A2T3ZAF2	GO:0005576	0.698
A0A2T3ZAF2	GO:0005615	0.320
A0A2T3ZC06	GO:0005576	0.856
A0A2T3ZCF4	GO:0005576	0.711
A0A2T3ZJ73	GO:0005576	0.752
A0A2T3ZJ73	GO:0009277	0.316
A0A2T3ZJ73	GO:0030446	0.746
A0A2T3ZJ73	GO:0031160	0.464
A0A2T3ZJV9	GO:0005576	0.782
A0A2T3ZKC8	GO:0005576	0.764
A0A2Z5P0W7	GO:0005634	0.323
A0A2Z5P0W7	GO:0005829	0.464
A0A2Z5P2H9	GO:0005783	0.523
A0A2Z5U367	GO:0005634	0.456
A0A2Z5U367	GO:0005829	0.425
A0A2Z5U368	GO:0005634	0.309
A0A2Z5U368	GO:0005829	0.523
A0A2Z5U3C2	GO:0005783	0.649
A0A2Z5U3C2	GO:0005789	0.388
A0A2Z5U507	GO:0005634	0.561
A0A2Z5U507	GO:0005829	0.455
A0A2Z5U6I9	GO:0005783	0.549
A0A2Z5UFJ1	GO:0005829	0.557
A0A2Z6E8J2	GO:0005783	0.350
A0A2Z6E914	GO:0005576	0.611
A0A2Z6E917	GO:0005783	0.571
A0A2Z6E9B9	GO:0005634	0.406
A0A2Z6E9B9	GO:0005829	0.345
A0A2Z6E9C0	GO:0005783	0.318
A0A364LYQ6	GO:0005634	0.762
A0A364MYA3	GO:0005634	0.653
A0A364MYA3	GO:0005829	0.501
A0A364MYU4	GO:0005835	0.338
A0A384J6C4	GO:0009277	0.789
A0A384JA57	GO:0005576	0.778
A0A384JA57	GO:0031160	0.578
A0A384JJH8	GO:0005576	0.483
A0A384JJH8	GO:0005615	0.328
A0A384JJM8	GO:0005576	0.637
A0A384JN58	GO:0005576	0.430
A0A384JN58	GO:0009277	0.453
A0A384JW35	GO:0005576	0.682
A0A384JXV5	GO:0005576	0.836
A0A384K116	GO:0005576	0.346
A0A384K116	GO:0005886	0.324
A0A384K116	GO:0009277	0.800
A0A384K474	GO:0005576	0.851
A0A384K4T0	GO:0005886	0.407
A0A384KFT0	GO:0005634	0.455
A0A384KFT0	GO:0005737	0.517
A0A384KFT0	GO:0005829	0.695
A0A385XI11	GO:0005829	0.691
A0A385XI13	GO:0005634	0.599
A0A385XI13	GO:0005829	0.421
A0A385XIL0	GO:0005634	0.733
A0A385XIL0	GO:0005730	0.716
A0A3A4NVY7	GO:0005829	0.515
A0A3A4NVY7	GO:0005886	0.307
A0A3B3IT45	GO:0005886	0.789
A0A3B6EFE3	GO:0005783	0.341
A0A3F2YLV2	GO:0005737	0.330
A0A3F2YLV2	GO:0032437	0.342
A0A3F2YLV2	GO:0045335	0.415
A0A3G1DJL7	GO:0005576	0.634
A0A3G1DJN1	GO:0005576	0.758
A0A3G1DJQ2	GO:0009536	0.355
A0A3N2PQC3	GO:0005576	0.678
A0A3P8MJV5	GO:0005576	0.839
A0A3Q1LFG5	GO:0005739	0.329
A0A3Q7EKL1	GO:0005634	0.856
A0A3Q7GZ09	GO:0000145	0.830
A0A3Q7GZ09	GO:0005886	0.466
A0A3Q7GZ09	GO:0009504	0.404
A0A3Q7GZ09	GO:0009506	0.427
A0A3Q7JAD9	GO:0000145	0.799
A0A3Q7JAD9	GO:0005886	0.412
A0A3Q7JAD9	GO:0009504	0.329
A0A3Q7JAD9	GO:0009506	0.342
A0A3R5XUE6	GO:0005886	0.443
A0A3S6I186	GO:0005576	0.409
A0A3S6I186	GO:0005615	0.637
A0A410UD22	GO:0005789	0.455
A0A423V942	GO:0005737	0.379
A0A423V942	GO:0005829	0.365
A0A423V942	GO:0005886	0.462
A0A423V942	GO:0032153	0.587
A0A423V942	GO:0051285	0.453
A0A423V942	GO:0051286	0.416
A0A423VH03	GO:0000785	0.436
A0A423VH03	GO:0005634	0.864
A0A423VH03	GO:0005737	0.370
A0A423VM26	GO:0005576	0.442
A0A423VM26	GO:0009277	0.530
A0A423VRU0	GO:0005886	0.581
A0A423VRU0	GO:0031201	0.529
A0A423VRU0	GO:0071944	0.423
A0A423VUD1	GO:0005634	0.814
A0A423VUD1	GO:0005737	0.556
A0A423VWI2	GO:0005576	0.613
A0A423VWI2	GO:0009277	0.336
A0A423VYK3	GO:0009277	0.543
A0A423VYK3	GO:0042025	0.359
A0A423VZH2	GO:0005634	0.479
A0A423VZH2	GO:0005737	0.565
A0A423VZH2	GO:0005829	0.558
A0A423W697	GO:0005737	0.487
A0A423W697	GO:0005886	0.362
A0A423W697	GO:0005934	0.422
A0A423W697	GO:0005935	0.344
A0A423W697	GO:0030428	0.655
A0A423W697	GO:0043332	0.421
A0A423W697	GO:0061645	0.476
A0A423WA64	GO:0005634	0.673
A0A423WA64	GO:0005654	0.525
A0A423WA64	GO:0005737	0.541
A0A423WA64	GO:0005770	0.328
A0A423WA64	GO:0005829	0.542
A0A423WA64	GO:0005901	0.603
A0A423WA64	GO:0005925	0.485
A0A423WHI6	GO:0000139	0.304
A0A423WHI6	GO:0005783	0.439
A0A423WHI6	GO:0005789	0.303
A0A423WHI6	GO:0005794	0.423
A0A423WHI6	GO:0012507	0.332
A0A423WHI6	GO:0031201	0.402
A0A429XC68	GO:0005829	0.656
A0A429XCI2	GO:0005829	0.649
A0A429XDI3	GO:0005829	0.647
A0A436ZRG7	GO:0005834	0.662
A0A436ZRG7	GO:0005886	0.668
A0A436ZRX2	GO:0005834	0.541
A0A436ZRX2	GO:0005886	0.680
A0A436ZWN6	GO:0005886	0.864
A0A436ZYJ3	GO:0005886	0.812
A0A437A6S9	GO:0005634	0.546
A0A437A6S9	GO:0005737	0.324
A0A437A6S9	GO:0005829	0.318
A0A437A7U4	GO:0005576	0.689
A0A437A807	GO:0005576	0.337
A0A437AER2	GO:0005834	0.426
A0A437AER2	GO:0005886	0.706
A0A437AFK1	GO:0000785	0.335
A0A437AFK1	GO:0005634	0.679
A0A437AGY2	GO:0005886	0.851
A0A455LJ99	GO:0005634	0.848
A0A455LJ99	GO:0005737	0.333
A0A455ZIK8	GO:0005783	0.515
A0A455ZIM5	GO:0005886	0.421
A0A455ZIM5	GO:0009705	0.582
A0A455ZIM6	GO:0005886	0.780
A0A455ZJD4	GO:0005829	0.362
A0A455ZJM4	GO:0005576	0.369
A0A455ZKR7	GO:0005829	0.496
A0A455ZLR3	GO:0005829	0.522
A0A455ZM03	GO:0005783	0.381
A0A455ZMR3	GO:0005634	0.530
A0A455ZMR3	GO:0005829	0.399
A0A482PJF5	GO:0005634	0.537
A0A482PJF5	GO:0005737	0.497
A0A482PJF5	GO:0005829	0.466
A0A482PJY4	GO:0005634	0.553
A0A482PJY4	GO:0005737	0.511
A0A482PJY4	GO:0005829	0.508
A0A482PUS2	GO:0005634	0.361
A0A482PUS2	GO:0005737	0.375
A0A499W357	GO:0005829	0.370
A0A4P1LYB6	GO:0005829	0.504
A0A4S4DBB3	GO:0005829	0.510
A0A4S4ESS1	GO:0005829	0.528
A0A509AC44	GO:0005615	0.332
A0A509AC44	GO:0020004	0.316
A0A509ADD7	GO:0005634	0.391
A0A509AE98	GO:0005886	0.584
A0A509AE98	GO:0070160	0.358
A0A509AEG2	GO:0020002	0.410
A0A509AEG2	GO:0030430	0.718
A0A509AEG2	GO:0033644	0.595
A0A509AFJ3	GO:0005739	0.393
A0A509AFJ3	GO:0020011	0.912
A0A509AG11	GO:0000407	0.330
A0A509AG11	GO:0000421	0.858
A0A509AG11	GO:0005737	0.361
A0A509AG11	GO:0005776	0.969
A0A509AG11	GO:0005829	0.485
A0A509AKT6	GO:0005886	0.329
A0A509AM03	GO:0020003	0.344
A0A509AM03	GO:0020020	0.524
A0A509AM03	GO:0020026	0.426
A0A509AM18	GO:0000329	0.329
A0A509ARF0	GO:0005634	0.478
A0A509ARF0	GO:0005737	0.491
A0A509ARF0	GO:0005829	0.439
A0A559KX76	GO:0005634	0.402
A0A559KX76	GO:0005829	0.474
A0A565D474	GO:0005634	0.404
A0A565D474	GO:0005737	0.352
A0A565D474	GO:0005829	0.505
A0A565D475	GO:0005634	0.346
A0A565D475	GO:0005737	0.301
A0A565D475	GO:0005829	0.523
A0A565D477	GO:0005829	0.552
A0A5B8X6A1	GO:0000325	0.361
A0A5B8X6B5	GO:0005634	0.341
A0A5B8X6B5	GO:0005829	0.494
A0A5B8X6S2	GO:0005634	0.329
A0A5B8X6S2	GO:0005829	0.508
A0A5B8X7H4	GO:0005634	0.346
A0A5B8X7H4	GO:0005829	0.337
A0A5B8X840	GO:0005634	0.378
A0A5B8X840	GO:0005829	0.300
A0A5B8X8Z0	GO:0005634	0.309
A0A5B8X8Z0	GO:0005829	0.699
A0A5B8XAH0	GO:0005634	0.320
A0A5B8XAH0	GO:0005829	0.711
A0A5B8XB28	GO:0000325	0.403
A0A5B8XB28	GO:0009505	0.348
A0A5B8XC60	GO:0005634	0.333
A0A5B8XC60	GO:0005829	0.360
A0A5B9G902	GO:0005634	0.907
A0A5B9G902	GO:0005737	0.364
A0A5B9GBF0	GO:0005634	0.578
A0A5B9GBF0	GO:0005654	0.454
A0A5B9GBF0	GO:0005737	0.482
A0A5B9GBF0	GO:0005829	0.580
A0A5B9GBF0	GO:0005901	0.347
A0A5B9GBF0	GO:0005925	0.323
A0A5C0SBK3	GO:0005829	0.685
A0A5C1J0Z8	GO:0005576	0.516
A0A5C1J0Z8	GO:0005615	0.860
A0A5N6H279	GO:0005634	0.602
A0A5N6TQK6	GO:0005829	0.705
A0A5N6TQK8	GO:0005634	0.311
A0A5N6TQK8	GO:0005829	0.459
A0A5N6TQL1	GO:0005829	0.561
A0A5N6TQL1	GO:0005835	0.435
A0A5N6TQN5	GO:0005829	0.318
A0A5N6TQU3	GO:0005886	0.734
A0A5N6TR74	GO:0005634	0.350
A0A5N6TR74	GO:0005829	0.542
A0A6A6H2E0	GO:0005829	0.309
A0A6B9HEI0	GO:0005886	0.567
A0A6B9HEI0	GO:0009274	0.511
A0A6E8W6Y5	GO:0005886	0.509
A0A6G6VYL3	GO:0005576	0.654
A0A6G6VYL3	GO:0031160	0.469
A0A6I8TI61	GO:0005886	0.626
A0A6I8TI61	GO:0008328	0.464
A0A6P3DGX7	GO:0005576	0.410
A0A6P3DGX7	GO:0005615	0.546
A0A6P3DGX7	GO:0005616	0.919
A0A6P3DHB8	GO:0005576	0.471
A0A6P3DHB8	GO:0005615	0.702
A0A6P3DHB8	GO:0005616	0.955
A0A6V8GY66	GO:0005783	0.758
A0A6V8GY66	GO:0005789	0.311
A0A6V8H007	GO:0005783	0.450
A0A6V8R0V1	GO:0005576	0.824
A0A7J6JYH3	GO:0005737	0.317
A0A7J6JYH3	GO:0005829	0.430
A0A7J6K452	GO:0005783	0.379
A0A7J6K463	GO:0005739	0.470
A0A7J6K5A8	GO:0005737	0.321
A0A7J6K5A8	GO:0005739	0.386
A0A7J6KC99	GO:0005886	0.320
A0A7J6KCX5	GO:0000139	0.497
A0A7J6KCX5	GO:0005794	0.417
A0A7J6KDB0	GO:0020009	0.439
A0A7J6KDB0	GO:0044174	0.588
A0A7J6KEV6	GO:0000421	0.844
A0A7J6KEV6	GO:0005737	0.354
A0A7J6KEV6	GO:0005776	0.969
A0A7J6KEV6	GO:0005829	0.425
A0A7J6KF92	GO:0005737	0.333
A0A7L5EB83	GO:0005829	0.338
A0A7L5EB83	GO:0005886	0.309
A0A7M4EAX1	GO:0005829	0.329
A0A7M4EAX1	GO:0032437	0.374
A0A7M4EAX1	GO:0045335	0.316
A0A7M6W5F9	GO:0005576	0.580
A0A7M6W5F9	GO:0005615	0.518
A0A7M6W880	GO:0005576	0.589
A0A7M6W880	GO:0005615	0.374
A0A7R7WPS5	GO:0005829	0.411
A0A7R7WPZ6	GO:0005829	0.369
A0A7R7WPZ6	GO:0005835	0.411
A0A7R7ZUZ1	GO:0005783	0.635
A0A7R7ZUZ1	GO:0005789	0.362
A0A7S7NT01	GO:0005886	0.384
A0A7T8F1I4	GO:0005783	0.503
A0A7T8F1J6	GO:0005829	0.551
A0A7T8F1J7	GO:0005829	0.564
A0A7T8F1L1	GO:0005829	0.651
A0A7T8F1L2	GO:0005783	0.551
A0A7T8F1L3	GO:0005634	0.327
A0A7T8F1L3	GO:0005829	0.505
A0A7T8F1L4	GO:0005829	0.660
A0A7T8F1M6	GO:0005829	0.579
A0A7T8F1M9	GO:0005829	0.616
A0A7T8F1N2	GO:0005829	0.456
A0A7T8J1U7	GO:0005829	0.598
A0A7T8J1Z8	GO:0005829	0.470
A0A7U2EUY6	GO:0005634	0.861
A0A7U2EUY6	GO:0005737	0.369
A0A7U2I117	GO:0005634	0.859
A0A7U2I117	GO:0005737	0.401
A0A7U2MMF3	GO:0005829	0.731
A0A7U2MMF3	GO:0005886	0.328
A0A7U2QXW1	GO:0000785	0.331
A0A7U2QXW1	GO:0005634	0.857
A0A7U2QXW1	GO:0005737	0.341
A0A7U2QYM2	GO:0000123	0.400
A0A7U2QYM2	GO:0005634	0.630
A0A7U2QYM2	GO:0005654	0.434
A0A7U2QYM2	GO:0005737	0.383
A0A7U2QYM2	GO:0005829	0.429
A0A7V4WV16	GO:0005829	0.483
A0A7V4WV16	GO:0005886	0.341
A0A8A5N547	GO:0005576	0.565
A0A8A5N547	GO:0020002	0.336
A0A8B0M5T9	GO:0005829	0.359
A0A8B0M616	GO:0005829	0.375
A0A8B0M616	GO:0005886	0.352
A0A8B0M623	GO:0005829	0.347
A0A8B0M670	GO:0005774	0.472
A0A8B0M670	GO:0005886	0.643
A0A8B0M728	GO:0005829	0.361
A0A8B0M9A0	GO:0005777	0.462
A0A8B0M9A0	GO:0005829	0.457
A0A8B0M9R9	GO:0005783	0.448
A0A8B0M9S7	GO:0005634	0.310
A0A8B0M9S7	GO:0005829	0.447
A0A8B0M9S9	GO:0005634	0.405
A0A8B0M9S9	GO:0005829	0.493
A0A8B0M9T7	GO:0005829	0.382
A0A8B0M9X4	GO:0005829	0.348
A0A8B0M9Z0	GO:0005739	0.354
A0A8C2M425	GO:0005783	0.333
A0A8C2M425	GO:0005789	0.763
A0A8D0I1K1	GO:0005634	0.406
A0A8D0I1K1	GO:0005654	0.477
A0A8D0I1K1	GO:0016607	0.333
A0A8H7XMX0	GO:0005829	0.413
A0A8H7XP09	GO:0005829	0.379
A0A8H7XQ49	GO:0005829	0.344
A0A8H8CFI5	GO:0005829	0.373
A0A8I3NRY3	GO:0005829	0.513
A0A8I3NRY3	GO:0005886	0.390
A0A8I3PJ84	GO:0005829	0.394
A0A8I3PJ84	GO:0005882	0.888
A0A8I3PJ84	GO:0045095	0.684
A0A8I3PJ84	GO:0070062	0.491
A0A8I3PMN2	GO:0005737	0.325
A0A8I3PMN2	GO:0005829	0.568
A0A8I5ZT12	GO:0005737	0.326
A0A8I5ZT12	GO:0005829	0.459
A0A8I5ZT12	GO:0005886	0.426
A0A8I6ASZ5	GO:0005634	0.321
A0A8I6ASZ5	GO:0005654	0.440
A0A8I6ASZ5	GO:0005737	0.334
A0A8I6ASZ5	GO:0005829	0.403
A0A8I6G2K8	GO:0005634	0.435
A0A8I6G2K8	GO:0005654	0.351
A0A8I6G2K8	GO:0005737	0.305
A0A8I6G2K8	GO:0005829	0.330
A0A8J1LLF7	GO:0005634	0.474
A0A8J1LLF7	GO:0005654	0.570
A0A8J1LLF7	GO:0005737	0.445
A0A8J1LLF7	GO:0005829	0.614
A0A8J1LLF7	GO:0016442	0.472
A0A8J1LLF7	GO:0070578	0.704
A0A8M1PLI9	GO:0005739	0.647
A0A8M1PLI9	GO:0005759	0.322
A0A8M9P821	GO:0005634	0.667
A0A8M9P821	GO:0005654	0.526
A0A8U0WQ84	GO:0005576	0.490
A0A8U0WQ84	GO:0005615	0.361
A0A8U0WQF3	GO:0005576	0.369
A0A8U0WQF3	GO:0005615	0.584
A0A8U0WQF3	GO:0005616	0.935
A0A8U1C100	GO:0005576	0.592
A0A8U1C100	GO:0005615	0.458
A0A8U1C2Y4	GO:0005615	0.366
A0A8U1C2Y4	GO:0005616	0.985
A0A974H8H3	GO:0005634	0.475
A0A974H8H3	GO:0005654	0.580
A0A974H8H3	GO:0005737	0.438
A0A974H8H3	GO:0005829	0.609
A0A974H8H3	GO:0016442	0.510
A0A974H8H3	GO:0070578	0.718
A0A974HZL0	GO:0005634	0.678
A0A974HZL0	GO:0005654	0.478
A0A9B0BQN9	GO:0005615	0.393
A0A9B0BQN9	GO:0005616	0.994
A0A9B2JT35	GO:0005576	0.389
A0A9B2JT35	GO:0005615	0.421
A0A9E8S4N7	GO:0005576	0.634
A0A9E8S4N7	GO:0020002	0.422
A0A9E8S4N7	GO:0042025	0.369
A0A9P4XUZ4	GO:0005634	0.649
A0A9P4XUZ4	GO:0005829	0.339
A0A9P4XV22	GO:0000785	0.346
A0A9P4XV22	GO:0005634	0.885
A0A9P4XWM4	GO:0005634	0.701
A0A9P4XWM4	GO:0005737	0.430
A0A9P5BNK0	GO:0005811	0.909
A0A9P5BNK0	GO:0005829	0.356
A0A9P5BNK0	GO:0005886	0.301
A0A9P5BNK0	GO:0032994	0.546
A0A9P5CQV5	GO:0005634	0.532
A0A9P5CTI1	GO:0005576	0.438
A0A9P5CTI1	GO:0030287	0.306
A0A9W3HR36	GO:0005634	0.465
A0A9W3HR36	GO:0005654	0.409
A0A9W3HR52	GO:0005737	0.471
A0A9W3HR61	GO:0005634	0.656
A0A9W3HR61	GO:0005654	0.564
A0A9W3N256	GO:0005634	0.591
A0A9W3N256	GO:0020023	0.506
A0A9W9TFE0	GO:0005739	0.347
A0A9W9TFE0	GO:0005829	0.302
A0A9W9TFI6	GO:0005783	0.493
A0A9W9TFU3	GO:0005634	0.804
A0A9W9TGP7	GO:0005829	0.560
A0AA41T7Z4	GO:0000785	0.301
A0AA41T7Z4	GO:0005634	0.761
A0AA41T7Z4	GO:0005654	0.559
A0AA41T7Z4	GO:0035097	0.534
A0AA41T7Z4	GO:0035098	0.317
A0AA41T7Z4	GO:0044665	0.733
A0AA41T7Z4	GO:0048188	0.459
A0AA41T7Z4	GO:0071339	0.371
A0AA51Z3S7	GO:0005829	0.435
A0AAA9T569	GO:0005886	0.696
A0AAA9T569	GO:0009925	0.406
A0AAA9T569	GO:0016323	0.671
A0AAA9T569	GO:0016324	0.665
A0AAD6IRE3	GO:0005634	0.857
A0AAD6IRE3	GO:0005737	0.506
A0AAD6ISS3	GO:0005886	0.812
A0AAD6ISS3	GO:0038038	0.406
A0AAD6ISS3	GO:0070250	0.646
A0AAD6ITA8	GO:0005739	0.515
A0AAD6ITA8	GO:0005777	0.601
A0AAD6ITA8	GO:0005782	0.348
A0AAD6IYT8	GO:0005576	0.759
A0AAD6IZ24	GO:0005634	0.700
A0AAD6IZ24	GO:0005737	0.506
A0AAD6J2M3	GO:0005576	0.673
A0AAD6J2M3	GO:0005615	0.304
A0AAD6J456	GO:0005576	0.359
A0AAD6J456	GO:0009277	0.581
A0AAD6J5F2	GO:0005576	0.527
A0AAD6J5K1	GO:0005829	0.672
A0AAD6J5T3	GO:0005829	0.591
A0AAD6J5T3	GO:0005886	0.390
A0AAD6NF83	GO:0005777	0.832
A0AAD6NF83	GO:0005782	0.746
A0AAD6NF83	GO:0005829	0.379
A0AAD6NFM2	GO:0005576	0.578
A0AAD6NFV5	GO:0005739	0.532
A0AAD6NFV5	GO:0005829	0.391
A0AAD6NH75	GO:0005768	0.376
A0AAD6NH75	GO:0005770	0.317
A0AAD6NH75	GO:0005829	0.346
A0AAD6NIB7	GO:0005576	0.553
A0AAD6NIB7	GO:0005615	0.352
A0AAD6NLP7	GO:0005739	0.342
A0AAD6NLP7	GO:0005777	0.583
A0AAD6NMG7	GO:0005634	0.724
A0AAD6NMG7	GO:0005737	0.381
A0AAD6NMH5	GO:0005576	0.583
A0AAD9S145	GO:0005783	0.547
A0AAD9S145	GO:0005789	0.305
A0AAD9S159	GO:0005783	0.422
A0AAD9S265	GO:0005783	0.506
A0AAI7ZGA5	GO:0005829	0.520
A0AAI7ZGB3	GO:0030288	0.572
A0AAI7ZGC7	GO:0030288	0.380
A0AAI7ZGC9	GO:0005886	0.774
A0AAN2H6E2	GO:0005634	0.434
A0AAN2H7H4	GO:0005634	0.422
A0AAN2H7H4	GO:0005829	0.469
A0AAN2H888	GO:0005634	0.379
A0AAN2H888	GO:0005783	0.581
A0AAN2H888	GO:0005829	0.363
A0AAN2H8A8	GO:0005634	0.435
A0AAN2L0I3	GO:0045259	0.467
A0AAN2L0P5	GO:0005634	0.410
A0AAN4PAE6	GO:0005829	0.415
A0AAU7VAB8	GO:0005576	0.638
A0AAU7VAB8	GO:0005615	0.739
A0AAU7VAE8	GO:0005886	0.799
A0AB32TH67	GO:0005576	0.571
A0AB32TH67	GO:0005615	0.749
A0AB32U2W5	GO:0005886	0.597
A0AB36VXQ9	GO:0005737	0.416
A0AB36VXQ9	GO:0005829	0.450
A0AB36VXQ9	GO:0005955	0.954
A0AB73RZI6	GO:0005634	0.888
A0AB73RZI6	GO:0005737	0.346
A0PCX2	GO:0005576	0.799
A0PCY0	GO:0005576	0.739
A0Q7V6	GO:0005886	0.580
A0QP93	GO:0005576	0.668
A0QP93	GO:0005886	0.693
A0QP93	GO:0009274	0.566
A0QSG5	GO:0005829	0.646
A0QSG5	GO:0005886	0.391
A0QSG5	GO:0022625	0.808
A0QSG8	GO:0005829	0.606
A0QSG8	GO:0022625	0.894
A0QT90	GO:0005886	0.836
A0QT90	GO:0009274	0.455
A0QT91	GO:0005829	0.330
A0QT91	GO:0005886	0.832
A0QT91	GO:0009274	0.729
A0QTR3	GO:0005886	0.821
A0QTR3	GO:0009274	0.390
A0QUE0	GO:0005829	0.368
A0QUE0	GO:0005886	0.900
A0QUE0	GO:0009274	0.587
A0QV03	GO:0005829	0.668
A0QV03	GO:0022625	0.503
A0QVQ9	GO:0005886	0.652
A0QVZ5	GO:0005829	0.362
A0QVZ5	GO:0005886	0.675
A0QVZ5	GO:0009274	0.813
A0QW02	GO:0005829	0.372
A0QW02	GO:0005886	0.822
A0QW02	GO:0009274	0.941
A0R054	GO:0005576	0.456
A0R054	GO:0005886	0.395
A0R054	GO:0009274	0.668
A0R0H1	GO:0005576	0.613
A0R0H1	GO:0005886	0.554
A0R0H1	GO:0009274	0.518
A0R271	GO:0005886	0.936
A0R271	GO:0009274	0.583
A0R272	GO:0005576	0.330
A0R272	GO:0005886	0.930
A0R272	GO:0009274	0.664
A0R2N2	GO:0005886	0.877
A0R2N2	GO:0009274	0.450
A0R3D2	GO:0005829	0.624
A0R3D2	GO:0005886	0.569
A0R3D2	GO:0009274	0.791
A0R3D2	GO:0022625	0.527
A0R3E8	GO:0005886	0.919
A0R530	GO:0005829	0.338
A0R530	GO:0005886	0.762
A0R5I3	GO:0005576	0.643
A0R5I3	GO:0009274	0.439
A1CVQ3	GO:0005829	0.634
A1DBL3	GO:0005576	0.808
A1L293	GO:0005739	0.395
A1XCI9	GO:0005576	0.437
A1XCI9	GO:0009277	0.375
A1XCI9	GO:0030446	0.356
A1Z7L8	GO:0005886	0.765
A1Z8F4	GO:0005634	0.727
A2AQ92	GO:0005886	0.538
A2E926	GO:0005737	0.378
A2ECR2	GO:0005737	0.351
A2ECR2	GO:0005829	0.683
A2F4M9	GO:0005737	0.382
A2F4M9	GO:0005829	0.423
A2FBF3	GO:0005576	0.390
A2FBF3	GO:0005829	0.361
A2FBF3	GO:1990819	0.389
A2IA78	GO:0005576	0.816
A2IA78	GO:0005615	0.481
A2IA89	GO:0005615	0.401
A2IA90	GO:0005615	0.351
A2IA93	GO:0005615	0.430
A2IAB1	GO:0005576	0.829
A2IAB2	GO:0005576	0.857
A2IAD0	GO:0005576	0.933
A2IAD2	GO:0005576	0.942
A2QQU4	GO:0005829	0.585
A2QQU5	GO:0005829	0.434
A2QQU5	GO:0005886	0.347
A2QQU8	GO:0005634	0.814
A2QQU9	GO:0005783	0.537
A2QTS4	GO:0005576	0.317
A2QTS4	GO:0005886	0.318
A2QTS4	GO:0009277	0.448
A2QYT9	GO:0005886	0.331
A2QYT9	GO:0009277	0.319
A2XJR0	GO:0000151	0.329
A2XJR0	GO:0005634	0.516
A2XJR0	GO:0005737	0.338
A2XLF5	GO:0005739	0.877
A3MTR6	GO:0005739	0.858
A3MTR6	GO:0005759	0.517
A4D9B0	GO:0005829	0.476
A4D9K7	GO:0005634	0.853
A4D9Q8	GO:0000785	0.525
A4D9Q8	GO:0005634	0.851
A4D9Q8	GO:0005737	0.355
A4FVI7	GO:0005634	0.660
A4FVI7	GO:0005681	0.811
A4FVI7	GO:0005682	0.798
A4FVI7	GO:0005685	0.564
A4FVI7	GO:0005686	0.579
A4FVI7	GO:0005687	0.542
A4FVI7	GO:0005688	0.757
A4FVI7	GO:0005829	0.363
A4FVI7	GO:0034709	0.361
A4FVI7	GO:0046540	0.929
A4FVI7	GO:0071005	0.698
A4FVI7	GO:0071013	0.384
A4FVI7	GO:0120115	0.925
A4FVI7	GO:1990726	0.781
A4LAR6	GO:0005576	0.555
A4LAR6	GO:0020002	0.345
A4QNW2	GO:0005813	0.401
A4QNW2	GO:0005814	0.591
A4QNW2	GO:0036064	0.363
A4QNW2	GO:0097539	0.448
A4VE64	GO:0005634	0.399
A4VE64	GO:0005737	0.312
A4VE64	GO:0005829	0.403
A4VE64	GO:0005868	0.504
A4VEB3	GO:0140220	0.308
A4X5N0	GO:0005829	0.494
A4XXY7	GO:0005829	0.368
A4XXY7	GO:0031472	0.794
A4XXY8	GO:0005829	0.490
A4XXY9	GO:0005829	0.449
A4XXZ0	GO:0005829	0.494
A5GZY7	GO:0005783	0.484
A5GZY7	GO:0005788	0.422
A5K264	GO:0005737	0.324
A5K264	GO:0005739	0.497
A5K736	GO:0020008	0.306
A5K736	GO:0044647	0.320
A5K736	GO:1990225	0.310
A5K9W3	GO:0005886	0.546
A6JNN4	GO:0005886	0.784
A6JNN4	GO:0009986	0.311
A6JNN4	GO:0070062	0.382
A6T5N0	GO:0005829	0.346
A6TGC5	GO:0005829	0.317
A6TGW7	GO:0005829	0.438
A6TGW7	GO:0005886	0.389
A6TGW7	GO:0009274	0.514
A6TGW7	GO:0044777	0.966
A6THB2	GO:1990099	0.946
A7E4L6	GO:0005576	0.492
A7E584	GO:0005576	0.482
A7E584	GO:0009277	0.344
A7E835	GO:0005634	0.312
A7E835	GO:0005829	0.310
A7EX74	GO:0005634	0.862
A7EX74	GO:0005737	0.436
A7EXV2	GO:0005576	0.583
A7GKX6	GO:0005829	0.416
A7GKX7	GO:0005634	0.319
A7GKX7	GO:0005829	0.370
A7MJV9	GO:0005829	0.323
A8M6W1	GO:0005886	0.673
A8M6W3	GO:0005829	0.321
A8M6W3	GO:0005886	0.877
A8M6W3	GO:0009274	0.350
A8M6W6	GO:0005886	0.658
A8M6W6	GO:0009274	0.351
A8P9W4	GO:0005576	0.719
A8P9W4	GO:0031160	0.307
A8PA37	GO:0005576	0.741
A8PA37	GO:0020002	0.480
A8PA37	GO:0031160	0.364
A9BHL2	GO:0005634	0.330
A9BHL2	GO:0005829	0.516
A9CGX9	GO:0032993	0.905
A9CI74	GO:0005829	0.313
A9CI74	GO:0032993	0.699
A9CIJ6	GO:0005886	0.612
A9CJR8	GO:0030288	0.632
A9NIV5	GO:0005576	0.746
A9NIV6	GO:0005576	0.779
B0BNF8	GO:0005739	0.575
B0BNF8	GO:0005829	0.623
B0BNF8	GO:0070062	0.355
B0R0B3	GO:0005829	0.663
B0R0B3	GO:0005886	0.342
B0R0B3	GO:0070062	0.304
B0XAA1	GO:0005576	0.330
B0XAA1	GO:0005615	0.399
B1ATY8	GO:0005829	0.341
B1G5Y9	GO:0005829	0.729
B1MDC3	GO:0005576	0.698
B1MDC3	GO:0005886	0.678
B1MDC3	GO:0009274	0.664
B1MDE5	GO:0005829	0.382
B1MDE5	GO:0005886	0.874
B1MDE5	GO:0009274	0.520
B1MH83	GO:0005829	0.388
B1MH83	GO:0005886	0.919
B1MH83	GO:0009274	0.342
B1MH84	GO:0005829	0.382
B1MH84	GO:0005886	0.760
B1MH84	GO:0009274	0.432
B1MIC7	GO:0005576	0.658
B1MIC7	GO:0005886	0.917
B1MIC7	GO:0009274	0.772
B1MKC8	GO:0005886	0.950
B1PUC6	GO:0005829	0.334
B1WBA5	GO:0000785	0.405
B1WBA5	GO:0000792	0.302
B1WBA5	GO:0005634	0.770
B1WBA5	GO:0005654	0.339
B1WBA5	GO:0005721	0.309
B2HG54	GO:0005829	0.333
B2HG54	GO:0005886	0.878
B2HG54	GO:0009274	0.645
B2HQ48	GO:0005576	0.456
B2HQ48	GO:0005886	0.861
B2HQ48	GO:0009274	0.612
B4ER92	GO:0005886	0.810
B4ER92	GO:0009274	0.682
B4ER95	GO:0005829	0.391
B4ER95	GO:0005886	0.744
B4ER95	GO:0009274	0.547
B4ER96	GO:0005829	0.368
B4ER96	GO:0005886	0.807
B4ER96	GO:0009274	0.549
B4ER97	GO:0005829	0.331
B4ER97	GO:0005886	0.758
B4ER97	GO:0009274	0.691
B4XYC8	GO:0005829	0.302
B4XYC8	GO:0005886	0.806
B4XYC8	GO:0009274	0.732
B7PCV3	GO:0005576	0.628
B7PCV3	GO:0005615	0.512
B7R4L8	GO:0005739	0.701
B7XFT1	GO:0005576	0.813
B7XFT1	GO:0005615	0.611
B8BNY7	GO:0005739	0.463
B8BNY8	GO:0005886	0.494
B8DUI5	GO:0005829	0.326
B9ZUK6	GO:0005886	0.524
C0H519	GO:0005634	0.413
C0H519	GO:0005737	0.333
C0H519	GO:0005829	0.501
C0HMB6	GO:0005576	0.493
C0HMB8	GO:0005576	0.696
C0HMB9	GO:0005576	0.684
C0HMC0	GO:0005576	0.658
C0HMC1	GO:0005576	0.649
C0HMC2	GO:0005576	0.702
C0HMC5	GO:0005576	0.658
C0HMC6	GO:0005576	0.636
C0HMD1	GO:0005576	0.590
C0HMD5	GO:0005576	0.494
C0HMD5	GO:0005615	0.384
C0HMD8	GO:0005576	0.691
C0HMD8	GO:0005615	0.367
C0HMD9	GO:0005737	0.340
C0HMD9	GO:0005829	0.630
C0HME1	GO:0005576	0.688
C0HME2	GO:0005576	0.672
C0HME3	GO:0005576	0.906
C0HME4	GO:0005576	0.874
C0HME5	GO:0005634	0.662
C0HME6	GO:0005634	0.450
C0HME6	GO:0005737	0.312
C0HME7	GO:0005576	0.579
C0HME7	GO:0005615	0.301
C0HME7	GO:0044218	0.452
C0HMF0	GO:0000786	0.463
C0HMF0	GO:0005634	0.517
C0HMF1	GO:0005634	0.698
C0HMF1	GO:0005654	0.345
C0HMF1	GO:0070062	0.457
C0HMF2	GO:0000786	0.315
C0HMF2	GO:0005634	0.604
C0HMF2	GO:0005654	0.504
C0HMF3	GO:0000786	0.353
C0HMF3	GO:0005634	0.571
C0HMF3	GO:0005654	0.551
C0HMF3	GO:0070062	0.330
C0HMF4	GO:0000786	0.382
C0HMF4	GO:0005634	0.607
C0HMF4	GO:0005654	0.477
C0HMF8	GO:0005886	0.615
C0HMG1	GO:0005829	0.336
C0HMG1	GO:0005885	0.591
C0HMG2	GO:0005576	0.540
C0HMG2	GO:0005615	0.383
C0HMG4	GO:0005576	0.822
C4JF72	GO:0005829	0.307
C4JF72	GO:0005835	0.405
C4JF73	GO:0005829	0.406
C4JF74	GO:0005886	0.782
C4JF75	GO:0005829	0.382
C4JF76	GO:0005829	0.356
C4JF77	GO:0005634	0.357
C4JF77	GO:0005829	0.590
C4JF78	GO:0005634	0.364
C4JF78	GO:0005829	0.452
C4JF79	GO:0005829	0.735
C4JF80	GO:0005829	0.574
C4JF80	GO:0005886	0.338
C4JF81	GO:0005829	0.560
C4JF82	GO:0005634	0.306
C4JF82	GO:0005829	0.727
C4M9S3	GO:0005886	0.547
C5MR76	GO:0005829	0.671
C6KTD4	GO:0005737	0.374
C7M8J5	GO:0005829	0.791
C7M8J6	GO:0005829	0.743
C9ZDC6	GO:0005886	0.651
C9ZDC6	GO:0009274	0.495
D1A230	GO:0005829	0.302
D1A230	GO:0005886	0.792
D1A230	GO:0009274	0.399
D2XUU4	GO:0005576	0.939
D2XUU5	GO:0005576	0.939
D2XUU6	GO:0005576	0.937
D2XUU7	GO:0005576	0.920
D2XUU8	GO:0005576	0.939
D2XUU9	GO:0005576	0.941
D2XUV0	GO:0005576	0.938
D2XUV1	GO:0005576	0.937
D3YXF5	GO:0005576	0.623
D3YXF5	GO:0005579	0.911
D3YXF5	GO:0005615	0.566
D3YXF5	GO:0031012	0.374
D3YXF5	GO:0044218	0.733
D3YXF5	GO:1902495	0.342
D3ZNV2	GO:0034993	0.353
D4A4P4	GO:0005737	0.325
D4A4P4	GO:0005829	0.734
D4GU28	GO:0005829	0.541
D4GVA7	GO:0005886	0.464
D4GVK8	GO:0005886	0.318
D4GW82	GO:0005829	0.562
D4GW96	GO:0005829	0.307
D4GW96	GO:0005886	0.430
D4GYL4	GO:0005829	0.339
D4GYL4	GO:0005886	0.522
D4GZV0	GO:0005829	0.521
D5AKX4	GO:0005886	0.348
D5AKX5	GO:0005886	0.750
D5AKX6	GO:0005829	0.438
D5AKX6	GO:0005886	0.745
D5AKX6	GO:0009274	0.605
D5AKX7	GO:0005829	0.440
D5AKX7	GO:0005886	0.332
D5AKX7	GO:0009274	0.341
D5DTX2	GO:0005737	0.366
D5DTX2	GO:0005829	0.446
D5LWW7	GO:0005634	0.481
D5LWW7	GO:0005737	0.427
D5RFM4	GO:0005634	0.363
D5RFM4	GO:0005737	0.352
D5RFM4	GO:0020020	0.452
D6RQ66	GO:0005886	0.386
D8QCG9	GO:0005576	0.783
D8QCG9	GO:0031160	0.501
D9PY12	GO:0005829	0.429
D9YT79	GO:0005783	0.458
E0CZ22	GO:0005737	0.301
E0CZ22	GO:0005829	0.516
E0CZ42	GO:0005886	0.579
E0D202	GO:0005829	0.405
E0D202	GO:0005886	0.849
E0D202	GO:0009274	0.467
E0D203	GO:0005829	0.337
E0D203	GO:0005886	0.865
E0D203	GO:0009274	0.652
E0D204	GO:0005829	0.342
E0D204	GO:0005886	0.887
E0D204	GO:0009274	0.466
E0D205	GO:0005829	0.367
E0D205	GO:0005886	0.845
E0D205	GO:0009274	0.444
E0D206	GO:0005829	0.392
E0D206	GO:0005886	0.823
E0D206	GO:0009274	0.600
E0D207	GO:0005829	0.335
E0D207	GO:0005886	0.857
E0D207	GO:0009274	0.724
E0D208	GO:0005829	0.325
E0D208	GO:0005886	0.866
E0D208	GO:0009274	0.439
E0D209	GO:0005886	0.547
E0D209	GO:0009274	0.325
E1BFX5	GO:0005886	0.802
E1BFX5	GO:0005925	0.337
E1BFX5	GO:0008305	0.813
E1BFX5	GO:0009897	0.390
E1BFX5	GO:0009986	0.472
E1BFX5	GO:0070062	0.347
E1BR24	GO:0005739	0.599
E1BR24	GO:0005741	0.369
E1BR24	GO:0005829	0.428
E2I9M6	GO:0005634	0.368
E4VP11	GO:0005576	0.902
E7A1Q4	GO:0005576	0.656
E7FHH1	GO:0005739	0.614
E9DW54	GO:0005634	0.835
E9DXX9	GO:0005634	0.880
E9DZB1	GO:0005576	0.767
E9E114	GO:0005634	0.796
E9EN44	GO:0005576	0.749
E9ENZ6	GO:0005634	0.702
E9ENZ6	GO:0032044	0.308
E9EV02	GO:0005634	0.674
E9EV02	GO:0005829	0.313
E9EWQ4	GO:0005634	0.783
E9EXC4	GO:0005634	0.631
E9EXC4	GO:0033698	0.565
E9EXC4	GO:0036396	0.786
E9EXC4	GO:0070210	0.308
E9EYW7	GO:0005829	0.531
E9F0C5	GO:0005634	0.775
E9F0C5	GO:0005737	0.310
E9F0S1	GO:0005829	0.302
E9F591	GO:0000785	0.379
E9F591	GO:0005634	0.914
E9F8I5	GO:0005634	0.628
E9F970	GO:0005811	0.832
E9F970	GO:0005829	0.325
E9F970	GO:0032994	0.499
E9FBT2	GO:0005576	0.860
E9FDE9	GO:0005576	0.777
E9FDE9	GO:0031160	0.752
E9Q368	GO:0005654	0.389
E9Q368	GO:0005737	0.361
E9Q368	GO:0005829	0.456
E9Q3D4	GO:0005777	0.402
E9Q3D4	GO:0005829	0.449
E9Q3G8	GO:0005635	0.896
E9Q3G8	GO:0005642	0.496
E9Q3G8	GO:0005643	0.950
E9Q3G8	GO:0005654	0.350
E9Q3G8	GO:0031965	0.824
E9Q3G8	GO:0034399	0.828
E9Q3G8	GO:0042405	0.928
E9Q3G8	GO:0044615	0.932
E9Q3G8	GO:1990875	0.417
E9QG33	GO:0005813	0.591
E9QG33	GO:0005814	0.702
E9QG33	GO:0036064	0.666
E9QT94	GO:0005576	0.750
E9QT94	GO:0031160	0.768
F0LJX3	GO:0005654	0.352
F0LJX3	GO:0005739	0.321
F0LJX3	GO:0009328	0.361
F0NF15	GO:0005634	0.486
F0VAI6	GO:0005783	0.509
F0VAI6	GO:0005788	0.412
F1DQG5	GO:0005576	0.582
F1DQG5	GO:0005615	0.513
F2RC64	GO:0005829	0.372
F2RC64	GO:0005886	0.895
F2RC64	GO:0009274	0.556
F2SL80	GO:0005634	0.465
F2SL81	GO:0005886	0.842
F2SL82	GO:0005829	0.495
F2SL83	GO:0005576	0.549
F2SL85	GO:0005829	0.393
F2SL86	GO:0005783	0.471
F2SL87	GO:0005739	0.322
F2SL87	GO:0005835	0.373
F2YGR7	GO:0005615	0.368
F4HWU0	GO:0005886	0.866
F4HWU0	GO:0009506	0.331
F4JCB3	GO:0005634	0.348
F4JCB3	GO:0005886	0.351
F5HM55	GO:0005576	0.589
F5HM55	GO:0005615	0.649
F5L3T2	GO:0005829	0.738
F5L3T3	GO:0005829	0.738
F6K5S6	GO:0005576	0.919
F6K6F3	GO:0005576	0.799
F6Q2R9	GO:0005737	0.322
F6Q2R9	GO:0005829	0.477
F8L436	GO:0005829	0.391
F8L6R0	GO:0005829	0.346
F8U969	GO:0005634	0.406
F8U969	GO:0005829	0.430
F8U970	GO:0005829	0.823
F8U971	GO:0005634	0.423
F8U971	GO:0005737	0.338
F8U971	GO:0005829	0.360
F8U972	GO:0005634	0.305
F8U972	GO:0005737	0.310
F8U972	GO:0005829	0.789
G0RT93	GO:0005634	0.480
G0RT93	GO:0005737	0.370
G0RT93	GO:0005829	0.323
G0RVE5	GO:0005576	0.665
G0S1P8	GO:0005634	0.406
G0S1P8	GO:0005737	0.301
G0S1P8	GO:0005829	0.612
G0S5S6	GO:0005634	0.561
G0S5S6	GO:0005829	0.399
G0SCH6	GO:0005634	0.629
G0SCH6	GO:0005730	0.557
G0SE11	GO:0005634	0.485
G0SE11	GO:0005737	0.415
G0SE11	GO:0005829	0.626
G0SEG2	GO:0005730	0.427
G0SEG2	GO:0005829	0.467
G0SEG2	GO:0022625	0.887
G0SEG2	GO:0022626	0.307
G0SEG2	GO:0030684	0.523
G0SF39	GO:0000124	0.713
G0SF39	GO:0005634	0.723
G0SF39	GO:0005669	0.914
G0SF39	GO:0046695	0.479
G0SF80	GO:0005634	0.740
G0SF80	GO:0005730	0.792
G0SF80	GO:0030684	0.582
G0SHQ2	GO:0005634	0.303
G0SHQ2	GO:0005730	0.417
G0SHQ2	GO:0005737	0.353
G0SHQ2	GO:0005829	0.543
G0SHQ2	GO:0022625	0.883
G0SHQ2	GO:0022626	0.628
G0SHQ2	GO:0022627	0.429
G0SHQ2	GO:0030684	0.317
G1X456	GO:0005634	0.335
G1X456	GO:0005737	0.420
G1X456	GO:0005829	0.440
G1X456	GO:0005952	0.583
G1X9A9	GO:0005634	0.841
G1X9A9	GO:0005737	0.326
G1X9E2	GO:0005886	0.875
G1X9H9	GO:0005886	0.800
G1XJN1	GO:0005886	0.827
G1XJZ0	GO:0005834	0.410
G1XJZ0	GO:0005886	0.698
G1XJZ4	GO:0005634	0.559
G1XJZ4	GO:0005654	0.477
G1XJZ4	GO:0005737	0.487
G1XJZ4	GO:0005769	0.389
G1XJZ4	GO:0005770	0.537
G1XJZ4	GO:0005829	0.628
G1XJZ4	GO:0005901	0.396
G1XJZ4	GO:0005925	0.399
G1XLI4	GO:0005737	0.308
G1XLI4	GO:0005886	0.431
G2QA95	GO:0005829	0.422
G2QA95	GO:0005886	0.335
G2X0L1	GO:0005576	0.764
G2X0L1	GO:0005615	0.430
G2X3G1	GO:0005737	0.429
G2X3G1	GO:0005829	0.334
G2X3G1	GO:0005886	0.466
G2X3G1	GO:0032153	0.339
G2X4G1	GO:0005576	0.755
G2X4G1	GO:0005615	0.344
G2X5X8	GO:0005576	0.796
G2X8M4	GO:0005576	0.650
G2X8M4	GO:0005615	0.406
G4MRQ6	GO:0005634	0.754
G4MRQ6	GO:0005737	0.362
G4MSY9	GO:0005634	0.478
G4MWK2	GO:0005576	0.596
G4MYB0	GO:0005634	0.356
G4MYB0	GO:0005737	0.478
G4MYD3	GO:0000785	0.304
G4MYD3	GO:0005634	0.891
G4MZ21	GO:0005634	0.629
G4MZ21	GO:0005829	0.354
G4N954	GO:0005739	0.555
G4NB33	GO:0005634	0.556
G4NBR8	GO:0005634	0.871
G4NBR8	GO:0005737	0.318
G4NCK1	GO:0005634	0.831
G4NCK1	GO:0005654	0.315
G4NCK1	GO:0016514	0.478
G4NCP4	GO:0005777	0.564
G4NCP4	GO:0005782	0.312
G4NCP4	GO:0005829	0.319
G4NCP4	GO:0005886	0.326
G4NGN5	GO:0005829	0.488
G4TS85	GO:0005886	0.649
G4TS85	GO:0071944	0.409
G5EI58	GO:0005634	0.412
G5EI58	GO:0005654	0.328
G5EI58	GO:0005737	0.484
G5EI58	GO:0005829	0.420
G7LCC3	GO:0005886	0.306
G8FPZ8	GO:0005576	0.798
G9BWP3	GO:0005576	0.694
G9BWP3	GO:0005615	0.452
G9MJD8	GO:0005576	0.840
G9MK14	GO:0005576	0.731
G9MK14	GO:0005619	0.383
G9MKB2	GO:0005576	0.796
G9MNI0	GO:0005576	0.646
G9MNI0	GO:0005619	0.396
G9MQI4	GO:0005634	0.694
G9MQI4	GO:0005654	0.473
G9MQI4	GO:0005737	0.538
G9MQI4	GO:0005770	0.332
G9MQI4	GO:0005829	0.533
G9MQI4	GO:0005901	0.534
G9MQI4	GO:0005925	0.431
G9MQW8	GO:0005576	0.722
G9MXR6	GO:0005576	0.780
G9NTJ1	GO:0005576	0.774
G9PB60	GO:0005576	0.811
H2ELT1	GO:0005886	0.503
H9C180	GO:0005829	0.333
H9C180	GO:0110001	0.613
I1RDP9	GO:0005576	0.846
I1RDQ0	GO:0005576	0.769
I1RDW3	GO:0005576	0.746
I1RJE5	GO:0005576	0.386
I1RJE5	GO:0009277	0.657
I1RJE5	GO:0020002	0.596
I1RJE5	GO:0042025	0.331
I1RQE2	GO:0005829	0.316
I1RQE2	GO:0005886	0.422
I1RQE2	GO:0032153	0.558
I1RQE2	GO:0035841	0.314
I1RQE2	GO:0051285	0.347
I1RQE2	GO:0051286	0.360
I1RV60	GO:0005576	0.418
I1RV60	GO:0009277	0.375
I1RV60	GO:0030446	0.329
I1RXJ5	GO:0005576	0.818
I1S050	GO:0005634	0.351
I1S050	GO:0005737	0.489
I1S050	GO:0005829	0.323
I1S050	GO:0005886	0.322
I6L8L7	GO:0005697	0.597
I6XA42	GO:0005829	0.346
I6XA42	GO:0005886	0.698
I6XA42	GO:0009274	0.504
I6Y1I5	GO:0005576	0.515
I6Y1I5	GO:0005886	0.719
I6Y1I5	GO:0009274	0.582
I6Y1Q2	GO:0005829	0.302
I6Y1Q2	GO:0005886	0.871
I6Y1Q2	GO:0009274	0.524
I6Y498	GO:0005886	0.884
I6Y498	GO:0009274	0.481
I6YBQ3	GO:0005886	0.627
I6YCP0	GO:0005886	0.815
I6YCP0	GO:0009274	0.369
I6YGX2	GO:0005576	0.629
I6YGX2	GO:0005886	0.384
I6YGX2	GO:0009274	0.472
I7AQG9	GO:0005576	0.698
I7AQG9	GO:0005615	0.320
I7M008	GO:0031514	0.368
I7M008	GO:0097729	0.421
I7M9J2	GO:0005930	0.378
I7M9J2	GO:0031514	0.527
I7M9J2	GO:0061474	0.417
I7M9J2	GO:0097729	0.452
I7MCM8	GO:0005737	0.323
I7MD46	GO:0005886	0.411
I7MHB1	GO:0071986	0.365
J3KAR5	GO:0005829	0.307
J3KAR6	GO:0005783	0.450
J3KAR7	GO:0005886	0.784
J3KAR9	GO:0005739	0.595
J3KAR9	GO:0005777	0.376
J3KAS1	GO:0005634	0.410
J3KAS1	GO:0005829	0.537
J3KAS3	GO:0005829	0.650
J4KPV6	GO:0005576	0.698
J4KPV6	GO:0031160	0.759
J4KQ31	GO:0005634	0.640
J4KQN3	GO:0005634	0.592
J4KQN3	GO:0005829	0.429
J4KQS2	GO:0005829	0.454
J4UGK4	GO:0005576	0.858
J4UJ50	GO:0005576	0.626
J4UJ50	GO:0005615	0.331
J4UPH3	GO:0005829	0.382
J4UQI9	GO:0005634	0.700
J4UVD7	GO:0005634	0.843
J4VS95	GO:0005576	0.885
J4VYF0	GO:0005634	0.726
J4VYF0	GO:0005829	0.311
J4VZG7	GO:0005634	0.628
J4W1I9	GO:0005777	0.477
J4W1I9	GO:0005829	0.392
J4W2A8	GO:0005576	0.782
J4W2A8	GO:0005615	0.329
J4W2A8	GO:0030446	0.371
J4W2A8	GO:0031160	0.782
J4WDT5	GO:0005576	0.718
J4WK53	GO:0005829	0.393
J4WLR8	GO:0005634	0.824
J4WMI6	GO:0005576	0.542
J4WMI6	GO:0009277	0.328
J4WMI6	GO:0030446	0.803
J4WMI6	GO:0031160	0.653
J5J1K4	GO:0005634	0.780
J5J335	GO:0005739	0.408
J5J666	GO:0005634	0.700
J5JC27	GO:0005634	0.883
J5JC27	GO:0005737	0.318
J5JJC1	GO:0005576	0.864
J5JM47	GO:0005634	0.815
J5JM47	GO:0005737	0.315
J5JPV3	GO:0005739	0.584
J5JS29	GO:0000776	0.301
J5JS29	GO:0000785	0.302
J5JS29	GO:0005634	0.769
J5JS29	GO:0035861	0.357
J5JTB1	GO:0005576	0.717
J5JTB1	GO:0005615	0.300
J5JYA0	GO:0000785	0.440
J5JYA0	GO:0005634	0.917
J5JYQ1	GO:0005634	0.626
J5JYQ1	GO:0033698	0.571
J5JYQ1	GO:0036396	0.587
J5JYQ1	GO:0070210	0.358
J5K1D5	GO:0005634	0.676
J9UD11	GO:0005886	0.760
J9VDC2	GO:0005576	0.484
J9VDC2	GO:0030287	0.318
J9VED5	GO:0005634	0.305
J9VED5	GO:0005737	0.526
J9VED5	GO:0005886	0.302
J9VG14	GO:0005634	0.857
J9VG14	GO:0016514	0.304
J9VJ62	GO:0000785	0.359
J9VJ62	GO:0005634	0.903
J9VM54	GO:0005886	0.666
J9VPP4	GO:0005576	0.622
J9VPP8	GO:0005634	0.442
J9VPP8	GO:0005829	0.400
J9VUG5	GO:0000785	0.345
J9VUG5	GO:0005634	0.893
J9VUG5	GO:0005737	0.517
J9VWG0	GO:0000785	0.325
J9VWG0	GO:0005634	0.897
J9VWG0	GO:0005737	0.324
J9W0U6	GO:0005576	0.651
K4H1X2	GO:0005634	0.851
K4H1X2	GO:0005737	0.329
K4PZA7	GO:0005576	0.377
K4PZA7	GO:0030288	0.601
K4PZA7	GO:0042597	0.359
K5TWP9	GO:0005886	0.587
K9GHZ3	GO:0005576	0.807
K9IVI1	GO:0005739	0.713
K9IVI1	GO:0005759	0.325
K9IVI1	GO:0045252	0.789
L0T2H7	GO:0005576	0.454
L0T2H7	GO:0009274	0.375
L7F3F8	GO:0005886	0.638
L7F3F8	GO:0009274	0.491
L7N648	GO:0005739	0.620
M1C8A4	GO:0000145	0.833
M1C8A4	GO:0005886	0.465
M1C8A4	GO:0009504	0.389
M1C8A4	GO:0009506	0.390
M2T5U2	GO:0005737	0.416
M2T5U2	GO:0005886	0.404
M3B4Q3	GO:0005829	0.391
M3B4Q3	GO:0005886	0.693
M3B4Q3	GO:0009274	0.549
M4MEY9	GO:0005576	0.471
M4MEY9	GO:0005615	0.392
M4MGK7	GO:0005576	0.304
M4MLB5	GO:0005576	0.480
M4MLB5	GO:0005615	0.566
M7TBG7	GO:0005634	0.422
M7TBG7	GO:0005829	0.434
M9MS50	GO:0005634	0.393
M9MS50	GO:0005737	0.509
M9MS50	GO:0005829	0.348
O05910	GO:0005886	0.654
O06550	GO:0005886	0.866
O06550	GO:0009274	0.389
O06624	GO:0005576	0.609
O06624	GO:0009274	0.389
O08453	GO:0005829	0.461
O08453	GO:0005886	0.789
O08453	GO:0009274	0.610
O13502	GO:0005576	0.597
O13502	GO:0020002	0.458
O13503	GO:0005576	0.519
O13503	GO:0009277	0.459
O17899	GO:0005886	0.606
O24769	GO:0005634	0.536
O24769	GO:0005737	0.319
O49338	GO:0005886	0.774
O50328	GO:0005886	0.755
O50329	GO:0005886	0.781
O50330	GO:0005829	0.368
O50330	GO:0005886	0.752
O50330	GO:0009274	0.326
O50333	GO:0005886	0.882
O50335	GO:0005886	0.366
O50335	GO:0009279	0.674
O50336	GO:0009279	0.307
O50336	GO:0030288	0.343
O50337	GO:0005886	0.704
O50337	GO:0015627	0.349
O50338	GO:0005829	0.663
O51624	GO:0005886	0.370
O51799	GO:0005829	0.548
O53718	GO:0005576	0.384
O53718	GO:0005886	0.701
O53718	GO:0009274	0.708
O60047	GO:0005576	0.658
O60047	GO:0020002	0.519
O60048	GO:0005576	0.617
O62609	GO:0005634	0.780
O62609	GO:0005654	0.390
O62609	GO:0005667	0.394
O62609	GO:0005737	0.331
O62609	GO:0016592	0.326
O64191	GO:0005634	0.583
O64191	GO:0005737	0.321
O64191	GO:0005829	0.409
O64602	GO:0005634	0.487
O64602	GO:0005886	0.305
O64602	GO:0009524	0.336
O64602	GO:0055028	0.434
O76269	GO:0005886	0.758
O76343	GO:0005886	0.755
O93917	GO:0005576	0.599
O94203	GO:0005576	0.735
O94217	GO:0005576	0.699
O94217	GO:0031160	0.666
O96139	GO:0020011	0.496
O96161	GO:0005739	0.855
O96637	GO:0005886	0.569
O96660	GO:0005634	0.563
O96660	GO:0005737	0.414
O96795	GO:0005886	0.528
O97297	GO:0020011	0.420
P0DRD9	GO:0005576	0.820
P0DRE1	GO:0005576	0.950
P0DRE2	GO:0005576	0.926
P0DRE3	GO:0005576	0.796
P0DRE4	GO:0005576	0.954
P0DRE5	GO:0005576	0.953
P0DRE6	GO:0005576	0.894
P0DRE7	GO:0005576	0.778
P0DRE8	GO:0005576	0.900
P0DRE9	GO:0005576	0.874
P0DRF0	GO:0005576	0.918
P0DRF1	GO:0005576	0.927
P0DRF2	GO:0005576	0.826
P0DRF3	GO:0005576	0.903
P0DRF4	GO:0005576	0.926
P0DRF5	GO:0005576	0.796
P0DRF6	GO:0005576	0.860
P0DRF7	GO:0005576	0.954
P0DRF8	GO:0005576	0.953
P0DRF9	GO:0005576	0.682
P0DRG0	GO:0005576	0.823
P0DRG1	GO:0005576	0.699
P0DRG2	GO:0005576	0.777
P0DRG3	GO:0005576	0.818
P0DRG4	GO:0005576	0.865
P0DRG5	GO:0005576	0.916
P0DRG6	GO:0005576	0.894
P0DRG7	GO:0005576	0.916
P0DRG8	GO:0005576	0.809
P0DRG9	GO:0005576	0.872
P0DRH0	GO:0005576	0.942
P0DRH1	GO:0005576	0.952
P0DRH2	GO:0005576	0.864
P0DRH3	GO:0005576	0.799
P0DRH4	GO:0005576	0.835
P0DRH5	GO:0005576	0.933
P0DRH6	GO:0005576	0.919
P0DRH7	GO:0005576	0.861
P0DRH7	GO:0005615	0.310
P0DRH8	GO:0005576	0.796
P0DRH9	GO:0005576	0.679
P0DRH9	GO:0005615	0.549
P0DRI0	GO:0005576	0.796
P0DRI0	GO:0005615	0.589
P0DRI1	GO:0005576	0.863
P0DRI1	GO:0005615	0.508
P0DRI2	GO:0005576	0.552
P0DRI2	GO:0005615	0.593
P0DRI3	GO:0005576	0.763
P0DRI3	GO:0005615	0.507
P0DRI4	GO:0005576	0.879
P0DRI6	GO:0005576	0.671
P0DRI6	GO:0005615	0.784
P0DRI7	GO:0005576	0.399
P0DRI7	GO:0048046	0.452
P0DRI8	GO:0005576	0.639
P0DRI8	GO:0005615	0.413
P0DRI9	GO:0005576	0.569
P0DRI9	GO:0005615	0.398
P0DRJ8	GO:0005576	0.878
P0DRJ9	GO:0005576	0.849
P0DRK0	GO:0005576	0.769
P0DRK1	GO:0005576	0.776
P0DRK1	GO:0005615	0.335
P0DRK2	GO:0005576	0.851
P0DRK3	GO:0005576	0.657
P0DRK4	GO:0005576	0.705
P0DRK4	GO:0005615	0.370
P0DRK5	GO:0005576	0.767
P0DRK6	GO:0005576	0.819
P0DRK7	GO:0005576	0.746
P0DRK7	GO:0005615	0.495
P0DRK8	GO:0005576	0.754
P0DRK8	GO:0005615	0.309
P0DRK9	GO:0005576	0.783
P0DRL0	GO:0005576	0.771
P0DRL1	GO:0005576	0.870
P0DRL1	GO:0005615	0.428
P0DRL2	GO:0005576	0.921
P0DRL3	GO:0005576	0.927
P0DRL4	GO:0005576	0.342
P0DRL4	GO:0048046	0.552
P0DRL5	GO:0005576	0.760
P0DRL6	GO:0005576	0.823
P0DRL7	GO:0005576	0.754
P0DRL8	GO:0005576	0.832
P0DRL9	GO:0005576	0.742
P0DRM0	GO:0005576	0.741
P0DRM1	GO:0005576	0.805
P0DRM2	GO:0005576	0.576
P0DRM2	GO:0005615	0.448
P0DRM3	GO:0005576	0.778
P0DRM3	GO:0005615	0.516
P0DRM4	GO:0005576	0.595
P0DRM4	GO:0005615	0.478
P0DXG5	GO:0005886	0.849
P0DXG5	GO:0009274	0.534
P0DXG6	GO:0005886	0.784
P0DXG6	GO:0009274	0.377
P0DXG7	GO:0005829	0.459
P0DXG7	GO:0005886	0.494
P0DXG8	GO:0005886	0.926
P0DXG8	GO:0009274	0.550
P0DXI7	GO:0005634	0.303
P0DXI7	GO:0005829	0.736
P0DXI9	GO:0005634	0.427
P0DXJ1	GO:0005829	0.630
P0DXJ2	GO:0005783	0.516
P0DXJ3	GO:0005634	0.313
P0DXJ3	GO:0005829	0.703
P0DXJ4	GO:0000325	0.584
P0DXJ4	GO:0048046	0.366
P0DXJ4	GO:0099503	0.409
P0DXJ5	GO:0000325	0.470
P0DXJ5	GO:0009505	0.583
P0DXJ5	GO:0009506	0.312
P0DXJ5	GO:0048046	0.597
P0DXJ5	GO:0099503	0.560
P0DXK0	GO:0000145	0.790
P0DXK0	GO:0005886	0.428
P0DXK0	GO:0009504	0.355
P0DXK0	GO:0009506	0.347
P0DXK1	GO:0000145	0.760
P0DXK1	GO:0005829	0.311
P0DXK1	GO:0005886	0.364
P0DXK2	GO:0000145	0.834
P0DXK2	GO:0005829	0.318
P0DXK2	GO:0005886	0.404
P0DXK3	GO:0000145	0.808
P0DXK3	GO:0005886	0.466
P0DXK3	GO:0009504	0.399
P0DXK3	GO:0009506	0.408
P0DXN8	GO:0005829	0.343
P0DXN9	GO:0005634	0.575
P0DXN9	GO:0005737	0.314
P0DXO0	GO:0005634	0.497
P0DXO1	GO:0005634	0.480
P0DXO4	GO:0005634	0.406
P0DXO5	GO:0005634	0.439
P0DXO6	GO:0005634	0.395
P0DXO7	GO:0005829	0.302
P0DXO8	GO:0005634	0.605
P0DXO8	GO:0005654	0.314
P0DXU4	GO:0005576	0.364
P0DXU4	GO:0005886	0.941
P0DXU4	GO:0009274	0.657
P0DXU5	GO:0005886	0.925
P0DXU5	GO:0009274	0.666
P0DXU6	GO:0005576	0.378
P0DXU6	GO:0005886	0.936
P0DXU6	GO:0009274	0.620
P0DXU7	GO:0005886	0.905
P0DXU7	GO:0009274	0.527
P0DXU8	GO:0005576	0.386
P0DXU8	GO:0005886	0.905
P0DXU8	GO:0009274	0.663
P0DXU9	GO:0005783	0.716
P0DXU9	GO:0005789	0.477
P0DXV0	GO:0005783	0.555
P0DXV0	GO:0005789	0.390
P0DXV1	GO:0005829	0.517
P0DXV1	GO:0005886	0.376
P0DXV2	GO:0005829	0.510
P0DXV2	GO:0005886	0.302
P0DXV3	GO:0005829	0.345
P0DXV4	GO:0005829	0.307
P0DXV5	GO:0005783	0.322
P0DXV6	GO:0005783	0.309
P0DXV7	GO:0005829	0.317
P0DXV8	GO:0005739	0.358
P0DXV8	GO:0005829	0.302
P0DXV9	GO:0005829	0.528
P0DXW0	GO:0005783	0.420
P0DXW1	GO:0005783	0.417
P0DXW2	GO:0005783	0.485
P0DXW3	GO:0005576	0.761
P0DXW3	GO:0005615	0.414
P0DXW4	GO:0005576	0.812
P0DXW5	GO:0005576	0.737
P0DXW5	GO:0005615	0.518
P0DXW6	GO:0005576	0.702
P0DXW7	GO:0005576	0.914
P0DXW8	GO:0005576	0.862
P0DXW9	GO:0005576	0.702
P0DXX0	GO:0005576	0.657
P0DXX0	GO:0005615	0.459
P0DXX1	GO:0005576	0.432
P0DXX2	GO:0005576	0.344
P0DXX3	GO:0005576	0.365
P0DXX4	GO:0032993	0.371
P0DXX4	GO:0110001	0.962
P0DXX5	GO:0005829	0.410
P0DXX8	GO:0005829	0.314
P0DXX8	GO:0005886	0.343
P0DXX8	GO:0009274	0.311
P0DXY0	GO:0005634	0.399
P0DXY0	GO:0005829	0.512
P0DXY1	GO:0005829	0.576
P0DXY1	GO:0005886	0.530
P0DXY1	GO:0009274	0.355
P0DXY2	GO:0009279	0.549
P0DXY2	GO:0030288	0.687
P0DXY3	GO:0005829	0.746
P0DXY4	GO:0009536	0.877
P0DXY5	GO:0005829	0.492
P0DXY5	GO:0005832	0.560
P0DXY6	GO:0005829	0.573
P0DXY6	GO:0005832	0.708
P0DXY7	GO:0030288	0.317
P0DXY8	GO:0005829	0.363
P0DXY9	GO:0005829	0.349
P0DXY9	GO:0005886	0.857
P0DXY9	GO:0009274	0.486
P0DXZ0	GO:0005829	0.754
P0DXZ0	GO:0005886	0.472
P0DXZ1	GO:0005829	0.733
P0DXZ2	GO:0005634	0.366
P0DXZ2	GO:0005737	0.321
P0DXZ2	GO:0005829	0.613
P0DXZ3	GO:0005829	0.399
P0DXZ3	GO:0032993	0.590
P0DXZ4	GO:0005576	0.935
P0DXZ5	GO:0005576	0.845
P0DXZ5	GO:0005615	0.320
P0DXZ6	GO:0005576	0.621
P0DXZ7	GO:0005576	0.878
P0DXZ8	GO:0005576	0.879
P0DXZ9	GO:0005576	0.582
P0DY00	GO:0005576	0.922
P0DY01	GO:0005576	0.787
P0DY01	GO:0005615	0.358
P0DY02	GO:0005576	0.912
P0DY03	GO:0005576	0.913
P0DY04	GO:0005576	0.558
P0DY06	GO:0005634	0.328
P0DY06	GO:0005829	0.560
P0DY08	GO:0005829	0.661
P0DY08	GO:0005886	0.350
P0DY09	GO:0005829	0.414
P0DY09	GO:0009274	0.367
P0DY10	GO:0005829	0.414
P0DY10	GO:0005886	0.587
P0DY11	GO:0005829	0.327
P0DY11	GO:0005886	0.503
P0DY11	GO:0009274	0.384
P0DY12	GO:0005829	0.495
P0DY13	GO:0005886	0.694
P0DY14	GO:0005886	0.817
P0DY14	GO:0009274	0.378
P0DY15	GO:0005576	0.915
P0DY16	GO:0005576	0.930
P0DY17	GO:0005576	0.924
P0DY18	GO:0005576	0.944
P0DY19	GO:0005576	0.808
P0DY19	GO:0005615	0.565
P0DY20	GO:0005576	0.328
P0DY21	GO:0005576	0.853
P0DY22	GO:0005576	0.606
P0DY22	GO:0005783	0.309
P0DY23	GO:0005783	0.620
P0DY24	GO:0005576	0.807
P0DY24	GO:0005615	0.529
P0DY25	GO:0005576	0.925
P0DY26	GO:0005576	0.468
P0DY26	GO:0005615	0.519
P0DY27	GO:0005576	0.396
P0DY27	GO:0005615	0.548
P0DY28	GO:0005576	0.375
P0DY28	GO:0009289	0.409
P0DY30	GO:0005886	0.455
P0DY31	GO:0005829	0.331
P0DY31	GO:0005886	0.873
P0DY31	GO:0009274	0.645
P0DY32	GO:0005829	0.301
P0DY32	GO:0005886	0.796
P0DY32	GO:0009274	0.376
P0DY33	GO:0005886	0.852
P0DY33	GO:0009274	0.348
P0DY34	GO:0005886	0.486
P0DY35	GO:0005829	0.385
P0DY35	GO:0005886	0.628
P0DY35	GO:0009274	0.338
P0DY36	GO:0005829	0.314
P0DY36	GO:0005886	0.620
P0DY36	GO:0009274	0.475
P0DY37	GO:0005886	0.741
P0DY38	GO:0005576	0.935
P0DY39	GO:0005576	0.884
P0DY39	GO:0005615	0.314
P0DY40	GO:0005576	0.493
P0DY40	GO:0005615	0.492
P0DY41	GO:0005576	0.842
P0DY41	GO:0005615	0.320
P0DY42	GO:0005576	0.810
P0DY42	GO:0043655	0.465
P0DY43	GO:0005576	0.840
P0DY43	GO:0005615	0.308
P0DY44	GO:0005576	0.825
P0DY44	GO:0005615	0.346
P0DY45	GO:0005886	0.580
P0DY45	GO:0009274	0.428
P0DY46	GO:0005886	0.693
P0DY46	GO:0009274	0.457
P0DY47	GO:0005886	0.671
P0DY47	GO:0009274	0.409
P0DY48	GO:0005886	0.702
P0DY48	GO:0009274	0.423
P0DY49	GO:0005886	0.711
P0DY50	GO:0005886	0.682
P0DY51	GO:0005886	0.718
P0DY51	GO:0009274	0.417
P0DY52	GO:0005829	0.365
P0DY52	GO:0005886	0.539
P0DY52	GO:0009274	0.469
P0DY53	GO:0005886	0.489
P0DY54	GO:0005829	0.569
P0DY55	GO:0005576	0.566
P0DY55	GO:0005615	0.381
P0DY58	GO:0005634	0.307
P0DY58	GO:0005739	0.480
P0DY61	GO:0005634	0.581
P0DY61	GO:0005829	0.463
P0DY62	GO:0005829	0.562
P0DY63	GO:0005829	0.390
P0DY81	GO:0005737	0.351
P0DY81	GO:0005829	0.435
P0DY82	GO:0005829	0.456
P0DY83	GO:0005886	0.600
P0DY89	GO:0005634	0.416
P0DY89	GO:0005829	0.422
P0DY90	GO:0005829	0.516
P0DY90	GO:0022625	0.398
P0DY99	GO:0005576	0.630
P0DY99	GO:0005615	0.307
P0DYA9	GO:0005576	0.801
P0DYA9	GO:0005615	0.400
P0DYB0	GO:0005576	0.726
P0DYB1	GO:0005576	0.864
P0DYB1	GO:0005615	0.365
P0DYB2	GO:0005576	0.817
P0DYB3	GO:0005576	0.863
P0DYB3	GO:0005615	0.322
P0DYB4	GO:0005576	0.811
P71888	GO:0005886	0.716
P71888	GO:0009274	0.337
P72798	GO:0005829	0.547
P74174	GO:0005576	0.699
P78601	GO:0005576	0.644
P78602	GO:0005576	0.719
P78602	GO:0031160	0.406
P79072	GO:0005576	0.786
P79922	GO:0000785	0.418
P79922	GO:0005634	0.767
P79922	GO:0005654	0.389
P96857	GO:0005886	0.796
P9WEE5	GO:0005783	0.358
P9WEE6	GO:0005783	0.509
P9WEE7	GO:0005829	0.314
P9WEE8	GO:0005783	0.616
P9WEE9	GO:0005783	0.559
P9WEE9	GO:0005789	0.302
P9WEF0	GO:0005829	0.330
P9WEF0	GO:0005886	0.407
P9WEF1	GO:0005783	0.540
P9WEF2	GO:0005829	0.443
P9WEF3	GO:0005783	0.375
P9WEF3	GO:0005886	0.330
P9WEF4	GO:0005783	0.357
P9WEF7	GO:0005634	0.318
P9WEF8	GO:0005783	0.548
P9WEF9	GO:0005634	0.935
P9WEG0	GO:0005783	0.565
P9WEG0	GO:0005789	0.305
P9WEG2	GO:0005829	0.521
P9WEG3	GO:0005634	0.491
P9WEG3	GO:0005829	0.438
P9WEG4	GO:0005634	0.352
P9WEG4	GO:0005829	0.631
P9WEG5	GO:0005783	0.520
P9WEG6	GO:0005783	0.362
P9WEG7	GO:0005783	0.350
P9WEJ3	GO:0005634	0.483
P9WEJ3	GO:0005829	0.452
P9WEJ4	GO:0005783	0.577
P9WEJ4	GO:0140595	0.304
P9WEJ5	GO:0005634	0.392
Q00367	GO:0005576	0.704
Q00368	GO:0005811	0.915
Q00368	GO:0005829	0.353
Q00368	GO:0032994	0.508
Q01491	GO:0005634	0.633
Q01491	GO:0005829	0.337
Q01910	GO:0005634	0.460
Q04230	GO:0005886	0.866
Q05AL8	GO:0005634	0.806
Q05AL8	GO:0005654	0.562
Q06K53	GO:0005576	0.641
Q06K53	GO:0005615	0.492
Q06K97	GO:0005576	0.454
Q06K97	GO:0005615	0.344
Q080S8	GO:0005829	0.466
Q08CD9	GO:0005813	0.400
Q08CD9	GO:0070652	0.806
Q08CD9	GO:1990498	0.395
Q0CPG6	GO:0005783	0.474
Q0CPG6	GO:0005789	0.309
Q0CPG7	GO:0005783	0.708
Q0CPG8	GO:0005886	0.306
Q0CPG9	GO:0005739	0.717
Q0E8F2	GO:0005739	0.692
Q0KAA1	GO:0005829	0.613
Q0KKA0	GO:0005576	0.516
Q0KKA0	GO:0009277	0.474
Q0KKA0	GO:0030446	0.832
Q0KKA0	GO:0031160	0.662
Q0R411	GO:0005576	0.840
Q0S4Q9	GO:0005829	0.450
Q0S4Q9	GO:0005886	0.895
Q0S4Q9	GO:0009274	0.583
Q0URD7	GO:0000785	0.511
Q0URD7	GO:0005634	0.825
Q0URD7	GO:0005737	0.366
Q0UTF0	GO:0000785	0.428
Q0UTF0	GO:0005634	0.858
Q0UTF0	GO:0005737	0.328
Q0UTF0	GO:1990243	0.360
Q10GJ1	GO:0005634	0.424
Q10GJ1	GO:0005737	0.319
Q177W0	GO:0005576	0.462
Q177W0	GO:0005615	0.698
Q17NR1	GO:0005576	0.950
Q17NR4	GO:0005576	0.933
Q1D148	GO:0005886	0.824
Q1D148	GO:0009274	0.767
Q1I187	GO:0005576	0.634
Q1I187	GO:0031160	0.771
Q1M0Y5	GO:0005576	0.340
Q1M0Y5	GO:0005615	0.350
Q1MWN4	GO:0005829	0.518
Q1MWN4	GO:0005886	0.460
Q1MWN4	GO:0009274	0.322
Q1PA41	GO:0044174	0.363
Q22419	GO:0005829	0.464
Q22A67	GO:0031514	0.514
Q22A67	GO:0097729	0.313
Q22HI5	GO:0005886	0.384
Q22MS1	GO:0005929	0.514
Q22MV2	GO:0005634	0.342
Q22R86	GO:0005737	0.304
Q23421	GO:1990423	0.557
Q239Y2	GO:0005886	0.345
Q240X9	GO:0005634	0.675
Q240X9	GO:0005737	0.494
Q240X9	GO:0005829	0.439
Q24468	GO:0005886	0.743
Q24468	GO:0048179	0.492
Q24DI9	GO:0005634	0.340
Q24DI9	GO:0005829	0.340
Q26994	GO:0005615	0.322
Q2FXF4	GO:0005886	0.331
Q2FXP4	GO:0042601	0.847
Q2FXP4	GO:0043590	0.354
Q2GPS4	GO:0005829	0.546
Q2GPS5	GO:0005783	0.550
Q2GPS6	GO:0005829	0.448
Q2GPS6	GO:0005886	0.387
Q2GPS7	GO:0005835	0.478
Q2GPS8	GO:0005634	0.642
Q2GPS9	GO:0005576	0.474
Q2GPT0	GO:0005576	0.481
Q2GPT1	GO:0005829	0.445
Q2GPT2	GO:0005829	0.313
Q2GPT3	GO:0005829	0.304
Q2GPT4	GO:0005576	0.410
Q2GPT5	GO:0005886	0.761
Q2GPT6	GO:0005829	0.411
Q2GPT7	GO:0005576	0.435
Q2GPT8	GO:0005886	0.730
Q2HYY9	GO:0005576	0.911
Q2HYY9	GO:0005615	0.379
Q2RBS5	GO:0005739	0.437
Q2RBS5	GO:0005886	0.514
Q2RW95	GO:0005829	0.302
Q2RW95	GO:0005886	0.321
Q2RW96	GO:0005829	0.577
Q2RW97	GO:0005829	0.644
Q2RW97	GO:0005886	0.405
Q2RW98	GO:0005829	0.529
Q2RW98	GO:0005886	0.582
Q2TR58	GO:0030288	0.905
Q2TXQ1	GO:0005634	0.371
Q2TXQ1	GO:0005829	0.576
Q2TXQ9	GO:0005829	0.489
Q2U3W7	GO:0005576	0.676
Q2U3W7	GO:0031160	0.741
Q2UD95	GO:0005737	0.329
Q2UD95	GO:0005829	0.601
Q2UF99	GO:0005829	0.405
Q2YRP4	GO:0032993	0.864
Q31P89	GO:0005829	0.385
Q31P89	GO:0032993	0.495
Q31P89	GO:0043590	0.354
Q31P89	GO:0048476	0.946
Q381V1	GO:0005634	0.365
Q381V1	GO:0005737	0.401
Q381X9	GO:0005634	0.402
Q381X9	GO:0005737	0.322
Q381X9	GO:0020023	0.790
Q381X9	GO:0031019	0.573
Q384J7	GO:0005634	0.482
Q384J7	GO:0005737	0.321
Q384J7	GO:0005829	0.344
Q386F1	GO:0005886	0.684
Q388V7	GO:0005739	0.723
Q388V7	GO:0005759	0.316
Q388V7	GO:0009507	0.445
Q389T1	GO:0000786	0.464
Q389T1	GO:0005634	0.472
Q38CB5	GO:0005737	0.376
Q38CB5	GO:0005829	0.458
Q3HS86	GO:0005576	0.607
Q3HS86	GO:0031160	0.350
Q3HS87	GO:0005576	0.590
Q3J189	GO:0005886	0.482
Q3Y316	GO:0005829	0.665
Q47720	GO:0005737	0.323
Q47720	GO:0005829	0.669
Q4D9P2	GO:0005634	0.308
Q4D9P2	GO:0020023	0.474
Q4FKP8	GO:0005634	0.633
Q4FKP8	GO:0005737	0.364
Q4GYX7	GO:0000786	0.698
Q4GYX7	GO:0000791	0.348
Q4GYX7	GO:0005634	0.648
Q4GYX7	GO:0031934	0.427
Q4GYX7	GO:0043505	0.585
Q4GZF2	GO:0005634	0.462
Q4GZF6	GO:0005829	0.353
Q4J8Q7	GO:0005739	0.309
Q4J8Q7	GO:0005886	0.401
Q4J8R0	GO:0005634	0.448
Q4J8R0	GO:0005739	0.533
Q4J8R1	GO:0005739	0.603
Q4J8R1	GO:0009328	0.544
Q4J8R2	GO:0005634	0.337
Q4J8R2	GO:0005739	0.574
Q4J9A9	GO:0005739	0.791
Q4J9A9	GO:0005759	0.330
Q4JAB6	GO:0005739	0.536
Q4JAB7	GO:0005634	0.521
Q4JC83	GO:0005739	0.672
Q4JC83	GO:0005759	0.381
Q4Q1M7	GO:0005634	0.650
Q4Q1M7	GO:0005737	0.480
Q4Q1M7	GO:0005829	0.644
Q4V835	GO:0005634	0.665
Q4V835	GO:0005654	0.401
Q4W5H0	GO:0005886	0.340
Q4WAY2	GO:0005576	0.554
Q4WBR8	GO:0005576	0.746
Q4WBR8	GO:0031160	0.688
Q4WC31	GO:0005576	0.661
Q4WC31	GO:0005615	0.410
Q4WD22	GO:0009277	0.762
Q4WE63	GO:0000785	0.586
Q4WE63	GO:0005634	0.849
Q4WE63	GO:0005737	0.433
Q4WEK0	GO:0005576	0.303
Q4WEK0	GO:0042025	0.630
Q4WF00	GO:0005576	0.430
Q4WK40	GO:0005634	0.686
Q4WMW2	GO:0009277	0.589
Q4WUQ8	GO:0005634	0.377
Q4WUQ8	GO:0005739	0.311
Q4WUQ8	GO:0005829	0.391
Q4WUQ8	GO:0005886	0.348
Q4WWM8	GO:0005737	0.368
Q4WWM8	GO:0005829	0.365
Q4WWM8	GO:0005886	0.309
Q4WWM8	GO:0032153	0.360
Q4WXE6	GO:0005783	0.413
Q4WXE6	GO:0005886	0.351
Q4WXF4	GO:0005829	0.601
Q4WXF4	GO:0005886	0.331
Q4WXF4	GO:0009507	0.391
Q4WY69	GO:0005634	0.812
Q4WYQ4	GO:0005634	0.715
Q4WYQ4	GO:0005654	0.334
Q4WZV3	GO:0005634	0.323
Q4WZV3	GO:0005737	0.361
Q4WZV3	GO:0005829	0.639
Q4X055	GO:0005576	0.716
Q4X055	GO:0005615	0.414
Q4X055	GO:0020002	0.365
Q53IN4	GO:0005634	0.504
Q53IN4	GO:0005737	0.317
Q53IN4	GO:0005829	0.460
Q54RB8	GO:0005886	0.444
Q54WU1	GO:0005886	0.540
Q55C03	GO:0005886	0.586
Q57V03	GO:0005634	0.371
Q57V03	GO:0020023	0.427
Q57XN4	GO:0005829	0.305
Q57YA3	GO:0000786	0.524
Q57YA3	GO:0000791	0.330
Q57YA3	GO:0005634	0.670
Q57YJ0	GO:0005634	0.532
Q57YS8	GO:0005634	0.469
Q57YS8	GO:0005737	0.414
Q57Z31	GO:0000786	0.508
Q57Z31	GO:0005634	0.550
Q57Z31	GO:0062040	0.310
Q57ZK6	GO:0005634	0.446
Q581Z0	GO:0005634	0.466
Q582T2	GO:0005634	0.742
Q583E0	GO:0005737	0.332
Q583R7	GO:0005634	0.645
Q584I8	GO:0005634	0.468
Q584I8	GO:0005737	0.435
Q586F4	GO:0005634	0.393
Q586F4	GO:0005737	0.325
Q58T34	GO:0005829	0.791
Q59S64	GO:0005634	0.421
Q59S64	GO:0005737	0.430
Q59S64	GO:0005816	0.311
Q59TS6	GO:0005634	0.849
Q5A3L9	GO:0005634	0.695
Q5A3L9	GO:0005737	0.321
Q5A786	GO:0005737	0.339
Q5A786	GO:0005829	0.367
Q5AF55	GO:0005634	0.711
Q5AHE5	GO:0005783	0.373
Q5ALM0	GO:0005634	0.542
Q5ALM0	GO:0005737	0.411
Q5ALM0	GO:0005829	0.712
Q5ALM0	GO:0097268	0.393
Q5ANG4	GO:0005634	0.657
Q5ANI0	GO:0005634	0.513
Q5ANI0	GO:0005737	0.328
Q5ASR7	GO:0005634	0.537
Q5AUU3	GO:0005634	0.489
Q5AUU3	GO:0005737	0.319
Q5AUU3	GO:0005829	0.483
Q5AV79	GO:0005634	0.391
Q5AV79	GO:0005829	0.678
Q5AVZ1	GO:0005576	0.622
Q5AVZ1	GO:0020002	0.416
Q5AY37	GO:0005829	0.396
Q5AY40	GO:0005634	0.767
Q5AY42	GO:0005634	0.614
Q5AZ79	GO:0005576	0.758
Q5AZ79	GO:0031160	0.662
Q5BC93	GO:0005576	0.766
Q5BC93	GO:0031160	0.632
Q5BEU0	GO:0005576	0.618
Q5BEU0	GO:0005615	0.302
Q5CW91	GO:0005739	0.832
Q5CW91	GO:0005743	0.556
Q5D8X4	GO:0005794	0.323
Q5D8X4	GO:0005886	0.516
Q5EP34	GO:0005634	0.341
Q5F6V8	GO:0017117	0.304
Q5F9Y4	GO:0009279	0.549
Q5F9Y4	GO:0030288	0.687
Q5JE51	GO:0005829	0.444
Q5JE51	GO:0022625	0.315
Q5JE51	GO:0022627	0.461
Q5JEV0	GO:0022625	0.843
Q5JFE2	GO:0005634	0.399
Q5JFE2	GO:0005665	0.390
Q5JFE2	GO:0005666	0.544
Q5JFE2	GO:0005736	0.313
Q5JFE2	GO:0005829	0.489
Q5JGN5	GO:0005634	0.408
Q5JGN5	GO:0005829	0.636
Q5JGN5	GO:0022626	0.368
Q5JGN5	GO:0022627	0.785
Q5JHC6	GO:0005739	0.749
Q5JIV0	GO:0005634	0.312
Q5JIV0	GO:0005737	0.300
Q5JIV0	GO:0005829	0.578
Q5JIV0	GO:0005925	0.471
Q5JIV0	GO:0022627	0.482
Q5JIV0	GO:0070062	0.306
Q5JJG6	GO:0005829	0.548
Q5JJG6	GO:0022625	0.862
Q5SC47	GO:0005634	0.304
Q5SC49	GO:0005634	0.508
Q5SC49	GO:0005737	0.443
Q5SC51	GO:0005886	0.450
Q5SC54	GO:0005739	0.419
Q5SZ93	GO:0005886	0.670
Q5U2T9	GO:0005634	0.342
Q5U2T9	GO:0005737	0.310
Q5U2T9	GO:0005829	0.539
Q5U3T5	GO:0005634	0.810
Q5U3T5	GO:0005654	0.536
Q63J58	GO:0005576	0.419
Q63JA0	GO:0005886	0.957
Q63PD0	GO:0005886	0.877
Q63YU2	GO:0030288	0.805
Q63YU2	GO:0042597	0.332
Q63ZW6	GO:0005576	0.748
Q63ZW6	GO:0005587	0.944
Q63ZW6	GO:0005604	0.621
Q63ZW6	GO:0005788	0.415
Q63ZW6	GO:0031012	0.877
Q64845	GO:0005634	0.502
Q64845	GO:0005737	0.422
Q66ID3	GO:0005634	0.581
Q66ID3	GO:0005654	0.437
Q66ID3	GO:0005730	0.754
Q6CVH2	GO:0005634	0.722
Q6CVH2	GO:0043626	0.949
Q6FKR3	GO:0005634	0.733
Q6FKR3	GO:0005737	0.619
Q6FNA9	GO:0005634	0.615
Q6FNA9	GO:0005737	0.502
Q6FNA9	GO:0005829	0.311
Q6I6C7	GO:0030288	0.898
Q6I6C7	GO:0042597	0.420
Q6LX38	GO:0005829	0.540
Q6LX38	GO:0005832	0.729
Q6LX55	GO:0005829	0.380
Q6LXX7	GO:0005829	0.544
Q6LZC0	GO:0005886	0.373
Q6M0N3	GO:0005886	0.475
Q6M0N4	GO:0005886	0.539
Q6M0N7	GO:0005886	0.361
Q6M0N8	GO:0005886	0.348
Q6MWX1	GO:0005576	0.384
Q6MWX1	GO:0009274	0.480
Q6NKR8	GO:0005634	0.436
Q6NKR8	GO:0005886	0.378
Q6NKR8	GO:0009506	0.322
Q6NKR8	GO:0009524	0.301
Q6NKR8	GO:0055028	0.346
Q6PHP4	GO:0005634	0.624
Q6PHP4	GO:0005654	0.516
Q6TDU5	GO:0005829	0.566
Q6TDU5	GO:0005886	0.384
Q6TDU5	GO:0016020	0.311
Q6UXT6	GO:0005886	0.923
Q6XEC0	GO:0030288	0.948
Q6YD93	GO:0005576	0.704
Q6YF29	GO:0005576	0.648
Q6YF30	GO:0005576	0.817
Q6YF31	GO:0005576	0.709
Q6YF31	GO:0031160	0.447
Q6YF32	GO:0005576	0.675
Q6YF32	GO:0031160	0.587
Q6ZI01	GO:0005634	0.502
Q6ZI01	GO:0062074	0.412
Q70KH3	GO:0005886	0.775
Q70KH3	GO:0009274	0.324
Q70KH6	GO:0005886	0.718
Q70KH6	GO:0009274	0.525
Q716G6	GO:0005576	0.356
Q716G6	GO:0031012	0.512
Q73LY9	GO:0005886	0.342
Q75LV6	GO:0000151	0.338
Q75LV6	GO:0005634	0.521
Q75LV6	GO:0005737	0.339
Q75T84	GO:0005576	0.711
Q75T84	GO:0031160	0.330
Q7CYC6	GO:0005886	0.752
Q7CYK9	GO:0005886	0.624
Q7DDD9	GO:0032993	0.520
Q7K003	GO:0000785	0.317
Q7K003	GO:0005634	0.802
Q7K003	GO:0035267	0.633
Q7KN92	GO:0000139	0.647
Q7KN92	GO:0005794	0.381
Q7LXJ7	GO:0005739	0.475
Q7LXK6	GO:0005739	0.761
Q7PPZ8	GO:0005576	0.301
Q7PPZ8	GO:0005615	0.478
Q7PRX9	GO:0005576	0.340
Q7PRX9	GO:0005615	0.416
Q7Q5J5	GO:0005634	0.313
Q7Q5J5	GO:0005737	0.522
Q7Q5J5	GO:0005829	0.420
Q7S3P5	GO:0005576	0.672
Q7YXK5	GO:0005576	0.905
Q7YXK5	GO:0005615	0.387
Q7Z9L4	GO:0009277	0.485
Q7Z9L5	GO:0005576	0.636
Q7ZW18	GO:0005783	0.313
Q7ZW18	GO:0005886	0.506
Q7ZW18	GO:0016529	0.447
Q7ZW18	GO:0033017	0.315
Q814Z4	GO:0005829	0.657
Q814Z5	GO:0005737	0.330
Q814Z5	GO:0005829	0.594
Q820A8	GO:0005886	0.692
Q82ZE0	GO:0005829	0.308
Q834T0	GO:0005829	0.358
Q834T0	GO:0042601	0.597
Q836G2	GO:0005737	0.314
Q836G2	GO:0005829	0.463
Q83XP3	GO:0005886	0.690
Q83XP3	GO:0009274	0.555
Q83YH3	GO:0005886	0.834
Q86PT9	GO:0005576	0.351
Q86PT9	GO:0005615	0.804
Q8CWM9	GO:0043590	0.396
Q8GY45	GO:0005634	0.438
Q8GY45	GO:0005886	0.702
Q8I299	GO:0005886	0.575
Q8I397	GO:0005739	0.347
Q8I3A2	GO:0005739	0.434
Q8I3A2	GO:0020011	0.915
Q8I3M7	GO:0005886	0.532
Q8I415	GO:0005739	0.623
Q8I415	GO:0020011	0.866
Q8I5Q6	GO:0005739	0.675
Q8I5Q6	GO:0045335	0.542
Q8IAM2	GO:0005634	0.504
Q8IAM2	GO:0005737	0.571
Q8IAM2	GO:0005829	0.512
Q8II12	GO:0005886	0.406
Q8II12	GO:0020020	0.324
Q8II87	GO:0005737	0.451
Q8II87	GO:0005811	0.328
Q8IJ32	GO:0005737	0.457
Q8IJI1	GO:0005886	0.630
Q8IJK2	GO:0000407	0.343
Q8IJK2	GO:0000421	0.855
Q8IJK2	GO:0005737	0.331
Q8IJK2	GO:0005776	0.965
Q8IJK2	GO:0005829	0.472
Q8IJM5	GO:0005634	0.611
Q8IJM5	GO:0005737	0.478
Q8IKT4	GO:0005739	0.702
Q8IKT4	GO:0020011	0.698
Q8IL48	GO:0005634	0.349
Q8IL48	GO:0005737	0.473
Q8IL80	GO:0005634	0.476
Q8IL80	GO:0005737	0.495
Q8IL80	GO:0005829	0.624
Q8ILY1	GO:0020011	0.533
Q8KN66	GO:0005829	0.667
Q8L443	GO:0005634	0.512
Q8L443	GO:0005886	0.611
Q8MVC4	GO:0005576	0.378
Q8MVC4	GO:0005615	0.359
Q8MXG1	GO:0005783	0.759
Q8MXG1	GO:0005789	0.369
Q8QV65	GO:0005886	0.455
Q8QV69	GO:0005634	0.375
Q8RI81	GO:0005634	0.346
Q8RI81	GO:0005737	0.354
Q8RI81	GO:0020020	0.593
Q8SBJ2	GO:0005829	0.478
Q8SYK4	GO:0031083	0.408
Q8TZM6	GO:0005634	0.392
Q8TZM6	GO:0005665	0.494
Q8TZM6	GO:0005666	0.576
Q8TZM6	GO:0005829	0.435
Q8U0T4	GO:0005634	0.397
Q8U0T4	GO:0005829	0.558
Q8U0T4	GO:0022627	0.616
Q8U3B0	GO:0005739	0.582
Q8U3G4	GO:0005739	0.777
Q8U594	GO:0005886	0.694
Q8U5I9	GO:0005886	0.585
Q8UET8	GO:0005886	0.666
Q8VEZ1	GO:0005886	0.907
Q8W570	GO:0005634	0.523
Q8W570	GO:0005829	0.311
Q8W570	GO:0030894	0.637
Q8W570	GO:0034098	0.978
Q8W570	GO:0036501	0.715
Q8X1N0	GO:0005576	0.755
Q8X1T7	GO:0005576	0.622
Q8X1T7	GO:0020002	0.503
Q8X1T8	GO:0005576	0.640
Q8X1T8	GO:0020002	0.322
Q8X1T9	GO:0005576	0.533
Q8X1T9	GO:0020002	0.315
Q8XAN6	GO:0005634	0.383
Q8XAN6	GO:0005737	0.430
Q8XAN6	GO:0005829	0.437
Q8ZL97	GO:0005829	0.381
Q8ZL97	GO:0032993	0.396
Q8ZL97	GO:0110001	0.983
Q8ZL98	GO:0005829	0.448
Q8ZR64	GO:0005829	0.325
Q8ZR64	GO:0030430	0.454
Q92234	GO:0005576	0.311
Q92234	GO:0005615	0.520
Q92234	GO:0042025	0.324
Q92PZ7	GO:0005829	0.380
Q92PZ7	GO:0032993	0.708
Q92ZP7	GO:0005829	0.402
Q92ZP7	GO:0005886	0.423
Q92ZP8	GO:0005829	0.486
Q92ZP9	GO:0005829	0.486
Q95ZD7	GO:0005634	0.643
Q95ZD7	GO:0005737	0.480
Q95ZD7	GO:0005829	0.652
Q963F7	GO:0005634	0.332
Q963F7	GO:0005829	0.501
Q97U12	GO:0005739	0.859
Q97Z82	GO:0005739	0.678
Q97ZH4	GO:0005829	0.493
Q97ZH4	GO:0022625	0.698
Q97ZH4	GO:0022627	0.389
Q97ZJ8	GO:0000262	0.316
Q97ZJ8	GO:0005739	0.678
Q97ZR1	GO:0005829	0.595
Q97ZR1	GO:0022627	0.887
Q980C5	GO:0005739	0.937
Q980C5	GO:0005759	0.377
Q980F7	GO:0005634	0.429
Q980F7	GO:0005829	0.476
Q980F7	GO:0022627	0.630
Q980J6	GO:0009536	0.397
Q980V0	GO:0005666	0.334
Q980V0	GO:0022627	0.324
Q98500	GO:0005634	0.478
Q988D3	GO:0005829	0.450
Q988D3	GO:0005886	0.753
Q988D3	GO:0009274	0.527
Q98TY6	GO:0005737	0.497
Q98TY6	GO:0005829	0.631
Q98TY6	GO:0005886	0.333
Q9AUD8	GO:0005783	0.305
Q9AYZ3	GO:0005576	0.561
Q9AYZ3	GO:0031012	0.359
Q9BIM7	GO:0005576	0.448
Q9BIM7	GO:0005615	0.346
Q9BJ36	GO:0005739	0.844
Q9BJ36	GO:0005743	0.598
Q9BJ36	GO:0005886	0.313
Q9C2X0	GO:0005576	0.592
Q9C2X0	GO:0030446	0.358
Q9C2X0	GO:0031160	0.365
Q9C7T1	GO:0005634	0.499
Q9C7T1	GO:0005886	0.602
Q9CZP3	GO:0005634	0.603
Q9CZP3	GO:0005654	0.341
Q9D5B7	GO:0005886	0.327
Q9DAE2	GO:0005634	0.619
Q9DAE2	GO:0005654	0.569
Q9DAE2	GO:0016607	0.427
Q9DAE2	GO:0044530	0.458
Q9DQA5	GO:0005634	0.499
Q9DQA5	GO:0005737	0.442
Q9F7D7	GO:0005737	0.374
Q9F7D7	GO:0005829	0.744
Q9F7D8	GO:0005829	0.768
Q9F7E3	GO:0005829	0.495
Q9F7E4	GO:0005829	0.431
Q9FD33	GO:0005829	0.578
Q9FD36	GO:0005829	0.524
Q9FD36	GO:0110001	0.319
Q9FKQ7	GO:0005634	0.443
Q9FKQ7	GO:0005886	0.733
Q9FRR2	GO:0005874	0.617
Q9FRR2	GO:0009506	0.326
Q9FRR2	GO:0009524	0.648
Q9FRR2	GO:0055028	0.825
Q9GTP4	GO:0005886	0.744
Q9GTP5	GO:0005886	0.758
Q9HDD5	GO:0005576	0.528
Q9HSN1	GO:0005829	0.336
Q9HSN1	GO:0005886	0.438
Q9HSN1	GO:0009274	0.466
Q9J4L4	GO:0005739	0.438
Q9JN36	GO:0005829	0.362
Q9JXC6	GO:0005634	0.493
Q9JXC6	GO:0005829	0.525
Q9K0P4	GO:0005829	0.538
Q9KJT3	GO:0005886	0.663
Q9KN86	GO:0030288	0.788
Q9KU93	GO:0030288	0.839
Q9KUL5	GO:0030288	0.778
Q9KZP3	GO:0005886	0.868
Q9L391	GO:0005829	0.407
Q9L392	GO:0005829	0.638
Q9L393	GO:0005829	0.686
Q9LZE4	GO:0005634	0.345
Q9LZE4	GO:0005829	0.548
Q9M1Q2	GO:0005886	0.891
Q9MBY2	GO:0005829	0.398
Q9MBY2	GO:0110001	0.809
Q9MCT0	GO:0005886	0.331
Q9MCT0	GO:0110001	0.668
Q9MCT1	GO:0005886	0.420
Q9NBV4	GO:0005886	0.751
Q9P8S9	GO:0005576	0.579
Q9P8S9	GO:0020002	0.301
Q9P8T0	GO:0005576	0.675
Q9R2F4	GO:0005829	0.509
Q9RHD7	GO:0005829	0.707
Q9RUM0	GO:0005886	0.376
Q9RVT2	GO:0005576	0.465
Q9RVT2	GO:0005615	0.417
Q9SJV0	GO:0005634	0.491
Q9SJV0	GO:0030894	0.408
Q9SJV0	GO:0034098	0.958
Q9SJV0	GO:0036501	0.781
Q9SKA8	GO:0005634	0.348
Q9SKA8	GO:0005886	0.307
Q9SKA8	GO:0009524	0.496
Q9SKA8	GO:0055028	0.528
Q9SMW3	GO:0009505	0.485
Q9SWW0	GO:0005739	0.835
Q9SWW0	GO:0009507	0.363
Q9SX57	GO:0005886	0.842
Q9T0K8	GO:0005634	0.346
Q9T0K8	GO:0005874	0.606
Q9T0K8	GO:0009524	0.674
Q9T0K8	GO:0055028	0.825
Q9U232	GO:0005634	0.316
Q9UVF9	GO:0005576	0.770
Q9VAM5	GO:0005634	0.732
Q9VAM5	GO:0005700	0.318
Q9VAQ8	GO:0000139	0.379
Q9VBL5	GO:0005794	0.789
Q9VGV8	GO:0005634	0.491
Q9VGV8	GO:0005737	0.353
Q9VIA5	GO:0005886	0.373
Q9VJ31	GO:0005634	0.339
Q9VJ31	GO:0005829	0.748
Q9VQG9	GO:0005576	0.319
Q9VQG9	GO:0005615	0.699
Q9VQK4	GO:0000139	0.579
Q9VQK4	GO:0005768	0.303
Q9VQK4	GO:0005794	0.704
Q9VQK4	GO:0005802	0.378
Q9VQK9	GO:0005794	0.482
Q9VW78	GO:0005886	0.561
Q9VWS0	GO:0005634	0.777
Q9VXM0	GO:0005886	0.704
Q9VXM0	GO:0009986	0.367
Q9W365	GO:0005886	0.640
Q9W365	GO:0017146	0.325
Q9W365	GO:0098978	0.319
Q9WAF5	GO:0005886	0.448
Q9WYV6	GO:0005634	0.431
Q9WYV6	GO:0005829	0.622
Q9Y7G9	GO:0005576	0.648
Q9Y7G9	GO:0020002	0.408
Q9Y7H0	GO:0005576	0.617
Q9Y7H0	GO:0020002	0.617
Q9Y8F0	GO:0005576	0.742
Q9Y8F0	GO:0031160	0.543
Q9ZIH2	GO:0005886	0.662
Q9ZPL5	GO:0009507	0.951
Q9ZPL5	GO:0009570	0.801
Q9ZUB7	GO:0005634	0.458
Q9ZUB7	GO:0005874	0.331
Q9ZUB7	GO:0009524	0.524
Q9ZUB7	GO:0055028	0.569
Q9ZW72	GO:0005886	0.853
R4H5E1	GO:0005576	0.728
R9UC00	GO:0005576	0.942
R9UC04	GO:0005576	0.938
R9UC06	GO:0005576	0.947
R9UC10	GO:0005576	0.582
R9UCX1	GO:0005576	0.948
R9UE59	GO:0005576	0.925
R9UE63	GO:0005576	0.943
R9UE65	GO:0005576	0.941
R9UE68	GO:0005576	0.946
R9UFE0	GO:0005576	0.930
R9UFE4	GO:0005576	0.932
R9UFJ8	GO:0005576	0.942
S0ENW0	GO:0005634	0.504
S0ENW0	GO:0005737	0.317
S0ENW0	GO:0005829	0.460
S3DQQ9	GO:0005634	0.762
S3DQQ9	GO:0005737	0.478
S8ESV1	GO:0005739	0.398
S8EUF0	GO:0005737	0.416
S8EUF0	GO:0005829	0.382
S8EXU2	GO:0005739	0.586
S8EYU3	GO:0005737	0.325
S8EYU3	GO:0005739	0.362
S8EYU3	GO:0005829	0.411
S8EYU3	GO:0048471	0.303
S8EYU3	GO:0098835	0.301
S8F0G9	GO:0005737	0.306
S8F0G9	GO:0005829	0.359
S8F357	GO:0005886	0.320
S8F527	GO:0005739	0.402
S8GI44	GO:0005737	0.305
T2BMW7	GO:0000785	0.322
T2BMW7	GO:0005634	0.805
U4PLN7	GO:0005737	0.391
U6KQJ2	GO:0005615	0.333
U6KS09	GO:0005886	0.302
V5H924	GO:0005576	0.456
V5H924	GO:0005615	0.811
V9LFM0	GO:0032437	0.370
V9TNS0	GO:0005829	0.726
V9TNS0	GO:0005886	0.340
V9TS54	GO:0005576	0.651
V9TS54	GO:0005615	0.470
V9TT49	GO:0005829	0.720
W1Q703	GO:0005634	0.478
W1Q703	GO:0005829	0.576
W1Q703	GO:0045335	0.364
W1Q7S6	GO:0005739	0.702
W1QAK2	GO:0005783	0.733
W1QAK2	GO:0032541	0.328
W1QB31	GO:0005634	0.481
W1QB31	GO:0005737	0.390
W1QB31	GO:0005829	0.714
W1QB31	GO:1990140	0.792
W1QDJ3	GO:0005634	0.452
W1QDJ3	GO:0005737	0.418
W1QDJ3	GO:0005829	0.413
W1QDU5	GO:0005783	0.565
W1QET1	GO:0005634	0.398
W1QET1	GO:0005829	0.557
W1QGQ0	GO:0005634	0.721
W1QGQ0	GO:0005737	0.342
W1QGQ0	GO:0005829	0.655
W1QHP2	GO:0005783	0.760
W1QJK0	GO:0005739	0.470
W1QJK0	GO:0005829	0.373
W1QL91	GO:0005783	0.715
W6JLV4	GO:0005634	0.620
W6JLV4	GO:0005829	0.383
W6JPP9	GO:0005634	0.337
W6JPP9	GO:0005829	0.531
W6QKQ9	GO:0005634	0.322
W6QKQ9	GO:0005777	0.573
W6QKQ9	GO:0005829	0.425
W6QN79	GO:0005739	0.359
W6QN79	GO:0005829	0.336
W6QN83	GO:0005576	0.590
W6QTE8	GO:0005829	0.394
W6QTF2	GO:0005634	0.921
W6R6G5	GO:0005783	0.502
W6R6G5	GO:0005789	0.311
W6R6H0	GO:0005783	0.672
W6R6H4	GO:0005634	0.343
W6R6H4	GO:0005829	0.634
W7L9C2	GO:0005783	0.558
W7MMJ4	GO:0005886	0.882
W7MMJ4	GO:0071944	0.355
W7N6P5	GO:0005634	0.807
W7XJB1	GO:0005737	0.361
W8NQ71	GO:0005576	0.775
W8NXX4	GO:0005576	0.819
W8NXX4	GO:0005615	0.352
W8P1J0	GO:0005576	0.594
W8P1J0	GO:0005615	0.339
X0JZ91	GO:0000935	0.326
X0JZ91	GO:0005829	0.385
X0JZ91	GO:0005886	0.412
X0JZ91	GO:0032153	0.575
X0JZ91	GO:0035841	0.424
X0JZ91	GO:0051285	0.450
X0JZ91	GO:0051286	0.463
X0JZ91	GO:1902716	0.338
X1WBN4	GO:0005615	0.303
